

     JSBSim Flight Dynamics Model v1.3.0 [GitHub build 1742/commit 01ea7816288dce9e9f6a1a6dc048014bc65d699e] Apr  9 2026 10:02:36
            [JSBSim-ML v2.0]

JSBSim startup beginning ...

Engine location ignored, only thruster location is used.
Engine orientation ignored, only thruster orientation is used.
Engine location ignored, only thruster location is used.
Engine orientation ignored, only thruster orientation is used.
Engine location ignored, only thruster location is used.
Engine orientation ignored, only thruster orientation is used.
Engine location ignored, only thruster location is used.
Engine orientation ignored, only thruster orientation is used.
Engine location ignored, only thruster location is used.
Engine orientation ignored, only thruster orientation is used.
Engine location ignored, only thruster location is used.
Engine orientation ignored, only thruster orientation is used.
Engine location ignored, only thruster location is used.
Engine orientation ignored, only thruster orientation is used.
Engine location ignored, only thruster location is used.
Engine orientation ignored, only thruster orientation is used.
Engine location ignored, only thruster location is used.
Engine orientation ignored, only thruster orientation is used.
Engine location ignored, only thruster location is used.
Engine orientation ignored, only thruster orientation is used.
Engine location ignored, only thruster location is used.
Engine orientation ignored, only thruster orientation is used.
Engine location ignored, only thruster location is used.
Engine orientation ignored, only thruster orientation is used.
Engine location ignored, only thruster location is used.
Engine orientation ignored, only thruster orientation is used.
Engine location ignored, only thruster location is used.
Engine orientation ignored, only thruster orientation is used.
Engine location ignored, only thruster location is used.
Engine orientation ignored, only thruster orientation is used.
Engine location ignored, only thruster location is used.
Engine orientation ignored, only thruster orientation is used.
Engine location ignored, only thruster location is used.
Engine orientation ignored, only thruster orientation is used.
Engine location ignored, only thruster location is used.
Engine orientation ignored, only thruster orientation is used.
Engine location ignored, only thruster location is used.
Engine orientation ignored, only thruster orientation is used.
Engine location ignored, only thruster location is used.
Engine orientation ignored, only thruster orientation is used.
Engine location ignored, only thruster location is used.
Engine orientation ignored, only thruster orientation is used.
Engine location ignored, only thruster location is used.
Engine orientation ignored, only thruster orientation is used.
Engine location ignored, only thruster location is used.
Engine orientation ignored, only thruster orientation is used.
Engine location ignored, only thruster location is used.
Engine orientation ignored, only thruster orientation is used.
Engine location ignored, only thruster location is used.
Engine orientation ignored, only thruster orientation is used.
Engine location ignored, only thruster location is used.
Engine orientation ignored, only thruster orientation is used.
Engine location ignored, only thruster location is used.
Engine orientation ignored, only thruster orientation is used.
Engine location ignored, only thruster location is used.
Engine orientation ignored, only thruster orientation is used.
Engine location ignored, only thruster location is used.
Engine orientation ignored, only thruster orientation is used.
Engine location ignored, only thruster location is used.
Engine orientation ignored, only thruster orientation is used.
Engine location ignored, only thruster location is used.
Engine orientation ignored, only thruster orientation is used.
Engine location ignored, only thruster location is used.
Engine orientation ignored, only thruster orientation is used.
Engine location ignored, only thruster location is used.
Engine orientation ignored, only thruster orientation is used.
Engine location ignored, only thruster location is used.
Engine orientation ignored, only thruster orientation is used.
Engine location ignored, only thruster location is used.
Engine orientation ignored, only thruster orientation is used.
Engine location ignored, only thruster location is used.
Engine orientation ignored, only thruster orientation is used.
Engine location ignored, only thruster location is used.
Engine orientation ignored, only thruster orientation is used.
Engine location ignored, only thruster location is used.
Engine orientation ignored, only thruster orientation is used.
Engine location ignored, only thruster location is used.
Engine orientation ignored, only thruster orientation is used.
Engine location ignored, only thruster location is used.
Engine orientation ignored, only thruster orientation is used.
Engine location ignored, only thruster location is used.
Engine orientation ignored, only thruster orientation is used.
Engine location ignored, only thruster location is used.
Engine orientation ignored, only thruster orientation is used.
Engine location ignored, only thruster location is used.
Engine orientation ignored, only thruster orientation is used.
Engine location ignored, only thruster location is used.
Engine orientation ignored, only thruster orientation is used.
Engine location ignored, only thruster location is used.
Engine orientation ignored, only thruster orientation is used.
Engine location ignored, only thruster location is used.
Engine orientation ignored, only thruster orientation is used.
⚠ 취약점 anchor_aggressive/blue 상대개입 t0=16 gun → 챔프 Δ-3.9 health_zero@37s
Engine location ignored, only thruster location is used.
Engine orientation ignored, only thruster orientation is used.
Engine location ignored, only thruster location is used.
Engine orientation ignored, only thruster orientation is used.
⚠ 취약점 anchor_aggressive/blue 상대개입 t0=16 lag → 챔프 Δ-0.4 health_zero@34s
Engine location ignored, only thruster location is used.
Engine orientation ignored, only thruster orientation is used.
Engine location ignored, only thruster location is used.
Engine orientation ignored, only thruster orientation is used.
Engine location ignored, only thruster location is used.
Engine orientation ignored, only thruster orientation is used.
Engine location ignored, only thruster location is used.
Engine orientation ignored, only thruster orientation is used.
Engine location ignored, only thruster location is used.
Engine orientation ignored, only thruster orientation is used.
Engine location ignored, only thruster location is used.
Engine orientation ignored, only thruster orientation is used.
⚠ 취약점 anchor_aggressive/blue 상대개입 t0=16 gun_pure → 챔프 Δ-4.2 health_zero@38s
Engine location ignored, only thruster location is used.
Engine orientation ignored, only thruster orientation is used.
Engine location ignored, only thruster location is used.
Engine orientation ignored, only thruster orientation is used.
Engine location ignored, only thruster location is used.
Engine orientation ignored, only thruster orientation is used.
Engine location ignored, only thruster location is used.
Engine orientation ignored, only thruster orientation is used.
Engine location ignored, only thruster location is used.
Engine orientation ignored, only thruster orientation is used.
Engine location ignored, only thruster location is used.
Engine orientation ignored, only thruster orientation is used.
Engine location ignored, only thruster location is used.
Engine orientation ignored, only thruster orientation is used.
Engine location ignored, only thruster location is used.
Engine orientation ignored, only thruster orientation is used.
Engine location ignored, only thruster location is used.
Engine orientation ignored, only thruster orientation is used.
Engine location ignored, only thruster location is used.
Engine orientation ignored, only thruster orientation is used.
Engine location ignored, only thruster location is used.
Engine orientation ignored, only thruster orientation is used.
Engine location ignored, only thruster location is used.
Engine orientation ignored, only thruster orientation is used.
Engine location ignored, only thruster location is used.
Engine orientation ignored, only thruster orientation is used.
Engine location ignored, only thruster location is used.
Engine orientation ignored, only thruster orientation is used.
Engine location ignored, only thruster location is used.
Engine orientation ignored, only thruster orientation is used.
Engine location ignored, only thruster location is used.
Engine orientation ignored, only thruster orientation is used.
Engine location ignored, only thruster location is used.
Engine orientation ignored, only thruster orientation is used.
Engine location ignored, only thruster location is used.
Engine orientation ignored, only thruster orientation is used.
Engine location ignored, only thruster location is used.
Engine orientation ignored, only thruster orientation is used.
Engine location ignored, only thruster location is used.
Engine orientation ignored, only thruster orientation is used.
Engine location ignored, only thruster location is used.
Engine orientation ignored, only thruster orientation is used.
Engine location ignored, only thruster location is used.
Engine orientation ignored, only thruster orientation is used.
Engine location ignored, only thruster location is used.
Engine orientation ignored, only thruster orientation is used.
Engine location ignored, only thruster location is used.
Engine orientation ignored, only thruster orientation is used.
Engine location ignored, only thruster location is used.
Engine orientation ignored, only thruster orientation is used.
Engine location ignored, only thruster location is used.
Engine orientation ignored, only thruster orientation is used.
Engine location ignored, only thruster location is used.
Engine orientation ignored, only thruster orientation is used.
Engine location ignored, only thruster location is used.
Engine orientation ignored, only thruster orientation is used.
Engine location ignored, only thruster location is used.
Engine orientation ignored, only thruster orientation is used.
Engine location ignored, only thruster location is used.
Engine orientation ignored, only thruster orientation is used.
Engine location ignored, only thruster location is used.
Engine orientation ignored, only thruster orientation is used.
Engine location ignored, only thruster location is used.
Engine orientation ignored, only thruster orientation is used.
Engine location ignored, only thruster location is used.
Engine orientation ignored, only thruster orientation is used.
Engine location ignored, only thruster location is used.
Engine orientation ignored, only thruster orientation is used.
Engine location ignored, only thruster location is used.
Engine orientation ignored, only thruster orientation is used.
Engine location ignored, only thruster location is used.
Engine orientation ignored, only thruster orientation is used.
Engine location ignored, only thruster location is used.
Engine orientation ignored, only thruster orientation is used.
Engine location ignored, only thruster location is used.
Engine orientation ignored, only thruster orientation is used.
Engine location ignored, only thruster location is used.
Engine orientation ignored, only thruster orientation is used.
Engine location ignored, only thruster location is used.
Engine orientation ignored, only thruster orientation is used.
Engine location ignored, only thruster location is used.
Engine orientation ignored, only thruster orientation is used.
Engine location ignored, only thruster location is used.
Engine orientation ignored, only thruster orientation is used.
Engine location ignored, only thruster location is used.
Engine orientation ignored, only thruster orientation is used.
Engine location ignored, only thruster location is used.
Engine orientation ignored, only thruster orientation is used.
Engine location ignored, only thruster location is used.
Engine orientation ignored, only thruster orientation is used.
Engine location ignored, only thruster location is used.
Engine orientation ignored, only thruster orientation is used.
Engine location ignored, only thruster location is used.
Engine orientation ignored, only thruster orientation is used.
Engine location ignored, only thruster location is used.
Engine orientation ignored, only thruster orientation is used.
Engine location ignored, only thruster location is used.
Engine orientation ignored, only thruster orientation is used.
Engine location ignored, only thruster location is used.
Engine orientation ignored, only thruster orientation is used.
Engine location ignored, only thruster location is used.
Engine orientation ignored, only thruster orientation is used.
Engine location ignored, only thruster location is used.
Engine orientation ignored, only thruster orientation is used.
Engine location ignored, only thruster location is used.
Engine orientation ignored, only thruster orientation is used.
Engine location ignored, only thruster location is used.
Engine orientation ignored, only thruster orientation is used.
Engine location ignored, only thruster location is used.
Engine orientation ignored, only thruster orientation is used.
Engine location ignored, only thruster location is used.
Engine orientation ignored, only thruster orientation is used.
Engine location ignored, only thruster location is used.
Engine orientation ignored, only thruster orientation is used.
Engine location ignored, only thruster location is used.
Engine orientation ignored, only thruster orientation is used.
Engine location ignored, only thruster location is used.
Engine orientation ignored, only thruster orientation is used.
Engine location ignored, only thruster location is used.
Engine orientation ignored, only thruster orientation is used.
Engine location ignored, only thruster location is used.
Engine orientation ignored, only thruster orientation is used.
Engine location ignored, only thruster location is used.
Engine orientation ignored, only thruster orientation is used.
Engine location ignored, only thruster location is used.
Engine orientation ignored, only thruster orientation is used.
Engine location ignored, only thruster location is used.
Engine orientation ignored, only thruster orientation is used.
Engine location ignored, only thruster location is used.
Engine orientation ignored, only thruster orientation is used.
Engine location ignored, only thruster location is used.
Engine orientation ignored, only thruster orientation is used.
Engine location ignored, only thruster location is used.
Engine orientation ignored, only thruster orientation is used.
Engine location ignored, only thruster location is used.
Engine orientation ignored, only thruster orientation is used.
Engine location ignored, only thruster location is used.
Engine orientation ignored, only thruster orientation is used.
Engine location ignored, only thruster location is used.
Engine orientation ignored, only thruster orientation is used.
Engine location ignored, only thruster location is used.
Engine orientation ignored, only thruster orientation is used.
Engine location ignored, only thruster location is used.
Engine orientation ignored, only thruster orientation is used.
Engine location ignored, only thruster location is used.
Engine orientation ignored, only thruster orientation is used.
Engine location ignored, only thruster location is used.
Engine orientation ignored, only thruster orientation is used.
Engine location ignored, only thruster location is used.
Engine orientation ignored, only thruster orientation is used.
Engine location ignored, only thruster location is used.
Engine orientation ignored, only thruster orientation is used.
Engine location ignored, only thruster location is used.
Engine orientation ignored, only thruster orientation is used.
Engine location ignored, only thruster location is used.
Engine orientation ignored, only thruster orientation is used.
Engine location ignored, only thruster location is used.
Engine orientation ignored, only thruster orientation is used.
Engine location ignored, only thruster location is used.
Engine orientation ignored, only thruster orientation is used.
Engine location ignored, only thruster location is used.
Engine orientation ignored, only thruster orientation is used.
Engine location ignored, only thruster location is used.
Engine orientation ignored, only thruster orientation is used.
Engine location ignored, only thruster location is used.
Engine orientation ignored, only thruster orientation is used.
Engine location ignored, only thruster location is used.
Engine orientation ignored, only thruster orientation is used.
Engine location ignored, only thruster location is used.
Engine orientation ignored, only thruster orientation is used.
Engine location ignored, only thruster location is used.
Engine orientation ignored, only thruster orientation is used.
Engine location ignored, only thruster location is used.
Engine orientation ignored, only thruster orientation is used.
Engine location ignored, only thruster location is used.
Engine orientation ignored, only thruster orientation is used.
Engine location ignored, only thruster location is used.
Engine orientation ignored, only thruster orientation is used.
Engine location ignored, only thruster location is used.
Engine orientation ignored, only thruster orientation is used.
◆ anchor_aggressive/blue 상대개입 72회 중 챔프 패·무 3회
Engine location ignored, only thruster location is used.
Engine orientation ignored, only thruster orientation is used.
Engine location ignored, only thruster location is used.
Engine orientation ignored, only thruster orientation is used.
Engine location ignored, only thruster location is used.
Engine orientation ignored, only thruster orientation is used.
Engine location ignored, only thruster location is used.
Engine orientation ignored, only thruster orientation is used.
Engine location ignored, only thruster location is used.
Engine orientation ignored, only thruster orientation is used.
Engine location ignored, only thruster location is used.
Engine orientation ignored, only thruster orientation is used.
Engine location ignored, only thruster location is used.
Engine orientation ignored, only thruster orientation is used.
Engine location ignored, only thruster location is used.
Engine orientation ignored, only thruster orientation is used.
Engine location ignored, only thruster location is used.
Engine orientation ignored, only thruster orientation is used.
Engine location ignored, only thruster location is used.
Engine orientation ignored, only thruster orientation is used.
Engine location ignored, only thruster location is used.
Engine orientation ignored, only thruster orientation is used.
Engine location ignored, only thruster location is used.
Engine orientation ignored, only thruster orientation is used.
Engine location ignored, only thruster location is used.
Engine orientation ignored, only thruster orientation is used.
Engine location ignored, only thruster location is used.
Engine orientation ignored, only thruster orientation is used.
Engine location ignored, only thruster location is used.
Engine orientation ignored, only thruster orientation is used.
Engine location ignored, only thruster location is used.
Engine orientation ignored, only thruster orientation is used.
Engine location ignored, only thruster location is used.
Engine orientation ignored, only thruster orientation is used.
Engine location ignored, only thruster location is used.
Engine orientation ignored, only thruster orientation is used.
Engine location ignored, only thruster location is used.
Engine orientation ignored, only thruster orientation is used.
Engine location ignored, only thruster location is used.
Engine orientation ignored, only thruster orientation is used.
Engine location ignored, only thruster location is used.
Engine orientation ignored, only thruster orientation is used.
Engine location ignored, only thruster location is used.
Engine orientation ignored, only thruster orientation is used.
Engine location ignored, only thruster location is used.
Engine orientation ignored, only thruster orientation is used.
Engine location ignored, only thruster location is used.
Engine orientation ignored, only thruster orientation is used.
⚠ 취약점 anchor_ace/blue 상대개입 t0=12 break → 챔프 Δ-31.3 timeout@300s
Engine location ignored, only thruster location is used.
Engine orientation ignored, only thruster orientation is used.
Engine location ignored, only thruster location is used.
Engine orientation ignored, only thruster orientation is used.
⚠ 취약점 anchor_ace/blue 상대개입 t0=12 extend → 챔프 Δ-32.7 health_zero@38s
Engine location ignored, only thruster location is used.
Engine orientation ignored, only thruster orientation is used.
Engine location ignored, only thruster location is used.
Engine orientation ignored, only thruster orientation is used.
Engine location ignored, only thruster location is used.
Engine orientation ignored, only thruster orientation is used.
Engine location ignored, only thruster location is used.
Engine orientation ignored, only thruster orientation is used.
Engine location ignored, only thruster location is used.
Engine orientation ignored, only thruster orientation is used.
Engine location ignored, only thruster location is used.
Engine orientation ignored, only thruster orientation is used.
Engine location ignored, only thruster location is used.
Engine orientation ignored, only thruster orientation is used.
Engine location ignored, only thruster location is used.
Engine orientation ignored, only thruster orientation is used.
⚠ 취약점 anchor_ace/blue 상대개입 t0=12 level → 챔프 Δ-17.4 health_zero@228s
Engine location ignored, only thruster location is used.
Engine orientation ignored, only thruster orientation is used.
Engine location ignored, only thruster location is used.
Engine orientation ignored, only thruster orientation is used.
⚠ 취약점 anchor_ace/blue 상대개입 t0=12 gun_pure → 챔프 Δ-16.8 health_zero@212s
Engine location ignored, only thruster location is used.
Engine orientation ignored, only thruster orientation is used.
Engine location ignored, only thruster location is used.
Engine orientation ignored, only thruster orientation is used.
Engine location ignored, only thruster location is used.
Engine orientation ignored, only thruster orientation is used.
Engine location ignored, only thruster location is used.
Engine orientation ignored, only thruster orientation is used.
Engine location ignored, only thruster location is used.
Engine orientation ignored, only thruster orientation is used.
Engine location ignored, only thruster location is used.
Engine orientation ignored, only thruster orientation is used.
Engine location ignored, only thruster location is used.
Engine orientation ignored, only thruster orientation is used.
Engine location ignored, only thruster location is used.
Engine orientation ignored, only thruster orientation is used.
Engine location ignored, only thruster location is used.
Engine orientation ignored, only thruster orientation is used.
Engine location ignored, only thruster location is used.
Engine orientation ignored, only thruster orientation is used.
⚠ 취약점 anchor_ace/blue 상대개입 t0=16 gun → 챔프 Δ-42.0 health_zero@37s
Engine location ignored, only thruster location is used.
Engine orientation ignored, only thruster orientation is used.
Engine location ignored, only thruster location is used.
Engine orientation ignored, only thruster orientation is used.
Engine location ignored, only thruster location is used.
Engine orientation ignored, only thruster orientation is used.
Engine location ignored, only thruster location is used.
Engine orientation ignored, only thruster orientation is used.
Engine location ignored, only thruster location is used.
Engine orientation ignored, only thruster orientation is used.
Engine location ignored, only thruster location is used.
Engine orientation ignored, only thruster orientation is used.
⚠ 취약점 anchor_ace/blue 상대개입 t0=16 level → 챔프 Δ-8.0 health_zero@58s
Engine location ignored, only thruster location is used.
Engine orientation ignored, only thruster orientation is used.
Engine location ignored, only thruster location is used.
Engine orientation ignored, only thruster orientation is used.
Engine location ignored, only thruster location is used.
Engine orientation ignored, only thruster orientation is used.
Engine location ignored, only thruster location is used.
Engine orientation ignored, only thruster orientation is used.
Engine location ignored, only thruster location is used.
Engine orientation ignored, only thruster orientation is used.
Engine location ignored, only thruster location is used.
Engine orientation ignored, only thruster orientation is used.
Engine location ignored, only thruster location is used.
Engine orientation ignored, only thruster orientation is used.
Engine location ignored, only thruster location is used.
Engine orientation ignored, only thruster orientation is used.
Engine location ignored, only thruster location is used.
Engine orientation ignored, only thruster orientation is used.
Engine location ignored, only thruster location is used.
Engine orientation ignored, only thruster orientation is used.
Engine location ignored, only thruster location is used.
Engine orientation ignored, only thruster orientation is used.
Engine location ignored, only thruster location is used.
Engine orientation ignored, only thruster orientation is used.
Engine location ignored, only thruster location is used.
Engine orientation ignored, only thruster orientation is used.
Engine location ignored, only thruster location is used.
Engine orientation ignored, only thruster orientation is used.
Engine location ignored, only thruster location is used.
Engine orientation ignored, only thruster orientation is used.
Engine location ignored, only thruster location is used.
Engine orientation ignored, only thruster orientation is used.
Engine location ignored, only thruster location is used.
Engine orientation ignored, only thruster orientation is used.
Engine location ignored, only thruster location is used.
Engine orientation ignored, only thruster orientation is used.
Engine location ignored, only thruster location is used.
Engine orientation ignored, only thruster orientation is used.
Engine location ignored, only thruster location is used.
Engine orientation ignored, only thruster orientation is used.
Engine location ignored, only thruster location is used.
Engine orientation ignored, only thruster orientation is used.
Engine location ignored, only thruster location is used.
Engine orientation ignored, only thruster orientation is used.
⚠ 취약점 anchor_ace/blue 상대개입 t0=24 climb → 챔프 Δ-5.0 health_zero@37s
Engine location ignored, only thruster location is used.
Engine orientation ignored, only thruster orientation is used.
Engine location ignored, only thruster location is used.
Engine orientation ignored, only thruster orientation is used.
Engine location ignored, only thruster location is used.
Engine orientation ignored, only thruster orientation is used.
Engine location ignored, only thruster location is used.
Engine orientation ignored, only thruster orientation is used.
Engine location ignored, only thruster location is used.
Engine orientation ignored, only thruster orientation is used.
Engine location ignored, only thruster location is used.
Engine orientation ignored, only thruster orientation is used.
Engine location ignored, only thruster location is used.
Engine orientation ignored, only thruster orientation is used.
Engine location ignored, only thruster location is used.
Engine orientation ignored, only thruster orientation is used.
Engine location ignored, only thruster location is used.
Engine orientation ignored, only thruster orientation is used.
Engine location ignored, only thruster location is used.
Engine orientation ignored, only thruster orientation is used.
Engine location ignored, only thruster location is used.
Engine orientation ignored, only thruster orientation is used.
Engine location ignored, only thruster location is used.
Engine orientation ignored, only thruster orientation is used.
Engine location ignored, only thruster location is used.
Engine orientation ignored, only thruster orientation is used.
Engine location ignored, only thruster location is used.
Engine orientation ignored, only thruster orientation is used.
⚠ 취약점 anchor_ace/blue 상대개입 t0=24 level → 챔프 Δ-2.7 health_zero@141s
Engine location ignored, only thruster location is used.
Engine orientation ignored, only thruster orientation is used.
Engine location ignored, only thruster location is used.
Engine orientation ignored, only thruster orientation is used.
Engine location ignored, only thruster location is used.
Engine orientation ignored, only thruster orientation is used.
Engine location ignored, only thruster location is used.
Engine orientation ignored, only thruster orientation is used.
Engine location ignored, only thruster location is used.
Engine orientation ignored, only thruster orientation is used.
Engine location ignored, only thruster location is used.
Engine orientation ignored, only thruster orientation is used.
Engine location ignored, only thruster location is used.
Engine orientation ignored, only thruster orientation is used.
Engine location ignored, only thruster location is used.
Engine orientation ignored, only thruster orientation is used.
Engine location ignored, only thruster location is used.
Engine orientation ignored, only thruster orientation is used.
Engine location ignored, only thruster location is used.
Engine orientation ignored, only thruster orientation is used.
Engine location ignored, only thruster location is used.
Engine orientation ignored, only thruster orientation is used.
Engine location ignored, only thruster location is used.
Engine orientation ignored, only thruster orientation is used.
Engine location ignored, only thruster location is used.
Engine orientation ignored, only thruster orientation is used.
Engine location ignored, only thruster location is used.
Engine orientation ignored, only thruster orientation is used.
Engine location ignored, only thruster location is used.
Engine orientation ignored, only thruster orientation is used.
Engine location ignored, only thruster location is used.
Engine orientation ignored, only thruster orientation is used.
Engine location ignored, only thruster location is used.
Engine orientation ignored, only thruster orientation is used.
Engine location ignored, only thruster location is used.
Engine orientation ignored, only thruster orientation is used.
Engine location ignored, only thruster location is used.
Engine orientation ignored, only thruster orientation is used.
Engine location ignored, only thruster location is used.
Engine orientation ignored, only thruster orientation is used.
Engine location ignored, only thruster location is used.
Engine orientation ignored, only thruster orientation is used.
Engine location ignored, only thruster location is used.
Engine orientation ignored, only thruster orientation is used.
Engine location ignored, only thruster location is used.
Engine orientation ignored, only thruster orientation is used.
Engine location ignored, only thruster location is used.
Engine orientation ignored, only thruster orientation is used.
Engine location ignored, only thruster location is used.
Engine orientation ignored, only thruster orientation is used.
Engine location ignored, only thruster location is used.
Engine orientation ignored, only thruster orientation is used.
Engine location ignored, only thruster location is used.
Engine orientation ignored, only thruster orientation is used.
Engine location ignored, only thruster location is used.
Engine orientation ignored, only thruster orientation is used.
Engine location ignored, only thruster location is used.
Engine orientation ignored, only thruster orientation is used.
Engine location ignored, only thruster location is used.
Engine orientation ignored, only thruster orientation is used.
Engine location ignored, only thruster location is used.
Engine orientation ignored, only thruster orientation is used.
Engine location ignored, only thruster location is used.
Engine orientation ignored, only thruster orientation is used.
⚠ 취약점 anchor_ace/blue 상대개입 t0=60 lag → 챔프 Δ-30.3 health_zero@137s
Engine location ignored, only thruster location is used.
Engine orientation ignored, only thruster orientation is used.
Engine location ignored, only thruster location is used.
Engine orientation ignored, only thruster orientation is used.
Engine location ignored, only thruster location is used.
Engine orientation ignored, only thruster orientation is used.
Engine location ignored, only thruster location is used.
Engine orientation ignored, only thruster orientation is used.
Engine location ignored, only thruster location is used.
Engine orientation ignored, only thruster orientation is used.
Engine location ignored, only thruster location is used.
Engine orientation ignored, only thruster orientation is used.
Engine location ignored, only thruster location is used.
Engine orientation ignored, only thruster orientation is used.
Engine location ignored, only thruster location is used.
Engine orientation ignored, only thruster orientation is used.
Engine location ignored, only thruster location is used.
Engine orientation ignored, only thruster orientation is used.
Engine location ignored, only thruster location is used.
Engine orientation ignored, only thruster orientation is used.
Engine location ignored, only thruster location is used.
Engine orientation ignored, only thruster orientation is used.
Engine location ignored, only thruster location is used.
Engine orientation ignored, only thruster orientation is used.
Engine location ignored, only thruster location is used.
Engine orientation ignored, only thruster orientation is used.
Engine location ignored, only thruster location is used.
Engine orientation ignored, only thruster orientation is used.
Engine location ignored, only thruster location is used.
Engine orientation ignored, only thruster orientation is used.
Engine location ignored, only thruster location is used.
Engine orientation ignored, only thruster orientation is used.
Engine location ignored, only thruster location is used.
Engine orientation ignored, only thruster orientation is used.
Engine location ignored, only thruster location is used.
Engine orientation ignored, only thruster orientation is used.
Engine location ignored, only thruster location is used.
Engine orientation ignored, only thruster orientation is used.
Engine location ignored, only thruster location is used.
Engine orientation ignored, only thruster orientation is used.
Engine location ignored, only thruster location is used.
Engine orientation ignored, only thruster orientation is used.
Engine location ignored, only thruster location is used.
Engine orientation ignored, only thruster orientation is used.
Engine location ignored, only thruster location is used.
Engine orientation ignored, only thruster orientation is used.
Engine location ignored, only thruster location is used.
Engine orientation ignored, only thruster orientation is used.
◆ anchor_ace/blue 상대개입 72회 중 챔프 패·무 9회
Engine location ignored, only thruster location is used.
Engine orientation ignored, only thruster orientation is used.
Engine location ignored, only thruster location is used.
Engine orientation ignored, only thruster orientation is used.
Engine location ignored, only thruster location is used.
Engine orientation ignored, only thruster orientation is used.
Engine location ignored, only thruster location is used.
Engine orientation ignored, only thruster orientation is used.
Engine location ignored, only thruster location is used.
Engine orientation ignored, only thruster orientation is used.
Engine location ignored, only thruster location is used.
Engine orientation ignored, only thruster orientation is used.
Engine location ignored, only thruster location is used.
Engine orientation ignored, only thruster orientation is used.
Engine location ignored, only thruster location is used.
Engine orientation ignored, only thruster orientation is used.
Engine location ignored, only thruster location is used.
Engine orientation ignored, only thruster orientation is used.
Engine location ignored, only thruster location is used.
Engine orientation ignored, only thruster orientation is used.
Engine location ignored, only thruster location is used.
Engine orientation ignored, only thruster orientation is used.
Engine location ignored, only thruster location is used.
Engine orientation ignored, only thruster orientation is used.
Engine location ignored, only thruster location is used.
Engine orientation ignored, only thruster orientation is used.
Engine location ignored, only thruster location is used.
Engine orientation ignored, only thruster orientation is used.
Engine location ignored, only thruster location is used.
Engine orientation ignored, only thruster orientation is used.
Engine location ignored, only thruster location is used.
Engine orientation ignored, only thruster orientation is used.
Engine location ignored, only thruster location is used.
Engine orientation ignored, only thruster orientation is used.
Engine location ignored, only thruster location is used.
Engine orientation ignored, only thruster orientation is used.
Engine location ignored, only thruster location is used.
Engine orientation ignored, only thruster orientation is used.
Engine location ignored, only thruster location is used.
Engine orientation ignored, only thruster orientation is used.
⚠ 취약점 A2_GunTracker_06/blue 상대개입 t0=12 climb → 챔프 Δ-8.1 health_zero@141s
Engine location ignored, only thruster location is used.
Engine orientation ignored, only thruster orientation is used.
Engine location ignored, only thruster location is used.
Engine orientation ignored, only thruster orientation is used.
Engine location ignored, only thruster location is used.
Engine orientation ignored, only thruster orientation is used.
Engine location ignored, only thruster location is used.
Engine orientation ignored, only thruster orientation is used.
⚠ 취약점 A2_GunTracker_06/blue 상대개입 t0=12 break → 챔프 Δ-2.2 health_zero@51s
Engine location ignored, only thruster location is used.
Engine orientation ignored, only thruster orientation is used.
Engine location ignored, only thruster location is used.
Engine orientation ignored, only thruster orientation is used.
Engine location ignored, only thruster location is used.
Engine orientation ignored, only thruster orientation is used.
Engine location ignored, only thruster location is used.
Engine orientation ignored, only thruster orientation is used.
Engine location ignored, only thruster location is used.
Engine orientation ignored, only thruster orientation is used.
Engine location ignored, only thruster location is used.
Engine orientation ignored, only thruster orientation is used.
Engine location ignored, only thruster location is used.
Engine orientation ignored, only thruster orientation is used.
Engine location ignored, only thruster location is used.
Engine orientation ignored, only thruster orientation is used.
⚠ 취약점 A2_GunTracker_06/blue 상대개입 t0=12 two_circle → 챔프 Δ-2.2 health_zero@51s
Engine location ignored, only thruster location is used.
Engine orientation ignored, only thruster orientation is used.
Engine location ignored, only thruster location is used.
Engine orientation ignored, only thruster orientation is used.
Engine location ignored, only thruster location is used.
Engine orientation ignored, only thruster orientation is used.
Engine location ignored, only thruster location is used.
Engine orientation ignored, only thruster orientation is used.
Engine location ignored, only thruster location is used.
Engine orientation ignored, only thruster orientation is used.
Engine location ignored, only thruster location is used.
Engine orientation ignored, only thruster orientation is used.
Engine location ignored, only thruster location is used.
Engine orientation ignored, only thruster orientation is used.
Engine location ignored, only thruster location is used.
Engine orientation ignored, only thruster orientation is used.
Engine location ignored, only thruster location is used.
Engine orientation ignored, only thruster orientation is used.
Engine location ignored, only thruster location is used.
Engine orientation ignored, only thruster orientation is used.
Engine location ignored, only thruster location is used.
Engine orientation ignored, only thruster orientation is used.
Engine location ignored, only thruster location is used.
Engine orientation ignored, only thruster orientation is used.
Engine location ignored, only thruster location is used.
Engine orientation ignored, only thruster orientation is used.
Engine location ignored, only thruster location is used.
Engine orientation ignored, only thruster orientation is used.
Engine location ignored, only thruster location is used.
Engine orientation ignored, only thruster orientation is used.
Engine location ignored, only thruster location is used.
Engine orientation ignored, only thruster orientation is used.
Engine location ignored, only thruster location is used.
Engine orientation ignored, only thruster orientation is used.
Engine location ignored, only thruster location is used.
Engine orientation ignored, only thruster orientation is used.
Engine location ignored, only thruster location is used.
Engine orientation ignored, only thruster orientation is used.
Engine location ignored, only thruster location is used.
Engine orientation ignored, only thruster orientation is used.
Engine location ignored, only thruster location is used.
Engine orientation ignored, only thruster orientation is used.
Engine location ignored, only thruster location is used.
Engine orientation ignored, only thruster orientation is used.
Engine location ignored, only thruster location is used.
Engine orientation ignored, only thruster orientation is used.
Engine location ignored, only thruster location is used.
Engine orientation ignored, only thruster orientation is used.
Engine location ignored, only thruster location is used.
Engine orientation ignored, only thruster orientation is used.
Engine location ignored, only thruster location is used.
Engine orientation ignored, only thruster orientation is used.
Engine location ignored, only thruster location is used.
Engine orientation ignored, only thruster orientation is used.
Engine location ignored, only thruster location is used.
Engine orientation ignored, only thruster orientation is used.
Engine location ignored, only thruster location is used.
Engine orientation ignored, only thruster orientation is used.
Engine location ignored, only thruster location is used.
Engine orientation ignored, only thruster orientation is used.
Engine location ignored, only thruster location is used.
Engine orientation ignored, only thruster orientation is used.
Engine location ignored, only thruster location is used.
Engine orientation ignored, only thruster orientation is used.
Engine location ignored, only thruster location is used.
Engine orientation ignored, only thruster orientation is used.
Engine location ignored, only thruster location is used.
Engine orientation ignored, only thruster orientation is used.
Engine location ignored, only thruster location is used.
Engine orientation ignored, only thruster orientation is used.
Engine location ignored, only thruster location is used.
Engine orientation ignored, only thruster orientation is used.
Engine location ignored, only thruster location is used.
Engine orientation ignored, only thruster orientation is used.
Engine location ignored, only thruster location is used.
Engine orientation ignored, only thruster orientation is used.
Engine location ignored, only thruster location is used.
Engine orientation ignored, only thruster orientation is used.
Engine location ignored, only thruster location is used.
Engine orientation ignored, only thruster orientation is used.
Engine location ignored, only thruster location is used.
Engine orientation ignored, only thruster orientation is used.
Engine location ignored, only thruster location is used.
Engine orientation ignored, only thruster orientation is used.
Engine location ignored, only thruster location is used.
Engine orientation ignored, only thruster orientation is used.
Engine location ignored, only thruster location is used.
Engine orientation ignored, only thruster orientation is used.
Engine location ignored, only thruster location is used.
Engine orientation ignored, only thruster orientation is used.
Engine location ignored, only thruster location is used.
Engine orientation ignored, only thruster orientation is used.
Engine location ignored, only thruster location is used.
Engine orientation ignored, only thruster orientation is used.
Engine location ignored, only thruster location is used.
Engine orientation ignored, only thruster orientation is used.
Engine location ignored, only thruster location is used.
Engine orientation ignored, only thruster orientation is used.
Engine location ignored, only thruster location is used.
Engine orientation ignored, only thruster orientation is used.
Engine location ignored, only thruster location is used.
Engine orientation ignored, only thruster orientation is used.
Engine location ignored, only thruster location is used.
Engine orientation ignored, only thruster orientation is used.
Engine location ignored, only thruster location is used.
Engine orientation ignored, only thruster orientation is used.
Engine location ignored, only thruster location is used.
Engine orientation ignored, only thruster orientation is used.
⚠ 취약점 A2_GunTracker_06/blue 상대개입 t0=24 two_circle → 챔프 Δ+62.6 stall@84s
Engine location ignored, only thruster location is used.
Engine orientation ignored, only thruster orientation is used.
Engine location ignored, only thruster location is used.
Engine orientation ignored, only thruster orientation is used.
Engine location ignored, only thruster location is used.
Engine orientation ignored, only thruster orientation is used.
Engine location ignored, only thruster location is used.
Engine orientation ignored, only thruster orientation is used.
Engine location ignored, only thruster location is used.
Engine orientation ignored, only thruster orientation is used.
Engine location ignored, only thruster location is used.
Engine orientation ignored, only thruster orientation is used.
Engine location ignored, only thruster location is used.
Engine orientation ignored, only thruster orientation is used.
Engine location ignored, only thruster location is used.
Engine orientation ignored, only thruster orientation is used.
Engine location ignored, only thruster location is used.
Engine orientation ignored, only thruster orientation is used.
Engine location ignored, only thruster location is used.
Engine orientation ignored, only thruster orientation is used.
Engine location ignored, only thruster location is used.
Engine orientation ignored, only thruster orientation is used.
Engine location ignored, only thruster location is used.
Engine orientation ignored, only thruster orientation is used.
Engine location ignored, only thruster location is used.
Engine orientation ignored, only thruster orientation is used.
Engine location ignored, only thruster location is used.
Engine orientation ignored, only thruster orientation is used.
Engine location ignored, only thruster location is used.
Engine orientation ignored, only thruster orientation is used.
Engine location ignored, only thruster location is used.
Engine orientation ignored, only thruster orientation is used.
Engine location ignored, only thruster location is used.
Engine orientation ignored, only thruster orientation is used.
Engine location ignored, only thruster location is used.
Engine orientation ignored, only thruster orientation is used.
Engine location ignored, only thruster location is used.
Engine orientation ignored, only thruster orientation is used.
Engine location ignored, only thruster location is used.
Engine orientation ignored, only thruster orientation is used.
Engine location ignored, only thruster location is used.
Engine orientation ignored, only thruster orientation is used.
Engine location ignored, only thruster location is used.
Engine orientation ignored, only thruster orientation is used.
Engine location ignored, only thruster location is used.
Engine orientation ignored, only thruster orientation is used.
Engine location ignored, only thruster location is used.
Engine orientation ignored, only thruster orientation is used.
Engine location ignored, only thruster location is used.
Engine orientation ignored, only thruster orientation is used.
Engine location ignored, only thruster location is used.
Engine orientation ignored, only thruster orientation is used.
Engine location ignored, only thruster location is used.
Engine orientation ignored, only thruster orientation is used.
Engine location ignored, only thruster location is used.
Engine orientation ignored, only thruster orientation is used.
Engine location ignored, only thruster location is used.
Engine orientation ignored, only thruster orientation is used.
Engine location ignored, only thruster location is used.
Engine orientation ignored, only thruster orientation is used.
Engine location ignored, only thruster location is used.
Engine orientation ignored, only thruster orientation is used.
Engine location ignored, only thruster location is used.
Engine orientation ignored, only thruster orientation is used.
Engine location ignored, only thruster location is used.
Engine orientation ignored, only thruster orientation is used.
Engine location ignored, only thruster location is used.
Engine orientation ignored, only thruster orientation is used.
Engine location ignored, only thruster location is used.
Engine orientation ignored, only thruster orientation is used.
Engine location ignored, only thruster location is used.
Engine orientation ignored, only thruster orientation is used.
Engine location ignored, only thruster location is used.
Engine orientation ignored, only thruster orientation is used.
Engine location ignored, only thruster location is used.
Engine orientation ignored, only thruster orientation is used.
Engine location ignored, only thruster location is used.
Engine orientation ignored, only thruster orientation is used.
Engine location ignored, only thruster location is used.
Engine orientation ignored, only thruster orientation is used.
Engine location ignored, only thruster location is used.
Engine orientation ignored, only thruster orientation is used.
Engine location ignored, only thruster location is used.
Engine orientation ignored, only thruster orientation is used.
Engine location ignored, only thruster location is used.
Engine orientation ignored, only thruster orientation is used.
Engine location ignored, only thruster location is used.
Engine orientation ignored, only thruster orientation is used.
Engine location ignored, only thruster location is used.
Engine orientation ignored, only thruster orientation is used.
Engine location ignored, only thruster location is used.
Engine orientation ignored, only thruster orientation is used.
Engine location ignored, only thruster location is used.
Engine orientation ignored, only thruster orientation is used.
Engine location ignored, only thruster location is used.
Engine orientation ignored, only thruster orientation is used.
Engine location ignored, only thruster location is used.
Engine orientation ignored, only thruster orientation is used.
Engine location ignored, only thruster location is used.
Engine orientation ignored, only thruster orientation is used.
Engine location ignored, only thruster location is used.
Engine orientation ignored, only thruster orientation is used.
Engine location ignored, only thruster location is used.
Engine orientation ignored, only thruster orientation is used.
Engine location ignored, only thruster location is used.
Engine orientation ignored, only thruster orientation is used.
Engine location ignored, only thruster location is used.
Engine orientation ignored, only thruster orientation is used.
Engine location ignored, only thruster location is used.
Engine orientation ignored, only thruster orientation is used.
Engine location ignored, only thruster location is used.
Engine orientation ignored, only thruster orientation is used.
Engine location ignored, only thruster location is used.
Engine orientation ignored, only thruster orientation is used.
Engine location ignored, only thruster location is used.
Engine orientation ignored, only thruster orientation is used.
◆ A2_GunTracker_06/blue 상대개입 72회 중 챔프 패·무 4회
Engine location ignored, only thruster location is used.
Engine orientation ignored, only thruster orientation is used.
Engine location ignored, only thruster location is used.
Engine orientation ignored, only thruster orientation is used.
Engine location ignored, only thruster location is used.
Engine orientation ignored, only thruster orientation is used.
Engine location ignored, only thruster location is used.
Engine orientation ignored, only thruster orientation is used.
Engine location ignored, only thruster location is used.
Engine orientation ignored, only thruster orientation is used.
Engine location ignored, only thruster location is used.
Engine orientation ignored, only thruster orientation is used.
Engine location ignored, only thruster location is used.
Engine orientation ignored, only thruster orientation is used.
Engine location ignored, only thruster location is used.
Engine orientation ignored, only thruster orientation is used.
Engine location ignored, only thruster location is used.
Engine orientation ignored, only thruster orientation is used.
Engine location ignored, only thruster location is used.
Engine orientation ignored, only thruster orientation is used.
Engine location ignored, only thruster location is used.
Engine orientation ignored, only thruster orientation is used.
Engine location ignored, only thruster location is used.
Engine orientation ignored, only thruster orientation is used.
Engine location ignored, only thruster location is used.
Engine orientation ignored, only thruster orientation is used.
Engine location ignored, only thruster location is used.
Engine orientation ignored, only thruster orientation is used.
Engine location ignored, only thruster location is used.
Engine orientation ignored, only thruster orientation is used.
Engine location ignored, only thruster location is used.
Engine orientation ignored, only thruster orientation is used.
Engine location ignored, only thruster location is used.
Engine orientation ignored, only thruster orientation is used.
Engine location ignored, only thruster location is used.
Engine orientation ignored, only thruster orientation is used.
Engine location ignored, only thruster location is used.
Engine orientation ignored, only thruster orientation is used.
Engine location ignored, only thruster location is used.
Engine orientation ignored, only thruster orientation is used.
⚠ 취약점 B1_EnergyFighter_06/blue 상대개입 t0=12 climb → 챔프 Δ-9.0 health_zero@63s
Engine location ignored, only thruster location is used.
Engine orientation ignored, only thruster orientation is used.
Engine location ignored, only thruster location is used.
Engine orientation ignored, only thruster orientation is used.
⚠ 취약점 B1_EnergyFighter_06/blue 상대개입 t0=12 dive → 챔프 Δ+0.0 timeout@300s
Engine location ignored, only thruster location is used.
Engine orientation ignored, only thruster orientation is used.
Engine location ignored, only thruster location is used.
Engine orientation ignored, only thruster orientation is used.
⚠ 취약점 B1_EnergyFighter_06/blue 상대개입 t0=12 break → 챔프 Δ-41.8 health_zero@110s
Engine location ignored, only thruster location is used.
Engine orientation ignored, only thruster orientation is used.
Engine location ignored, only thruster location is used.
Engine orientation ignored, only thruster orientation is used.
⚠ 취약점 B1_EnergyFighter_06/blue 상대개입 t0=12 extend → 챔프 Δ-29.7 health_zero@37s
Engine location ignored, only thruster location is used.
Engine orientation ignored, only thruster orientation is used.
Engine location ignored, only thruster location is used.
Engine orientation ignored, only thruster orientation is used.
⚠ 취약점 B1_EnergyFighter_06/blue 상대개입 t0=12 gun → 챔프 Δ-26.6 health_zero@63s
Engine location ignored, only thruster location is used.
Engine orientation ignored, only thruster orientation is used.
Engine location ignored, only thruster location is used.
Engine orientation ignored, only thruster orientation is used.
Engine location ignored, only thruster location is used.
Engine orientation ignored, only thruster orientation is used.
Engine location ignored, only thruster location is used.
Engine orientation ignored, only thruster orientation is used.
⚠ 취약점 B1_EnergyFighter_06/blue 상대개입 t0=12 two_circle → 챔프 Δ-58.3 health_zero@57s
Engine location ignored, only thruster location is used.
Engine orientation ignored, only thruster orientation is used.
Engine location ignored, only thruster location is used.
Engine orientation ignored, only thruster orientation is used.
⚠ 취약점 B1_EnergyFighter_06/blue 상대개입 t0=12 level → 챔프 Δ-40.9 health_zero@266s
Engine location ignored, only thruster location is used.
Engine orientation ignored, only thruster orientation is used.
Engine location ignored, only thruster location is used.
Engine orientation ignored, only thruster orientation is used.
⚠ 취약점 B1_EnergyFighter_06/blue 상대개입 t0=12 gun_pure → 챔프 Δ-27.2 health_zero@63s
Engine location ignored, only thruster location is used.
Engine orientation ignored, only thruster orientation is used.
Engine location ignored, only thruster location is used.
Engine orientation ignored, only thruster orientation is used.
Engine location ignored, only thruster location is used.
Engine orientation ignored, only thruster orientation is used.
Engine location ignored, only thruster location is used.
Engine orientation ignored, only thruster orientation is used.
Engine location ignored, only thruster location is used.
Engine orientation ignored, only thruster orientation is used.
Engine location ignored, only thruster location is used.
Engine orientation ignored, only thruster orientation is used.
⚠ 취약점 B1_EnergyFighter_06/blue 상대개입 t0=16 break → 챔프 Δ-42.2 health_zero@40s
Engine location ignored, only thruster location is used.
Engine orientation ignored, only thruster orientation is used.
Engine location ignored, only thruster location is used.
Engine orientation ignored, only thruster orientation is used.
⚠ 취약점 B1_EnergyFighter_06/blue 상대개입 t0=16 extend → 챔프 Δ-46.5 health_zero@158s
Engine location ignored, only thruster location is used.
Engine orientation ignored, only thruster orientation is used.
Engine location ignored, only thruster location is used.
Engine orientation ignored, only thruster orientation is used.
⚠ 취약점 B1_EnergyFighter_06/blue 상대개입 t0=16 gun → 챔프 Δ-30.5 health_zero@36s
Engine location ignored, only thruster location is used.
Engine orientation ignored, only thruster orientation is used.
Engine location ignored, only thruster location is used.
Engine orientation ignored, only thruster orientation is used.
⚠ 취약점 B1_EnergyFighter_06/blue 상대개입 t0=16 lag → 챔프 Δ-29.0 health_zero@270s
Engine location ignored, only thruster location is used.
Engine orientation ignored, only thruster orientation is used.
Engine location ignored, only thruster location is used.
Engine orientation ignored, only thruster orientation is used.
⚠ 취약점 B1_EnergyFighter_06/blue 상대개입 t0=16 two_circle → 챔프 Δ-40.5 health_zero@40s
Engine location ignored, only thruster location is used.
Engine orientation ignored, only thruster orientation is used.
Engine location ignored, only thruster location is used.
Engine orientation ignored, only thruster orientation is used.
⚠ 취약점 B1_EnergyFighter_06/blue 상대개입 t0=16 level → 챔프 Δ-12.0 health_zero@35s
Engine location ignored, only thruster location is used.
Engine orientation ignored, only thruster orientation is used.
Engine location ignored, only thruster location is used.
Engine orientation ignored, only thruster orientation is used.
⚠ 취약점 B1_EnergyFighter_06/blue 상대개입 t0=16 gun_pure → 챔프 Δ-26.1 health_zero@37s
Engine location ignored, only thruster location is used.
Engine orientation ignored, only thruster orientation is used.
Engine location ignored, only thruster location is used.
Engine orientation ignored, only thruster orientation is used.
Engine location ignored, only thruster location is used.
Engine orientation ignored, only thruster orientation is used.
Engine location ignored, only thruster location is used.
Engine orientation ignored, only thruster orientation is used.
Engine location ignored, only thruster location is used.
Engine orientation ignored, only thruster orientation is used.
Engine location ignored, only thruster location is used.
Engine orientation ignored, only thruster orientation is used.
Engine location ignored, only thruster location is used.
Engine orientation ignored, only thruster orientation is used.
Engine location ignored, only thruster location is used.
Engine orientation ignored, only thruster orientation is used.
Engine location ignored, only thruster location is used.
Engine orientation ignored, only thruster orientation is used.
Engine location ignored, only thruster location is used.
Engine orientation ignored, only thruster orientation is used.
⚠ 취약점 B1_EnergyFighter_06/blue 상대개입 t0=20 gun → 챔프 Δ-54.2 health_zero@57s
Engine location ignored, only thruster location is used.
Engine orientation ignored, only thruster orientation is used.
Engine location ignored, only thruster location is used.
Engine orientation ignored, only thruster orientation is used.
Engine location ignored, only thruster location is used.
Engine orientation ignored, only thruster orientation is used.
Engine location ignored, only thruster location is used.
Engine orientation ignored, only thruster orientation is used.
Engine location ignored, only thruster location is used.
Engine orientation ignored, only thruster orientation is used.
Engine location ignored, only thruster location is used.
Engine orientation ignored, only thruster orientation is used.
⚠ 취약점 B1_EnergyFighter_06/blue 상대개입 t0=20 level → 챔프 Δ-46.1 health_zero@131s
Engine location ignored, only thruster location is used.
Engine orientation ignored, only thruster orientation is used.
Engine location ignored, only thruster location is used.
Engine orientation ignored, only thruster orientation is used.
⚠ 취약점 B1_EnergyFighter_06/blue 상대개입 t0=20 gun_pure → 챔프 Δ-54.2 health_zero@121s
Engine location ignored, only thruster location is used.
Engine orientation ignored, only thruster orientation is used.
Engine location ignored, only thruster location is used.
Engine orientation ignored, only thruster orientation is used.
⚠ 취약점 B1_EnergyFighter_06/blue 상대개입 t0=24 climb → 챔프 Δ-3.8 health_zero@61s
Engine location ignored, only thruster location is used.
Engine orientation ignored, only thruster orientation is used.
Engine location ignored, only thruster location is used.
Engine orientation ignored, only thruster orientation is used.
Engine location ignored, only thruster location is used.
Engine orientation ignored, only thruster orientation is used.
Engine location ignored, only thruster location is used.
Engine orientation ignored, only thruster orientation is used.
Engine location ignored, only thruster location is used.
Engine orientation ignored, only thruster orientation is used.
Engine location ignored, only thruster location is used.
Engine orientation ignored, only thruster orientation is used.
Engine location ignored, only thruster location is used.
Engine orientation ignored, only thruster orientation is used.
Engine location ignored, only thruster location is used.
Engine orientation ignored, only thruster orientation is used.
Engine location ignored, only thruster location is used.
Engine orientation ignored, only thruster orientation is used.
Engine location ignored, only thruster location is used.
Engine orientation ignored, only thruster orientation is used.
Engine location ignored, only thruster location is used.
Engine orientation ignored, only thruster orientation is used.
Engine location ignored, only thruster location is used.
Engine orientation ignored, only thruster orientation is used.
⚠ 취약점 B1_EnergyFighter_06/blue 상대개입 t0=24 two_circle → 챔프 Δ-4.8 health_zero@61s
Engine location ignored, only thruster location is used.
Engine orientation ignored, only thruster orientation is used.
Engine location ignored, only thruster location is used.
Engine orientation ignored, only thruster orientation is used.
Engine location ignored, only thruster location is used.
Engine orientation ignored, only thruster orientation is used.
Engine location ignored, only thruster location is used.
Engine orientation ignored, only thruster orientation is used.
Engine location ignored, only thruster location is used.
Engine orientation ignored, only thruster orientation is used.
Engine location ignored, only thruster location is used.
Engine orientation ignored, only thruster orientation is used.
Engine location ignored, only thruster location is used.
Engine orientation ignored, only thruster orientation is used.
Engine location ignored, only thruster location is used.
Engine orientation ignored, only thruster orientation is used.
Engine location ignored, only thruster location is used.
Engine orientation ignored, only thruster orientation is used.
Engine location ignored, only thruster location is used.
Engine orientation ignored, only thruster orientation is used.
Engine location ignored, only thruster location is used.
Engine orientation ignored, only thruster orientation is used.
Engine location ignored, only thruster location is used.
Engine orientation ignored, only thruster orientation is used.
Engine location ignored, only thruster location is used.
Engine orientation ignored, only thruster orientation is used.
Engine location ignored, only thruster location is used.
Engine orientation ignored, only thruster orientation is used.
Engine location ignored, only thruster location is used.
Engine orientation ignored, only thruster orientation is used.
Engine location ignored, only thruster location is used.
Engine orientation ignored, only thruster orientation is used.
Engine location ignored, only thruster location is used.
Engine orientation ignored, only thruster orientation is used.
Engine location ignored, only thruster location is used.
Engine orientation ignored, only thruster orientation is used.
Engine location ignored, only thruster location is used.
Engine orientation ignored, only thruster orientation is used.
Engine location ignored, only thruster location is used.
Engine orientation ignored, only thruster orientation is used.
Engine location ignored, only thruster location is used.
Engine orientation ignored, only thruster orientation is used.
Engine location ignored, only thruster location is used.
Engine orientation ignored, only thruster orientation is used.
Engine location ignored, only thruster location is used.
Engine orientation ignored, only thruster orientation is used.
Engine location ignored, only thruster location is used.
Engine orientation ignored, only thruster orientation is used.
Engine location ignored, only thruster location is used.
Engine orientation ignored, only thruster orientation is used.
Engine location ignored, only thruster location is used.
Engine orientation ignored, only thruster orientation is used.
Engine location ignored, only thruster location is used.
Engine orientation ignored, only thruster orientation is used.
Engine location ignored, only thruster location is used.
Engine orientation ignored, only thruster orientation is used.
Engine location ignored, only thruster location is used.
Engine orientation ignored, only thruster orientation is used.
Engine location ignored, only thruster location is used.
Engine orientation ignored, only thruster orientation is used.
Engine location ignored, only thruster location is used.
Engine orientation ignored, only thruster orientation is used.
Engine location ignored, only thruster location is used.
Engine orientation ignored, only thruster orientation is used.
Engine location ignored, only thruster location is used.
Engine orientation ignored, only thruster orientation is used.
Engine location ignored, only thruster location is used.
Engine orientation ignored, only thruster orientation is used.
Engine location ignored, only thruster location is used.
Engine orientation ignored, only thruster orientation is used.
Engine location ignored, only thruster location is used.
Engine orientation ignored, only thruster orientation is used.
Engine location ignored, only thruster location is used.
Engine orientation ignored, only thruster orientation is used.
Engine location ignored, only thruster location is used.
Engine orientation ignored, only thruster orientation is used.
Engine location ignored, only thruster location is used.
Engine orientation ignored, only thruster orientation is used.
Engine location ignored, only thruster location is used.
Engine orientation ignored, only thruster orientation is used.
Engine location ignored, only thruster location is used.
Engine orientation ignored, only thruster orientation is used.
Engine location ignored, only thruster location is used.
Engine orientation ignored, only thruster orientation is used.
Engine location ignored, only thruster location is used.
Engine orientation ignored, only thruster orientation is used.
Engine location ignored, only thruster location is used.
Engine orientation ignored, only thruster orientation is used.
Engine location ignored, only thruster location is used.
Engine orientation ignored, only thruster orientation is used.
Engine location ignored, only thruster location is used.
Engine orientation ignored, only thruster orientation is used.
Engine location ignored, only thruster location is used.
Engine orientation ignored, only thruster orientation is used.
Engine location ignored, only thruster location is used.
Engine orientation ignored, only thruster orientation is used.
Engine location ignored, only thruster location is used.
Engine orientation ignored, only thruster orientation is used.
Engine location ignored, only thruster location is used.
Engine orientation ignored, only thruster orientation is used.
Engine location ignored, only thruster location is used.
Engine orientation ignored, only thruster orientation is used.
Engine location ignored, only thruster location is used.
Engine orientation ignored, only thruster orientation is used.
Engine location ignored, only thruster location is used.
Engine orientation ignored, only thruster orientation is used.
Engine location ignored, only thruster location is used.
Engine orientation ignored, only thruster orientation is used.
Engine location ignored, only thruster location is used.
Engine orientation ignored, only thruster orientation is used.
Engine location ignored, only thruster location is used.
Engine orientation ignored, only thruster orientation is used.
Engine location ignored, only thruster location is used.
Engine orientation ignored, only thruster orientation is used.
Engine location ignored, only thruster location is used.
Engine orientation ignored, only thruster orientation is used.
◆ B1_EnergyFighter_06/blue 상대개입 72회 중 챔프 패·무 20회
Engine location ignored, only thruster location is used.
Engine orientation ignored, only thruster orientation is used.
Engine location ignored, only thruster location is used.
Engine orientation ignored, only thruster orientation is used.
Engine location ignored, only thruster location is used.
Engine orientation ignored, only thruster orientation is used.
Engine location ignored, only thruster location is used.
Engine orientation ignored, only thruster orientation is used.
Engine location ignored, only thruster location is used.
Engine orientation ignored, only thruster orientation is used.
Engine location ignored, only thruster location is used.
Engine orientation ignored, only thruster orientation is used.
Engine location ignored, only thruster location is used.
Engine orientation ignored, only thruster orientation is used.
Engine location ignored, only thruster location is used.
Engine orientation ignored, only thruster orientation is used.
⚠ 취약점 C1_TwoCircleRate_03/blue 상대개입 t0=8 extend → 챔프 Δ-5.6 health_zero@155s
Engine location ignored, only thruster location is used.
Engine orientation ignored, only thruster orientation is used.
Engine location ignored, only thruster location is used.
Engine orientation ignored, only thruster orientation is used.
Engine location ignored, only thruster location is used.
Engine orientation ignored, only thruster orientation is used.
Engine location ignored, only thruster location is used.
Engine orientation ignored, only thruster orientation is used.
Engine location ignored, only thruster location is used.
Engine orientation ignored, only thruster orientation is used.
Engine location ignored, only thruster location is used.
Engine orientation ignored, only thruster orientation is used.
Engine location ignored, only thruster location is used.
Engine orientation ignored, only thruster orientation is used.
Engine location ignored, only thruster location is used.
Engine orientation ignored, only thruster orientation is used.
Engine location ignored, only thruster location is used.
Engine orientation ignored, only thruster orientation is used.
Engine location ignored, only thruster location is used.
Engine orientation ignored, only thruster orientation is used.
Engine location ignored, only thruster location is used.
Engine orientation ignored, only thruster orientation is used.
Engine location ignored, only thruster location is used.
Engine orientation ignored, only thruster orientation is used.
⚠ 취약점 C1_TwoCircleRate_03/blue 상대개입 t0=12 climb → 챔프 Δ-17.4 health_zero@58s
Engine location ignored, only thruster location is used.
Engine orientation ignored, only thruster orientation is used.
Engine location ignored, only thruster location is used.
Engine orientation ignored, only thruster orientation is used.
Engine location ignored, only thruster location is used.
Engine orientation ignored, only thruster orientation is used.
Engine location ignored, only thruster location is used.
Engine orientation ignored, only thruster orientation is used.
⚠ 취약점 C1_TwoCircleRate_03/blue 상대개입 t0=12 break → 챔프 Δ-50.1 health_zero@104s
Engine location ignored, only thruster location is used.
Engine orientation ignored, only thruster orientation is used.
Engine location ignored, only thruster location is used.
Engine orientation ignored, only thruster orientation is used.
⚠ 취약점 C1_TwoCircleRate_03/blue 상대개입 t0=12 extend → 챔프 Δ-30.5 health_zero@37s
Engine location ignored, only thruster location is used.
Engine orientation ignored, only thruster orientation is used.
Engine location ignored, only thruster location is used.
Engine orientation ignored, only thruster orientation is used.
Engine location ignored, only thruster location is used.
Engine orientation ignored, only thruster orientation is used.
Engine location ignored, only thruster location is used.
Engine orientation ignored, only thruster orientation is used.
⚠ 취약점 C1_TwoCircleRate_03/blue 상대개입 t0=12 lag → 챔프 Δ-47.5 health_zero@139s
Engine location ignored, only thruster location is used.
Engine orientation ignored, only thruster orientation is used.
Engine location ignored, only thruster location is used.
Engine orientation ignored, only thruster orientation is used.
Engine location ignored, only thruster location is used.
Engine orientation ignored, only thruster orientation is used.
Engine location ignored, only thruster location is used.
Engine orientation ignored, only thruster orientation is used.
⚠ 취약점 C1_TwoCircleRate_03/blue 상대개입 t0=12 level → 챔프 Δ-36.4 health_zero@122s
Engine location ignored, only thruster location is used.
Engine orientation ignored, only thruster orientation is used.
Engine location ignored, only thruster location is used.
Engine orientation ignored, only thruster orientation is used.
⚠ 취약점 C1_TwoCircleRate_03/blue 상대개입 t0=12 gun_pure → 챔프 Δ-45.3 health_zero@120s
Engine location ignored, only thruster location is used.
Engine orientation ignored, only thruster orientation is used.
Engine location ignored, only thruster location is used.
Engine orientation ignored, only thruster orientation is used.
Engine location ignored, only thruster location is used.
Engine orientation ignored, only thruster orientation is used.
Engine location ignored, only thruster location is used.
Engine orientation ignored, only thruster orientation is used.
Engine location ignored, only thruster location is used.
Engine orientation ignored, only thruster orientation is used.
Engine location ignored, only thruster location is used.
Engine orientation ignored, only thruster orientation is used.
⚠ 취약점 C1_TwoCircleRate_03/blue 상대개입 t0=16 break → 챔프 Δ-12.3 health_zero@122s
Engine location ignored, only thruster location is used.
Engine orientation ignored, only thruster orientation is used.
Engine location ignored, only thruster location is used.
Engine orientation ignored, only thruster orientation is used.
Engine location ignored, only thruster location is used.
Engine orientation ignored, only thruster orientation is used.
Engine location ignored, only thruster location is used.
Engine orientation ignored, only thruster orientation is used.
⚠ 취약점 C1_TwoCircleRate_03/blue 상대개입 t0=16 gun → 챔프 Δ-29.0 health_zero@37s
Engine location ignored, only thruster location is used.
Engine orientation ignored, only thruster orientation is used.
Engine location ignored, only thruster location is used.
Engine orientation ignored, only thruster orientation is used.
Engine location ignored, only thruster location is used.
Engine orientation ignored, only thruster orientation is used.
Engine location ignored, only thruster location is used.
Engine orientation ignored, only thruster orientation is used.
Engine location ignored, only thruster location is used.
Engine orientation ignored, only thruster orientation is used.
Engine location ignored, only thruster location is used.
Engine orientation ignored, only thruster orientation is used.
⚠ 취약점 C1_TwoCircleRate_03/blue 상대개입 t0=16 level → 챔프 Δ-33.0 health_zero@58s
Engine location ignored, only thruster location is used.
Engine orientation ignored, only thruster orientation is used.
Engine location ignored, only thruster location is used.
Engine orientation ignored, only thruster orientation is used.
⚠ 취약점 C1_TwoCircleRate_03/blue 상대개입 t0=16 gun_pure → 챔프 Δ-33.4 health_zero@38s
Engine location ignored, only thruster location is used.
Engine orientation ignored, only thruster orientation is used.
Engine location ignored, only thruster location is used.
Engine orientation ignored, only thruster orientation is used.
Engine location ignored, only thruster location is used.
Engine orientation ignored, only thruster orientation is used.
Engine location ignored, only thruster location is used.
Engine orientation ignored, only thruster orientation is used.
Engine location ignored, only thruster location is used.
Engine orientation ignored, only thruster orientation is used.
Engine location ignored, only thruster location is used.
Engine orientation ignored, only thruster orientation is used.
Engine location ignored, only thruster location is used.
Engine orientation ignored, only thruster orientation is used.
Engine location ignored, only thruster location is used.
Engine orientation ignored, only thruster orientation is used.
Engine location ignored, only thruster location is used.
Engine orientation ignored, only thruster orientation is used.
Engine location ignored, only thruster location is used.
Engine orientation ignored, only thruster orientation is used.
⚠ 취약점 C1_TwoCircleRate_03/blue 상대개입 t0=20 gun → 챔프 Δ-54.2 health_zero@124s
Engine location ignored, only thruster location is used.
Engine orientation ignored, only thruster orientation is used.
Engine location ignored, only thruster location is used.
Engine orientation ignored, only thruster orientation is used.
Engine location ignored, only thruster location is used.
Engine orientation ignored, only thruster orientation is used.
Engine location ignored, only thruster location is used.
Engine orientation ignored, only thruster orientation is used.
Engine location ignored, only thruster location is used.
Engine orientation ignored, only thruster orientation is used.
Engine location ignored, only thruster location is used.
Engine orientation ignored, only thruster orientation is used.
⚠ 취약점 C1_TwoCircleRate_03/blue 상대개입 t0=20 level → 챔프 Δ-7.2 health_zero@97s
Engine location ignored, only thruster location is used.
Engine orientation ignored, only thruster orientation is used.
Engine location ignored, only thruster location is used.
Engine orientation ignored, only thruster orientation is used.
Engine location ignored, only thruster location is used.
Engine orientation ignored, only thruster orientation is used.
Engine location ignored, only thruster location is used.
Engine orientation ignored, only thruster orientation is used.
Engine location ignored, only thruster location is used.
Engine orientation ignored, only thruster orientation is used.
Engine location ignored, only thruster location is used.
Engine orientation ignored, only thruster orientation is used.
Engine location ignored, only thruster location is used.
Engine orientation ignored, only thruster orientation is used.
Engine location ignored, only thruster location is used.
Engine orientation ignored, only thruster orientation is used.
Engine location ignored, only thruster location is used.
Engine orientation ignored, only thruster orientation is used.
Engine location ignored, only thruster location is used.
Engine orientation ignored, only thruster orientation is used.
Engine location ignored, only thruster location is used.
Engine orientation ignored, only thruster orientation is used.
Engine location ignored, only thruster location is used.
Engine orientation ignored, only thruster orientation is used.
⚠ 취약점 C1_TwoCircleRate_03/blue 상대개입 t0=24 gun → 챔프 Δ-3.9 health_zero@56s
Engine location ignored, only thruster location is used.
Engine orientation ignored, only thruster orientation is used.
Engine location ignored, only thruster location is used.
Engine orientation ignored, only thruster orientation is used.
Engine location ignored, only thruster location is used.
Engine orientation ignored, only thruster orientation is used.
Engine location ignored, only thruster location is used.
Engine orientation ignored, only thruster orientation is used.
Engine location ignored, only thruster location is used.
Engine orientation ignored, only thruster orientation is used.
Engine location ignored, only thruster location is used.
Engine orientation ignored, only thruster orientation is used.
Engine location ignored, only thruster location is used.
Engine orientation ignored, only thruster orientation is used.
Engine location ignored, only thruster location is used.
Engine orientation ignored, only thruster orientation is used.
⚠ 취약점 C1_TwoCircleRate_03/blue 상대개입 t0=24 gun_pure → 챔프 Δ-6.1 health_zero@56s
Engine location ignored, only thruster location is used.
Engine orientation ignored, only thruster orientation is used.
Engine location ignored, only thruster location is used.
Engine orientation ignored, only thruster orientation is used.
Engine location ignored, only thruster location is used.
Engine orientation ignored, only thruster orientation is used.
Engine location ignored, only thruster location is used.
Engine orientation ignored, only thruster orientation is used.
Engine location ignored, only thruster location is used.
Engine orientation ignored, only thruster orientation is used.
Engine location ignored, only thruster location is used.
Engine orientation ignored, only thruster orientation is used.
Engine location ignored, only thruster location is used.
Engine orientation ignored, only thruster orientation is used.
Engine location ignored, only thruster location is used.
Engine orientation ignored, only thruster orientation is used.
Engine location ignored, only thruster location is used.
Engine orientation ignored, only thruster orientation is used.
Engine location ignored, only thruster location is used.
Engine orientation ignored, only thruster orientation is used.
Engine location ignored, only thruster location is used.
Engine orientation ignored, only thruster orientation is used.
Engine location ignored, only thruster location is used.
Engine orientation ignored, only thruster orientation is used.
Engine location ignored, only thruster location is used.
Engine orientation ignored, only thruster orientation is used.
Engine location ignored, only thruster location is used.
Engine orientation ignored, only thruster orientation is used.
Engine location ignored, only thruster location is used.
Engine orientation ignored, only thruster orientation is used.
Engine location ignored, only thruster location is used.
Engine orientation ignored, only thruster orientation is used.
Engine location ignored, only thruster location is used.
Engine orientation ignored, only thruster orientation is used.
Engine location ignored, only thruster location is used.
Engine orientation ignored, only thruster orientation is used.
Engine location ignored, only thruster location is used.
Engine orientation ignored, only thruster orientation is used.
Engine location ignored, only thruster location is used.
Engine orientation ignored, only thruster orientation is used.
Engine location ignored, only thruster location is used.
Engine orientation ignored, only thruster orientation is used.
Engine location ignored, only thruster location is used.
Engine orientation ignored, only thruster orientation is used.
Engine location ignored, only thruster location is used.
Engine orientation ignored, only thruster orientation is used.
Engine location ignored, only thruster location is used.
Engine orientation ignored, only thruster orientation is used.
Engine location ignored, only thruster location is used.
Engine orientation ignored, only thruster orientation is used.
Engine location ignored, only thruster location is used.
Engine orientation ignored, only thruster orientation is used.
Engine location ignored, only thruster location is used.
Engine orientation ignored, only thruster orientation is used.
Engine location ignored, only thruster location is used.
Engine orientation ignored, only thruster orientation is used.
Engine location ignored, only thruster location is used.
Engine orientation ignored, only thruster orientation is used.
Engine location ignored, only thruster location is used.
Engine orientation ignored, only thruster orientation is used.
Engine location ignored, only thruster location is used.
Engine orientation ignored, only thruster orientation is used.
Engine location ignored, only thruster location is used.
Engine orientation ignored, only thruster orientation is used.
Engine location ignored, only thruster location is used.
Engine orientation ignored, only thruster orientation is used.
Engine location ignored, only thruster location is used.
Engine orientation ignored, only thruster orientation is used.
Engine location ignored, only thruster location is used.
Engine orientation ignored, only thruster orientation is used.
Engine location ignored, only thruster location is used.
Engine orientation ignored, only thruster orientation is used.
Engine location ignored, only thruster location is used.
Engine orientation ignored, only thruster orientation is used.
Engine location ignored, only thruster location is used.
Engine orientation ignored, only thruster orientation is used.
Engine location ignored, only thruster location is used.
Engine orientation ignored, only thruster orientation is used.
Engine location ignored, only thruster location is used.
Engine orientation ignored, only thruster orientation is used.
Engine location ignored, only thruster location is used.
Engine orientation ignored, only thruster orientation is used.
Engine location ignored, only thruster location is used.
Engine orientation ignored, only thruster orientation is used.
Engine location ignored, only thruster location is used.
Engine orientation ignored, only thruster orientation is used.
Engine location ignored, only thruster location is used.
Engine orientation ignored, only thruster orientation is used.
Engine location ignored, only thruster location is used.
Engine orientation ignored, only thruster orientation is used.
Engine location ignored, only thruster location is used.
Engine orientation ignored, only thruster orientation is used.
Engine location ignored, only thruster location is used.
Engine orientation ignored, only thruster orientation is used.
Engine location ignored, only thruster location is used.
Engine orientation ignored, only thruster orientation is used.
Engine location ignored, only thruster location is used.
Engine orientation ignored, only thruster orientation is used.
Engine location ignored, only thruster location is used.
Engine orientation ignored, only thruster orientation is used.
Engine location ignored, only thruster location is used.
Engine orientation ignored, only thruster orientation is used.
Engine location ignored, only thruster location is used.
Engine orientation ignored, only thruster orientation is used.
Engine location ignored, only thruster location is used.
Engine orientation ignored, only thruster orientation is used.
Engine location ignored, only thruster location is used.
Engine orientation ignored, only thruster orientation is used.
◆ C1_TwoCircleRate_03/blue 상대개입 72회 중 챔프 패·무 15회
Engine location ignored, only thruster location is used.
Engine orientation ignored, only thruster orientation is used.
Engine location ignored, only thruster location is used.
Engine orientation ignored, only thruster orientation is used.
Engine location ignored, only thruster location is used.
Engine orientation ignored, only thruster orientation is used.
Engine location ignored, only thruster location is used.
Engine orientation ignored, only thruster orientation is used.
Engine location ignored, only thruster location is used.
Engine orientation ignored, only thruster orientation is used.
Engine location ignored, only thruster location is used.
Engine orientation ignored, only thruster orientation is used.
Engine location ignored, only thruster location is used.
Engine orientation ignored, only thruster orientation is used.
Engine location ignored, only thruster location is used.
Engine orientation ignored, only thruster orientation is used.
Engine location ignored, only thruster location is used.
Engine orientation ignored, only thruster orientation is used.
Engine location ignored, only thruster location is used.
Engine orientation ignored, only thruster orientation is used.
Engine location ignored, only thruster location is used.
Engine orientation ignored, only thruster orientation is used.
Engine location ignored, only thruster location is used.
Engine orientation ignored, only thruster orientation is used.
Engine location ignored, only thruster location is used.
Engine orientation ignored, only thruster orientation is used.
Engine location ignored, only thruster location is used.
Engine orientation ignored, only thruster orientation is used.
Engine location ignored, only thruster location is used.
Engine orientation ignored, only thruster orientation is used.
Engine location ignored, only thruster location is used.
Engine orientation ignored, only thruster orientation is used.
Engine location ignored, only thruster location is used.
Engine orientation ignored, only thruster orientation is used.
Engine location ignored, only thruster location is used.
Engine orientation ignored, only thruster orientation is used.
Engine location ignored, only thruster location is used.
Engine orientation ignored, only thruster orientation is used.
Engine location ignored, only thruster location is used.
Engine orientation ignored, only thruster orientation is used.
⚠ 취약점 C3_Lufbery_04/blue 상대개입 t0=12 climb → 챔프 Δ-9.0 health_zero@63s
Engine location ignored, only thruster location is used.
Engine orientation ignored, only thruster orientation is used.
Engine location ignored, only thruster location is used.
Engine orientation ignored, only thruster orientation is used.
⚠ 취약점 C3_Lufbery_04/blue 상대개입 t0=12 dive → 챔프 Δ+0.0 timeout@300s
Engine location ignored, only thruster location is used.
Engine orientation ignored, only thruster orientation is used.
Engine location ignored, only thruster location is used.
Engine orientation ignored, only thruster orientation is used.
⚠ 취약점 C3_Lufbery_04/blue 상대개입 t0=12 break → 챔프 Δ-41.8 health_zero@110s
Engine location ignored, only thruster location is used.
Engine orientation ignored, only thruster orientation is used.
Engine location ignored, only thruster location is used.
Engine orientation ignored, only thruster orientation is used.
⚠ 취약점 C3_Lufbery_04/blue 상대개입 t0=12 extend → 챔프 Δ-29.7 health_zero@37s
Engine location ignored, only thruster location is used.
Engine orientation ignored, only thruster orientation is used.
Engine location ignored, only thruster location is used.
Engine orientation ignored, only thruster orientation is used.
⚠ 취약점 C3_Lufbery_04/blue 상대개입 t0=12 gun → 챔프 Δ-26.6 health_zero@63s
Engine location ignored, only thruster location is used.
Engine orientation ignored, only thruster orientation is used.
Engine location ignored, only thruster location is used.
Engine orientation ignored, only thruster orientation is used.
Engine location ignored, only thruster location is used.
Engine orientation ignored, only thruster orientation is used.
Engine location ignored, only thruster location is used.
Engine orientation ignored, only thruster orientation is used.
⚠ 취약점 C3_Lufbery_04/blue 상대개입 t0=12 two_circle → 챔프 Δ-58.3 health_zero@57s
Engine location ignored, only thruster location is used.
Engine orientation ignored, only thruster orientation is used.
Engine location ignored, only thruster location is used.
Engine orientation ignored, only thruster orientation is used.
⚠ 취약점 C3_Lufbery_04/blue 상대개입 t0=12 level → 챔프 Δ-40.9 health_zero@266s
Engine location ignored, only thruster location is used.
Engine orientation ignored, only thruster orientation is used.
Engine location ignored, only thruster location is used.
Engine orientation ignored, only thruster orientation is used.
⚠ 취약점 C3_Lufbery_04/blue 상대개입 t0=12 gun_pure → 챔프 Δ-27.2 health_zero@63s
Engine location ignored, only thruster location is used.
Engine orientation ignored, only thruster orientation is used.
Engine location ignored, only thruster location is used.
Engine orientation ignored, only thruster orientation is used.
Engine location ignored, only thruster location is used.
Engine orientation ignored, only thruster orientation is used.
Engine location ignored, only thruster location is used.
Engine orientation ignored, only thruster orientation is used.
Engine location ignored, only thruster location is used.
Engine orientation ignored, only thruster orientation is used.
Engine location ignored, only thruster location is used.
Engine orientation ignored, only thruster orientation is used.
⚠ 취약점 C3_Lufbery_04/blue 상대개입 t0=16 break → 챔프 Δ-42.2 health_zero@40s
Engine location ignored, only thruster location is used.
Engine orientation ignored, only thruster orientation is used.
Engine location ignored, only thruster location is used.
Engine orientation ignored, only thruster orientation is used.
⚠ 취약점 C3_Lufbery_04/blue 상대개입 t0=16 extend → 챔프 Δ-46.5 health_zero@158s
Engine location ignored, only thruster location is used.
Engine orientation ignored, only thruster orientation is used.
Engine location ignored, only thruster location is used.
Engine orientation ignored, only thruster orientation is used.
⚠ 취약점 C3_Lufbery_04/blue 상대개입 t0=16 gun → 챔프 Δ-30.5 health_zero@36s
Engine location ignored, only thruster location is used.
Engine orientation ignored, only thruster orientation is used.
Engine location ignored, only thruster location is used.
Engine orientation ignored, only thruster orientation is used.
⚠ 취약점 C3_Lufbery_04/blue 상대개입 t0=16 lag → 챔프 Δ-29.0 health_zero@270s
Engine location ignored, only thruster location is used.
Engine orientation ignored, only thruster orientation is used.
Engine location ignored, only thruster location is used.
Engine orientation ignored, only thruster orientation is used.
⚠ 취약점 C3_Lufbery_04/blue 상대개입 t0=16 two_circle → 챔프 Δ-40.5 health_zero@40s
Engine location ignored, only thruster location is used.
Engine orientation ignored, only thruster orientation is used.
Engine location ignored, only thruster location is used.
Engine orientation ignored, only thruster orientation is used.
⚠ 취약점 C3_Lufbery_04/blue 상대개입 t0=16 level → 챔프 Δ-12.0 health_zero@35s
Engine location ignored, only thruster location is used.
Engine orientation ignored, only thruster orientation is used.
Engine location ignored, only thruster location is used.
Engine orientation ignored, only thruster orientation is used.
⚠ 취약점 C3_Lufbery_04/blue 상대개입 t0=16 gun_pure → 챔프 Δ-26.1 health_zero@37s
Engine location ignored, only thruster location is used.
Engine orientation ignored, only thruster orientation is used.
Engine location ignored, only thruster location is used.
Engine orientation ignored, only thruster orientation is used.
Engine location ignored, only thruster location is used.
Engine orientation ignored, only thruster orientation is used.
Engine location ignored, only thruster location is used.
Engine orientation ignored, only thruster orientation is used.
Engine location ignored, only thruster location is used.
Engine orientation ignored, only thruster orientation is used.
Engine location ignored, only thruster location is used.
Engine orientation ignored, only thruster orientation is used.
Engine location ignored, only thruster location is used.
Engine orientation ignored, only thruster orientation is used.
Engine location ignored, only thruster location is used.
Engine orientation ignored, only thruster orientation is used.
Engine location ignored, only thruster location is used.
Engine orientation ignored, only thruster orientation is used.
Engine location ignored, only thruster location is used.
Engine orientation ignored, only thruster orientation is used.
⚠ 취약점 C3_Lufbery_04/blue 상대개입 t0=20 gun → 챔프 Δ-54.2 health_zero@57s
Engine location ignored, only thruster location is used.
Engine orientation ignored, only thruster orientation is used.
Engine location ignored, only thruster location is used.
Engine orientation ignored, only thruster orientation is used.
Engine location ignored, only thruster location is used.
Engine orientation ignored, only thruster orientation is used.
Engine location ignored, only thruster location is used.
Engine orientation ignored, only thruster orientation is used.
Engine location ignored, only thruster location is used.
Engine orientation ignored, only thruster orientation is used.
Engine location ignored, only thruster location is used.
Engine orientation ignored, only thruster orientation is used.
⚠ 취약점 C3_Lufbery_04/blue 상대개입 t0=20 level → 챔프 Δ-47.0 health_zero@132s
Engine location ignored, only thruster location is used.
Engine orientation ignored, only thruster orientation is used.
Engine location ignored, only thruster location is used.
Engine orientation ignored, only thruster orientation is used.
⚠ 취약점 C3_Lufbery_04/blue 상대개입 t0=20 gun_pure → 챔프 Δ-54.2 health_zero@121s
Engine location ignored, only thruster location is used.
Engine orientation ignored, only thruster orientation is used.
Engine location ignored, only thruster location is used.
Engine orientation ignored, only thruster orientation is used.
⚠ 취약점 C3_Lufbery_04/blue 상대개입 t0=24 climb → 챔프 Δ-3.8 health_zero@61s
Engine location ignored, only thruster location is used.
Engine orientation ignored, only thruster orientation is used.
Engine location ignored, only thruster location is used.
Engine orientation ignored, only thruster orientation is used.
Engine location ignored, only thruster location is used.
Engine orientation ignored, only thruster orientation is used.
Engine location ignored, only thruster location is used.
Engine orientation ignored, only thruster orientation is used.
Engine location ignored, only thruster location is used.
Engine orientation ignored, only thruster orientation is used.
Engine location ignored, only thruster location is used.
Engine orientation ignored, only thruster orientation is used.
Engine location ignored, only thruster location is used.
Engine orientation ignored, only thruster orientation is used.
Engine location ignored, only thruster location is used.
Engine orientation ignored, only thruster orientation is used.
Engine location ignored, only thruster location is used.
Engine orientation ignored, only thruster orientation is used.
Engine location ignored, only thruster location is used.
Engine orientation ignored, only thruster orientation is used.
Engine location ignored, only thruster location is used.
Engine orientation ignored, only thruster orientation is used.
Engine location ignored, only thruster location is used.
Engine orientation ignored, only thruster orientation is used.
⚠ 취약점 C3_Lufbery_04/blue 상대개입 t0=24 two_circle → 챔프 Δ-4.8 health_zero@61s
Engine location ignored, only thruster location is used.
Engine orientation ignored, only thruster orientation is used.
Engine location ignored, only thruster location is used.
Engine orientation ignored, only thruster orientation is used.
Engine location ignored, only thruster location is used.
Engine orientation ignored, only thruster orientation is used.
Engine location ignored, only thruster location is used.
Engine orientation ignored, only thruster orientation is used.
Engine location ignored, only thruster location is used.
Engine orientation ignored, only thruster orientation is used.
Engine location ignored, only thruster location is used.
Engine orientation ignored, only thruster orientation is used.
Engine location ignored, only thruster location is used.
Engine orientation ignored, only thruster orientation is used.
Engine location ignored, only thruster location is used.
Engine orientation ignored, only thruster orientation is used.
Engine location ignored, only thruster location is used.
Engine orientation ignored, only thruster orientation is used.
Engine location ignored, only thruster location is used.
Engine orientation ignored, only thruster orientation is used.
Engine location ignored, only thruster location is used.
Engine orientation ignored, only thruster orientation is used.
Engine location ignored, only thruster location is used.
Engine orientation ignored, only thruster orientation is used.
Engine location ignored, only thruster location is used.
Engine orientation ignored, only thruster orientation is used.
Engine location ignored, only thruster location is used.
Engine orientation ignored, only thruster orientation is used.
Engine location ignored, only thruster location is used.
Engine orientation ignored, only thruster orientation is used.
Engine location ignored, only thruster location is used.
Engine orientation ignored, only thruster orientation is used.
Engine location ignored, only thruster location is used.
Engine orientation ignored, only thruster orientation is used.
Engine location ignored, only thruster location is used.
Engine orientation ignored, only thruster orientation is used.
Engine location ignored, only thruster location is used.
Engine orientation ignored, only thruster orientation is used.
Engine location ignored, only thruster location is used.
Engine orientation ignored, only thruster orientation is used.
Engine location ignored, only thruster location is used.
Engine orientation ignored, only thruster orientation is used.
Engine location ignored, only thruster location is used.
Engine orientation ignored, only thruster orientation is used.
Engine location ignored, only thruster location is used.
Engine orientation ignored, only thruster orientation is used.
Engine location ignored, only thruster location is used.
Engine orientation ignored, only thruster orientation is used.
Engine location ignored, only thruster location is used.
Engine orientation ignored, only thruster orientation is used.
Engine location ignored, only thruster location is used.
Engine orientation ignored, only thruster orientation is used.
Engine location ignored, only thruster location is used.
Engine orientation ignored, only thruster orientation is used.
Engine location ignored, only thruster location is used.
Engine orientation ignored, only thruster orientation is used.
Engine location ignored, only thruster location is used.
Engine orientation ignored, only thruster orientation is used.
Engine location ignored, only thruster location is used.
Engine orientation ignored, only thruster orientation is used.
Engine location ignored, only thruster location is used.
Engine orientation ignored, only thruster orientation is used.
Engine location ignored, only thruster location is used.
Engine orientation ignored, only thruster orientation is used.
Engine location ignored, only thruster location is used.
Engine orientation ignored, only thruster orientation is used.
Engine location ignored, only thruster location is used.
Engine orientation ignored, only thruster orientation is used.
Engine location ignored, only thruster location is used.
Engine orientation ignored, only thruster orientation is used.
Engine location ignored, only thruster location is used.
Engine orientation ignored, only thruster orientation is used.
Engine location ignored, only thruster location is used.
Engine orientation ignored, only thruster orientation is used.
Engine location ignored, only thruster location is used.
Engine orientation ignored, only thruster orientation is used.
Engine location ignored, only thruster location is used.
Engine orientation ignored, only thruster orientation is used.
Engine location ignored, only thruster location is used.
Engine orientation ignored, only thruster orientation is used.
Engine location ignored, only thruster location is used.
Engine orientation ignored, only thruster orientation is used.
Engine location ignored, only thruster location is used.
Engine orientation ignored, only thruster orientation is used.
Engine location ignored, only thruster location is used.
Engine orientation ignored, only thruster orientation is used.
Engine location ignored, only thruster location is used.
Engine orientation ignored, only thruster orientation is used.
Engine location ignored, only thruster location is used.
Engine orientation ignored, only thruster orientation is used.
Engine location ignored, only thruster location is used.
Engine orientation ignored, only thruster orientation is used.
Engine location ignored, only thruster location is used.
Engine orientation ignored, only thruster orientation is used.
Engine location ignored, only thruster location is used.
Engine orientation ignored, only thruster orientation is used.
Engine location ignored, only thruster location is used.
Engine orientation ignored, only thruster orientation is used.
Engine location ignored, only thruster location is used.
Engine orientation ignored, only thruster orientation is used.
Engine location ignored, only thruster location is used.
Engine orientation ignored, only thruster orientation is used.
Engine location ignored, only thruster location is used.
Engine orientation ignored, only thruster orientation is used.
Engine location ignored, only thruster location is used.
Engine orientation ignored, only thruster orientation is used.
Engine location ignored, only thruster location is used.
Engine orientation ignored, only thruster orientation is used.
Engine location ignored, only thruster location is used.
Engine orientation ignored, only thruster orientation is used.
Engine location ignored, only thruster location is used.
Engine orientation ignored, only thruster orientation is used.
Engine location ignored, only thruster location is used.
Engine orientation ignored, only thruster orientation is used.
Engine location ignored, only thruster location is used.
Engine orientation ignored, only thruster orientation is used.
◆ C3_Lufbery_04/blue 상대개입 72회 중 챔프 패·무 20회
Engine location ignored, only thruster location is used.
Engine orientation ignored, only thruster orientation is used.
Engine location ignored, only thruster location is used.
Engine orientation ignored, only thruster orientation is used.
Engine location ignored, only thruster location is used.
Engine orientation ignored, only thruster orientation is used.
Engine location ignored, only thruster location is used.
Engine orientation ignored, only thruster orientation is used.
Engine location ignored, only thruster location is used.
Engine orientation ignored, only thruster orientation is used.
Engine location ignored, only thruster location is used.
Engine orientation ignored, only thruster orientation is used.
Engine location ignored, only thruster location is used.
Engine orientation ignored, only thruster orientation is used.
Engine location ignored, only thruster location is used.
Engine orientation ignored, only thruster orientation is used.
Engine location ignored, only thruster location is used.
Engine orientation ignored, only thruster orientation is used.
Engine location ignored, only thruster location is used.
Engine orientation ignored, only thruster orientation is used.
Engine location ignored, only thruster location is used.
Engine orientation ignored, only thruster orientation is used.
Engine location ignored, only thruster location is used.
Engine orientation ignored, only thruster orientation is used.
Engine location ignored, only thruster location is used.
Engine orientation ignored, only thruster orientation is used.
Engine location ignored, only thruster location is used.
Engine orientation ignored, only thruster orientation is used.
Engine location ignored, only thruster location is used.
Engine orientation ignored, only thruster orientation is used.
Engine location ignored, only thruster location is used.
Engine orientation ignored, only thruster orientation is used.
Engine location ignored, only thruster location is used.
Engine orientation ignored, only thruster orientation is used.
Engine location ignored, only thruster location is used.
Engine orientation ignored, only thruster orientation is used.
Engine location ignored, only thruster location is used.
Engine orientation ignored, only thruster orientation is used.
Engine location ignored, only thruster location is used.
Engine orientation ignored, only thruster orientation is used.
Engine location ignored, only thruster location is used.
Engine orientation ignored, only thruster orientation is used.
Engine location ignored, only thruster location is used.
Engine orientation ignored, only thruster orientation is used.
Engine location ignored, only thruster location is used.
Engine orientation ignored, only thruster orientation is used.
Engine location ignored, only thruster location is used.
Engine orientation ignored, only thruster orientation is used.
Engine location ignored, only thruster location is used.
Engine orientation ignored, only thruster orientation is used.
Engine location ignored, only thruster location is used.
Engine orientation ignored, only thruster orientation is used.
Engine location ignored, only thruster location is used.
Engine orientation ignored, only thruster orientation is used.
Engine location ignored, only thruster location is used.
Engine orientation ignored, only thruster orientation is used.
Engine location ignored, only thruster location is used.
Engine orientation ignored, only thruster orientation is used.
Engine location ignored, only thruster location is used.
Engine orientation ignored, only thruster orientation is used.
Engine location ignored, only thruster location is used.
Engine orientation ignored, only thruster orientation is used.
Engine location ignored, only thruster location is used.
Engine orientation ignored, only thruster orientation is used.
Engine location ignored, only thruster location is used.
Engine orientation ignored, only thruster orientation is used.
Engine location ignored, only thruster location is used.
Engine orientation ignored, only thruster orientation is used.
Engine location ignored, only thruster location is used.
Engine orientation ignored, only thruster orientation is used.
Engine location ignored, only thruster location is used.
Engine orientation ignored, only thruster orientation is used.
Engine location ignored, only thruster location is used.
Engine orientation ignored, only thruster orientation is used.
Engine location ignored, only thruster location is used.
Engine orientation ignored, only thruster orientation is used.
Engine location ignored, only thruster location is used.
Engine orientation ignored, only thruster orientation is used.
Engine location ignored, only thruster location is used.
Engine orientation ignored, only thruster orientation is used.
Engine location ignored, only thruster location is used.
Engine orientation ignored, only thruster orientation is used.
Engine location ignored, only thruster location is used.
Engine orientation ignored, only thruster orientation is used.
Engine location ignored, only thruster location is used.
Engine orientation ignored, only thruster orientation is used.
Engine location ignored, only thruster location is used.
Engine orientation ignored, only thruster orientation is used.
Engine location ignored, only thruster location is used.
Engine orientation ignored, only thruster orientation is used.
Engine location ignored, only thruster location is used.
Engine orientation ignored, only thruster orientation is used.
Engine location ignored, only thruster location is used.
Engine orientation ignored, only thruster orientation is used.
Engine location ignored, only thruster location is used.
Engine orientation ignored, only thruster orientation is used.
Engine location ignored, only thruster location is used.
Engine orientation ignored, only thruster orientation is used.
Engine location ignored, only thruster location is used.
Engine orientation ignored, only thruster orientation is used.
Engine location ignored, only thruster location is used.
Engine orientation ignored, only thruster orientation is used.
Engine location ignored, only thruster location is used.
Engine orientation ignored, only thruster orientation is used.
Engine location ignored, only thruster location is used.
Engine orientation ignored, only thruster orientation is used.
Engine location ignored, only thruster location is used.
Engine orientation ignored, only thruster orientation is used.
⚠ 취약점 D2_LastDitch_03/blue 상대개입 t0=16 gun_pure → 챔프 Δ-0.7 health_zero@43s
Engine location ignored, only thruster location is used.
Engine orientation ignored, only thruster orientation is used.
Engine location ignored, only thruster location is used.
Engine orientation ignored, only thruster orientation is used.
Engine location ignored, only thruster location is used.
Engine orientation ignored, only thruster orientation is used.
Engine location ignored, only thruster location is used.
Engine orientation ignored, only thruster orientation is used.
⚠ 취약점 D2_LastDitch_03/blue 상대개입 t0=20 dive → 챔프 Δ-10.9 health_zero@34s
Engine location ignored, only thruster location is used.
Engine orientation ignored, only thruster orientation is used.
Engine location ignored, only thruster location is used.
Engine orientation ignored, only thruster orientation is used.
Engine location ignored, only thruster location is used.
Engine orientation ignored, only thruster orientation is used.
Engine location ignored, only thruster location is used.
Engine orientation ignored, only thruster orientation is used.
Engine location ignored, only thruster location is used.
Engine orientation ignored, only thruster orientation is used.
Engine location ignored, only thruster location is used.
Engine orientation ignored, only thruster orientation is used.
Engine location ignored, only thruster location is used.
Engine orientation ignored, only thruster orientation is used.
Engine location ignored, only thruster location is used.
Engine orientation ignored, only thruster orientation is used.
Engine location ignored, only thruster location is used.
Engine orientation ignored, only thruster orientation is used.
Engine location ignored, only thruster location is used.
Engine orientation ignored, only thruster orientation is used.
Engine location ignored, only thruster location is used.
Engine orientation ignored, only thruster orientation is used.
Engine location ignored, only thruster location is used.
Engine orientation ignored, only thruster orientation is used.
Engine location ignored, only thruster location is used.
Engine orientation ignored, only thruster orientation is used.
Engine location ignored, only thruster location is used.
Engine orientation ignored, only thruster orientation is used.
Engine location ignored, only thruster location is used.
Engine orientation ignored, only thruster orientation is used.
Engine location ignored, only thruster location is used.
Engine orientation ignored, only thruster orientation is used.
Engine location ignored, only thruster location is used.
Engine orientation ignored, only thruster orientation is used.
Engine location ignored, only thruster location is used.
Engine orientation ignored, only thruster orientation is used.
Engine location ignored, only thruster location is used.
Engine orientation ignored, only thruster orientation is used.
Engine location ignored, only thruster location is used.
Engine orientation ignored, only thruster orientation is used.
Engine location ignored, only thruster location is used.
Engine orientation ignored, only thruster orientation is used.
Engine location ignored, only thruster location is used.
Engine orientation ignored, only thruster orientation is used.
Engine location ignored, only thruster location is used.
Engine orientation ignored, only thruster orientation is used.
Engine location ignored, only thruster location is used.
Engine orientation ignored, only thruster orientation is used.
Engine location ignored, only thruster location is used.
Engine orientation ignored, only thruster orientation is used.
Engine location ignored, only thruster location is used.
Engine orientation ignored, only thruster orientation is used.
Engine location ignored, only thruster location is used.
Engine orientation ignored, only thruster orientation is used.
Engine location ignored, only thruster location is used.
Engine orientation ignored, only thruster orientation is used.
⚠ 취약점 D2_LastDitch_03/blue 상대개입 t0=24 two_circle → 챔프 Δ-29.2 health_zero@131s
Engine location ignored, only thruster location is used.
Engine orientation ignored, only thruster orientation is used.
Engine location ignored, only thruster location is used.
Engine orientation ignored, only thruster orientation is used.
Engine location ignored, only thruster location is used.
Engine orientation ignored, only thruster orientation is used.
Engine location ignored, only thruster location is used.
Engine orientation ignored, only thruster orientation is used.
Engine location ignored, only thruster location is used.
Engine orientation ignored, only thruster orientation is used.
Engine location ignored, only thruster location is used.
Engine orientation ignored, only thruster orientation is used.
Engine location ignored, only thruster location is used.
Engine orientation ignored, only thruster orientation is used.
Engine location ignored, only thruster location is used.
Engine orientation ignored, only thruster orientation is used.
Engine location ignored, only thruster location is used.
Engine orientation ignored, only thruster orientation is used.
Engine location ignored, only thruster location is used.
Engine orientation ignored, only thruster orientation is used.
Engine location ignored, only thruster location is used.
Engine orientation ignored, only thruster orientation is used.
Engine location ignored, only thruster location is used.
Engine orientation ignored, only thruster orientation is used.
Engine location ignored, only thruster location is used.
Engine orientation ignored, only thruster orientation is used.
Engine location ignored, only thruster location is used.
Engine orientation ignored, only thruster orientation is used.
Engine location ignored, only thruster location is used.
Engine orientation ignored, only thruster orientation is used.
Engine location ignored, only thruster location is used.
Engine orientation ignored, only thruster orientation is used.
Engine location ignored, only thruster location is used.
Engine orientation ignored, only thruster orientation is used.
Engine location ignored, only thruster location is used.
Engine orientation ignored, only thruster orientation is used.
Engine location ignored, only thruster location is used.
Engine orientation ignored, only thruster orientation is used.
Engine location ignored, only thruster location is used.
Engine orientation ignored, only thruster orientation is used.
Engine location ignored, only thruster location is used.
Engine orientation ignored, only thruster orientation is used.
Engine location ignored, only thruster location is used.
Engine orientation ignored, only thruster orientation is used.
Engine location ignored, only thruster location is used.
Engine orientation ignored, only thruster orientation is used.
Engine location ignored, only thruster location is used.
Engine orientation ignored, only thruster orientation is used.
Engine location ignored, only thruster location is used.
Engine orientation ignored, only thruster orientation is used.
Engine location ignored, only thruster location is used.
Engine orientation ignored, only thruster orientation is used.
Engine location ignored, only thruster location is used.
Engine orientation ignored, only thruster orientation is used.
Engine location ignored, only thruster location is used.
Engine orientation ignored, only thruster orientation is used.
Engine location ignored, only thruster location is used.
Engine orientation ignored, only thruster orientation is used.
Engine location ignored, only thruster location is used.
Engine orientation ignored, only thruster orientation is used.
Engine location ignored, only thruster location is used.
Engine orientation ignored, only thruster orientation is used.
Engine location ignored, only thruster location is used.
Engine orientation ignored, only thruster orientation is used.
Engine location ignored, only thruster location is used.
Engine orientation ignored, only thruster orientation is used.
Engine location ignored, only thruster location is used.
Engine orientation ignored, only thruster orientation is used.
Engine location ignored, only thruster location is used.
Engine orientation ignored, only thruster orientation is used.
Engine location ignored, only thruster location is used.
Engine orientation ignored, only thruster orientation is used.
Engine location ignored, only thruster location is used.
Engine orientation ignored, only thruster orientation is used.
Engine location ignored, only thruster location is used.
Engine orientation ignored, only thruster orientation is used.
Engine location ignored, only thruster location is used.
Engine orientation ignored, only thruster orientation is used.
Engine location ignored, only thruster location is used.
Engine orientation ignored, only thruster orientation is used.
Engine location ignored, only thruster location is used.
Engine orientation ignored, only thruster orientation is used.
Engine location ignored, only thruster location is used.
Engine orientation ignored, only thruster orientation is used.
Engine location ignored, only thruster location is used.
Engine orientation ignored, only thruster orientation is used.
Engine location ignored, only thruster location is used.
Engine orientation ignored, only thruster orientation is used.
Engine location ignored, only thruster location is used.
Engine orientation ignored, only thruster orientation is used.
Engine location ignored, only thruster location is used.
Engine orientation ignored, only thruster orientation is used.
Engine location ignored, only thruster location is used.
Engine orientation ignored, only thruster orientation is used.
Engine location ignored, only thruster location is used.
Engine orientation ignored, only thruster orientation is used.
Engine location ignored, only thruster location is used.
Engine orientation ignored, only thruster orientation is used.
Engine location ignored, only thruster location is used.
Engine orientation ignored, only thruster orientation is used.
Engine location ignored, only thruster location is used.
Engine orientation ignored, only thruster orientation is used.
Engine location ignored, only thruster location is used.
Engine orientation ignored, only thruster orientation is used.
Engine location ignored, only thruster location is used.
Engine orientation ignored, only thruster orientation is used.
Engine location ignored, only thruster location is used.
Engine orientation ignored, only thruster orientation is used.
Engine location ignored, only thruster location is used.
Engine orientation ignored, only thruster orientation is used.
Engine location ignored, only thruster location is used.
Engine orientation ignored, only thruster orientation is used.
Engine location ignored, only thruster location is used.
Engine orientation ignored, only thruster orientation is used.
Engine location ignored, only thruster location is used.
Engine orientation ignored, only thruster orientation is used.
◆ D2_LastDitch_03/blue 상대개입 72회 중 챔프 패·무 3회
Engine location ignored, only thruster location is used.
Engine orientation ignored, only thruster orientation is used.
Engine location ignored, only thruster location is used.
Engine orientation ignored, only thruster orientation is used.
Engine location ignored, only thruster location is used.
Engine orientation ignored, only thruster orientation is used.
Engine location ignored, only thruster location is used.
Engine orientation ignored, only thruster orientation is used.
Engine location ignored, only thruster location is used.
Engine orientation ignored, only thruster orientation is used.
Engine location ignored, only thruster location is used.
Engine orientation ignored, only thruster orientation is used.
Engine location ignored, only thruster location is used.
Engine orientation ignored, only thruster orientation is used.
Engine location ignored, only thruster location is used.
Engine orientation ignored, only thruster orientation is used.
⚠ 취약점 E1_AdaptiveAce_06/blue 상대개입 t0=8 extend → 챔프 Δ-10.9 health_zero@205s
Engine location ignored, only thruster location is used.
Engine orientation ignored, only thruster orientation is used.
Engine location ignored, only thruster location is used.
Engine orientation ignored, only thruster orientation is used.
Engine location ignored, only thruster location is used.
Engine orientation ignored, only thruster orientation is used.
Engine location ignored, only thruster location is used.
Engine orientation ignored, only thruster orientation is used.
Engine location ignored, only thruster location is used.
Engine orientation ignored, only thruster orientation is used.
Engine location ignored, only thruster location is used.
Engine orientation ignored, only thruster orientation is used.
Engine location ignored, only thruster location is used.
Engine orientation ignored, only thruster orientation is used.
Engine location ignored, only thruster location is used.
Engine orientation ignored, only thruster orientation is used.
Engine location ignored, only thruster location is used.
Engine orientation ignored, only thruster orientation is used.
Engine location ignored, only thruster location is used.
Engine orientation ignored, only thruster orientation is used.
Engine location ignored, only thruster location is used.
Engine orientation ignored, only thruster orientation is used.
Engine location ignored, only thruster location is used.
Engine orientation ignored, only thruster orientation is used.
⚠ 취약점 E1_AdaptiveAce_06/blue 상대개입 t0=12 climb → 챔프 Δ+17.6 stall@87s
Engine location ignored, only thruster location is used.
Engine orientation ignored, only thruster orientation is used.
Engine location ignored, only thruster location is used.
Engine orientation ignored, only thruster orientation is used.
⚠ 취약점 E1_AdaptiveAce_06/blue 상대개입 t0=12 dive → 챔프 Δ+0.0 timeout@300s
Engine location ignored, only thruster location is used.
Engine orientation ignored, only thruster orientation is used.
Engine location ignored, only thruster location is used.
Engine orientation ignored, only thruster orientation is used.
Engine location ignored, only thruster location is used.
Engine orientation ignored, only thruster orientation is used.
Engine location ignored, only thruster location is used.
Engine orientation ignored, only thruster orientation is used.
⚠ 취약점 E1_AdaptiveAce_06/blue 상대개입 t0=12 extend → 챔프 Δ-33.5 health_zero@37s
Engine location ignored, only thruster location is used.
Engine orientation ignored, only thruster orientation is used.
Engine location ignored, only thruster location is used.
Engine orientation ignored, only thruster orientation is used.
⚠ 취약점 E1_AdaptiveAce_06/blue 상대개입 t0=12 gun → 챔프 Δ-44.0 health_zero@36s
Engine location ignored, only thruster location is used.
Engine orientation ignored, only thruster orientation is used.
Engine location ignored, only thruster location is used.
Engine orientation ignored, only thruster orientation is used.
Engine location ignored, only thruster location is used.
Engine orientation ignored, only thruster orientation is used.
Engine location ignored, only thruster location is used.
Engine orientation ignored, only thruster orientation is used.
Engine location ignored, only thruster location is used.
Engine orientation ignored, only thruster orientation is used.
Engine location ignored, only thruster location is used.
Engine orientation ignored, only thruster orientation is used.
Engine location ignored, only thruster location is used.
Engine orientation ignored, only thruster orientation is used.
Engine location ignored, only thruster location is used.
Engine orientation ignored, only thruster orientation is used.
⚠ 취약점 E1_AdaptiveAce_06/blue 상대개입 t0=12 gun_pure → 챔프 Δ-44.2 health_zero@36s
Engine location ignored, only thruster location is used.
Engine orientation ignored, only thruster orientation is used.
Engine location ignored, only thruster location is used.
Engine orientation ignored, only thruster orientation is used.
Engine location ignored, only thruster location is used.
Engine orientation ignored, only thruster orientation is used.
Engine location ignored, only thruster location is used.
Engine orientation ignored, only thruster orientation is used.
Engine location ignored, only thruster location is used.
Engine orientation ignored, only thruster orientation is used.
Engine location ignored, only thruster location is used.
Engine orientation ignored, only thruster orientation is used.
Engine location ignored, only thruster location is used.
Engine orientation ignored, only thruster orientation is used.
Engine location ignored, only thruster location is used.
Engine orientation ignored, only thruster orientation is used.
Engine location ignored, only thruster location is used.
Engine orientation ignored, only thruster orientation is used.
Engine location ignored, only thruster location is used.
Engine orientation ignored, only thruster orientation is used.
⚠ 취약점 E1_AdaptiveAce_06/blue 상대개입 t0=16 gun → 챔프 Δ-28.6 health_zero@37s
Engine location ignored, only thruster location is used.
Engine orientation ignored, only thruster orientation is used.
Engine location ignored, only thruster location is used.
Engine orientation ignored, only thruster orientation is used.
Engine location ignored, only thruster location is used.
Engine orientation ignored, only thruster orientation is used.
Engine location ignored, only thruster location is used.
Engine orientation ignored, only thruster orientation is used.
Engine location ignored, only thruster location is used.
Engine orientation ignored, only thruster orientation is used.
Engine location ignored, only thruster location is used.
Engine orientation ignored, only thruster orientation is used.
⚠ 취약점 E1_AdaptiveAce_06/blue 상대개입 t0=16 level → 챔프 Δ-29.0 health_zero@59s
Engine location ignored, only thruster location is used.
Engine orientation ignored, only thruster orientation is used.
Engine location ignored, only thruster location is used.
Engine orientation ignored, only thruster orientation is used.
⚠ 취약점 E1_AdaptiveAce_06/blue 상대개입 t0=16 gun_pure → 챔프 Δ-33.9 health_zero@156s
Engine location ignored, only thruster location is used.
Engine orientation ignored, only thruster orientation is used.
Engine location ignored, only thruster location is used.
Engine orientation ignored, only thruster orientation is used.
Engine location ignored, only thruster location is used.
Engine orientation ignored, only thruster orientation is used.
Engine location ignored, only thruster location is used.
Engine orientation ignored, only thruster orientation is used.
Engine location ignored, only thruster location is used.
Engine orientation ignored, only thruster orientation is used.
Engine location ignored, only thruster location is used.
Engine orientation ignored, only thruster orientation is used.
Engine location ignored, only thruster location is used.
Engine orientation ignored, only thruster orientation is used.
Engine location ignored, only thruster location is used.
Engine orientation ignored, only thruster orientation is used.
Engine location ignored, only thruster location is used.
Engine orientation ignored, only thruster orientation is used.
Engine location ignored, only thruster location is used.
Engine orientation ignored, only thruster orientation is used.
Engine location ignored, only thruster location is used.
Engine orientation ignored, only thruster orientation is used.
Engine location ignored, only thruster location is used.
Engine orientation ignored, only thruster orientation is used.
Engine location ignored, only thruster location is used.
Engine orientation ignored, only thruster orientation is used.
Engine location ignored, only thruster location is used.
Engine orientation ignored, only thruster orientation is used.
Engine location ignored, only thruster location is used.
Engine orientation ignored, only thruster orientation is used.
Engine location ignored, only thruster location is used.
Engine orientation ignored, only thruster orientation is used.
Engine location ignored, only thruster location is used.
Engine orientation ignored, only thruster orientation is used.
Engine location ignored, only thruster location is used.
Engine orientation ignored, only thruster orientation is used.
Engine location ignored, only thruster location is used.
Engine orientation ignored, only thruster orientation is used.
Engine location ignored, only thruster location is used.
Engine orientation ignored, only thruster orientation is used.
Engine location ignored, only thruster location is used.
Engine orientation ignored, only thruster orientation is used.
Engine location ignored, only thruster location is used.
Engine orientation ignored, only thruster orientation is used.
Engine location ignored, only thruster location is used.
Engine orientation ignored, only thruster orientation is used.
Engine location ignored, only thruster location is used.
Engine orientation ignored, only thruster orientation is used.
Engine location ignored, only thruster location is used.
Engine orientation ignored, only thruster orientation is used.
Engine location ignored, only thruster location is used.
Engine orientation ignored, only thruster orientation is used.
Engine location ignored, only thruster location is used.
Engine orientation ignored, only thruster orientation is used.
Engine location ignored, only thruster location is used.
Engine orientation ignored, only thruster orientation is used.
Engine location ignored, only thruster location is used.
Engine orientation ignored, only thruster orientation is used.
Engine location ignored, only thruster location is used.
Engine orientation ignored, only thruster orientation is used.
Engine location ignored, only thruster location is used.
Engine orientation ignored, only thruster orientation is used.
Engine location ignored, only thruster location is used.
Engine orientation ignored, only thruster orientation is used.
Engine location ignored, only thruster location is used.
Engine orientation ignored, only thruster orientation is used.
Engine location ignored, only thruster location is used.
Engine orientation ignored, only thruster orientation is used.
Engine location ignored, only thruster location is used.
Engine orientation ignored, only thruster orientation is used.
Engine location ignored, only thruster location is used.
Engine orientation ignored, only thruster orientation is used.
Engine location ignored, only thruster location is used.
Engine orientation ignored, only thruster orientation is used.
Engine location ignored, only thruster location is used.
Engine orientation ignored, only thruster orientation is used.
Engine location ignored, only thruster location is used.
Engine orientation ignored, only thruster orientation is used.
Engine location ignored, only thruster location is used.
Engine orientation ignored, only thruster orientation is used.
Engine location ignored, only thruster location is used.
Engine orientation ignored, only thruster orientation is used.
Engine location ignored, only thruster location is used.
Engine orientation ignored, only thruster orientation is used.
Engine location ignored, only thruster location is used.
Engine orientation ignored, only thruster orientation is used.
Engine location ignored, only thruster location is used.
Engine orientation ignored, only thruster orientation is used.
Engine location ignored, only thruster location is used.
Engine orientation ignored, only thruster orientation is used.
Engine location ignored, only thruster location is used.
Engine orientation ignored, only thruster orientation is used.
Engine location ignored, only thruster location is used.
Engine orientation ignored, only thruster orientation is used.
Engine location ignored, only thruster location is used.
Engine orientation ignored, only thruster orientation is used.
Engine location ignored, only thruster location is used.
Engine orientation ignored, only thruster orientation is used.
Engine location ignored, only thruster location is used.
Engine orientation ignored, only thruster orientation is used.
Engine location ignored, only thruster location is used.
Engine orientation ignored, only thruster orientation is used.
Engine location ignored, only thruster location is used.
Engine orientation ignored, only thruster orientation is used.
Engine location ignored, only thruster location is used.
Engine orientation ignored, only thruster orientation is used.
Engine location ignored, only thruster location is used.
Engine orientation ignored, only thruster orientation is used.
Engine location ignored, only thruster location is used.
Engine orientation ignored, only thruster orientation is used.
Engine location ignored, only thruster location is used.
Engine orientation ignored, only thruster orientation is used.
Engine location ignored, only thruster location is used.
Engine orientation ignored, only thruster orientation is used.
Engine location ignored, only thruster location is used.
Engine orientation ignored, only thruster orientation is used.
Engine location ignored, only thruster location is used.
Engine orientation ignored, only thruster orientation is used.
Engine location ignored, only thruster location is used.
Engine orientation ignored, only thruster orientation is used.
Engine location ignored, only thruster location is used.
Engine orientation ignored, only thruster orientation is used.
Engine location ignored, only thruster location is used.
Engine orientation ignored, only thruster orientation is used.
Engine location ignored, only thruster location is used.
Engine orientation ignored, only thruster orientation is used.
Engine location ignored, only thruster location is used.
Engine orientation ignored, only thruster orientation is used.
Engine location ignored, only thruster location is used.
Engine orientation ignored, only thruster orientation is used.
Engine location ignored, only thruster location is used.
Engine orientation ignored, only thruster orientation is used.
Engine location ignored, only thruster location is used.
Engine orientation ignored, only thruster orientation is used.
Engine location ignored, only thruster location is used.
Engine orientation ignored, only thruster orientation is used.
Engine location ignored, only thruster location is used.
Engine orientation ignored, only thruster orientation is used.
Engine location ignored, only thruster location is used.
Engine orientation ignored, only thruster orientation is used.
Engine location ignored, only thruster location is used.
Engine orientation ignored, only thruster orientation is used.
Engine location ignored, only thruster location is used.
Engine orientation ignored, only thruster orientation is used.
Engine location ignored, only thruster location is used.
Engine orientation ignored, only thruster orientation is used.
Engine location ignored, only thruster location is used.
Engine orientation ignored, only thruster orientation is used.
Engine location ignored, only thruster location is used.
Engine orientation ignored, only thruster orientation is used.
Engine location ignored, only thruster location is used.
Engine orientation ignored, only thruster orientation is used.
Engine location ignored, only thruster location is used.
Engine orientation ignored, only thruster orientation is used.
Engine location ignored, only thruster location is used.
Engine orientation ignored, only thruster orientation is used.
Engine location ignored, only thruster location is used.
Engine orientation ignored, only thruster orientation is used.
Engine location ignored, only thruster location is used.
Engine orientation ignored, only thruster orientation is used.
Engine location ignored, only thruster location is used.
Engine orientation ignored, only thruster orientation is used.
Engine location ignored, only thruster location is used.
Engine orientation ignored, only thruster orientation is used.
Engine location ignored, only thruster location is used.
Engine orientation ignored, only thruster orientation is used.
Engine location ignored, only thruster location is used.
Engine orientation ignored, only thruster orientation is used.
Engine location ignored, only thruster location is used.
Engine orientation ignored, only thruster orientation is used.
Engine location ignored, only thruster location is used.
Engine orientation ignored, only thruster orientation is used.
Engine location ignored, only thruster location is used.
Engine orientation ignored, only thruster orientation is used.
Engine location ignored, only thruster location is used.
Engine orientation ignored, only thruster orientation is used.
Engine location ignored, only thruster location is used.
Engine orientation ignored, only thruster orientation is used.
Engine location ignored, only thruster location is used.
Engine orientation ignored, only thruster orientation is used.
◆ E1_AdaptiveAce_06/blue 상대개입 72회 중 챔프 패·무 9회
저장: C:\Users\USER\Desktop\AI-pilot\core2\port_measure\loop25_red\red_finalv3_2of4.csv
