

     JSBSim Flight Dynamics Model v1.3.0 [GitHub build 1742/commit 01ea7816288dce9e9f6a1a6dc048014bc65d699e] Apr  9 2026 10:02:36
            [JSBSim-ML v2.0]

JSBSim startup beginning ...

Engine location ignored, only thruster location is used.
Engine orientation ignored, only thruster orientation is used.
Engine location ignored, only thruster location is used.
Engine orientation ignored, only thruster orientation is used.
Engine location ignored, only thruster location is used.
Engine orientation ignored, only thruster orientation is used.
Engine location ignored, only thruster location is used.
Engine orientation ignored, only thruster orientation is used.
Engine location ignored, only thruster location is used.
Engine orientation ignored, only thruster orientation is used.
Engine location ignored, only thruster location is used.
Engine orientation ignored, only thruster orientation is used.
Engine location ignored, only thruster location is used.
Engine orientation ignored, only thruster orientation is used.
Engine location ignored, only thruster location is used.
Engine orientation ignored, only thruster orientation is used.
⚠ 취약점 anchor_simple/red 상대개입 t0=8 extend → 챔프 Δ+0.0 health_zero@91s
Engine location ignored, only thruster location is used.
Engine orientation ignored, only thruster orientation is used.
Engine location ignored, only thruster location is used.
Engine orientation ignored, only thruster orientation is used.
Engine location ignored, only thruster location is used.
Engine orientation ignored, only thruster orientation is used.
Engine location ignored, only thruster location is used.
Engine orientation ignored, only thruster orientation is used.
Engine location ignored, only thruster location is used.
Engine orientation ignored, only thruster orientation is used.
Engine location ignored, only thruster location is used.
Engine orientation ignored, only thruster orientation is used.
Engine location ignored, only thruster location is used.
Engine orientation ignored, only thruster orientation is used.
Engine location ignored, only thruster location is used.
Engine orientation ignored, only thruster orientation is used.
Engine location ignored, only thruster location is used.
Engine orientation ignored, only thruster orientation is used.
Engine location ignored, only thruster location is used.
Engine orientation ignored, only thruster orientation is used.
Engine location ignored, only thruster location is used.
Engine orientation ignored, only thruster orientation is used.
Engine location ignored, only thruster location is used.
Engine orientation ignored, only thruster orientation is used.
Engine location ignored, only thruster location is used.
Engine orientation ignored, only thruster orientation is used.
Engine location ignored, only thruster location is used.
Engine orientation ignored, only thruster orientation is used.
Engine location ignored, only thruster location is used.
Engine orientation ignored, only thruster orientation is used.
Engine location ignored, only thruster location is used.
Engine orientation ignored, only thruster orientation is used.
Engine location ignored, only thruster location is used.
Engine orientation ignored, only thruster orientation is used.
Engine location ignored, only thruster location is used.
Engine orientation ignored, only thruster orientation is used.
Engine location ignored, only thruster location is used.
Engine orientation ignored, only thruster orientation is used.
Engine location ignored, only thruster location is used.
Engine orientation ignored, only thruster orientation is used.
Engine location ignored, only thruster location is used.
Engine orientation ignored, only thruster orientation is used.
Engine location ignored, only thruster location is used.
Engine orientation ignored, only thruster orientation is used.
Engine location ignored, only thruster location is used.
Engine orientation ignored, only thruster orientation is used.
Engine location ignored, only thruster location is used.
Engine orientation ignored, only thruster orientation is used.
Engine location ignored, only thruster location is used.
Engine orientation ignored, only thruster orientation is used.
Engine location ignored, only thruster location is used.
Engine orientation ignored, only thruster orientation is used.
Engine location ignored, only thruster location is used.
Engine orientation ignored, only thruster orientation is used.
Engine location ignored, only thruster location is used.
Engine orientation ignored, only thruster orientation is used.
Engine location ignored, only thruster location is used.
Engine orientation ignored, only thruster orientation is used.
Engine location ignored, only thruster location is used.
Engine orientation ignored, only thruster orientation is used.
Engine location ignored, only thruster location is used.
Engine orientation ignored, only thruster orientation is used.
Engine location ignored, only thruster location is used.
Engine orientation ignored, only thruster orientation is used.
Engine location ignored, only thruster location is used.
Engine orientation ignored, only thruster orientation is used.
Engine location ignored, only thruster location is used.
Engine orientation ignored, only thruster orientation is used.
Engine location ignored, only thruster location is used.
Engine orientation ignored, only thruster orientation is used.
Engine location ignored, only thruster location is used.
Engine orientation ignored, only thruster orientation is used.
Engine location ignored, only thruster location is used.
Engine orientation ignored, only thruster orientation is used.
Engine location ignored, only thruster location is used.
Engine orientation ignored, only thruster orientation is used.
⚠ 취약점 anchor_simple/red 상대개입 t0=16 gun → 챔프 Δ-3.9 health_zero@37s
Engine location ignored, only thruster location is used.
Engine orientation ignored, only thruster orientation is used.
Engine location ignored, only thruster location is used.
Engine orientation ignored, only thruster orientation is used.
⚠ 취약점 anchor_simple/red 상대개입 t0=16 lag → 챔프 Δ-0.4 health_zero@34s
Engine location ignored, only thruster location is used.
Engine orientation ignored, only thruster orientation is used.
Engine location ignored, only thruster location is used.
Engine orientation ignored, only thruster orientation is used.
Engine location ignored, only thruster location is used.
Engine orientation ignored, only thruster orientation is used.
Engine location ignored, only thruster location is used.
Engine orientation ignored, only thruster orientation is used.
Engine location ignored, only thruster location is used.
Engine orientation ignored, only thruster orientation is used.
Engine location ignored, only thruster location is used.
Engine orientation ignored, only thruster orientation is used.
⚠ 취약점 anchor_simple/red 상대개입 t0=16 gun_pure → 챔프 Δ-4.1 health_zero@38s
Engine location ignored, only thruster location is used.
Engine orientation ignored, only thruster orientation is used.
Engine location ignored, only thruster location is used.
Engine orientation ignored, only thruster orientation is used.
Engine location ignored, only thruster location is used.
Engine orientation ignored, only thruster orientation is used.
Engine location ignored, only thruster location is used.
Engine orientation ignored, only thruster orientation is used.
Engine location ignored, only thruster location is used.
Engine orientation ignored, only thruster orientation is used.
Engine location ignored, only thruster location is used.
Engine orientation ignored, only thruster orientation is used.
Engine location ignored, only thruster location is used.
Engine orientation ignored, only thruster orientation is used.
Engine location ignored, only thruster location is used.
Engine orientation ignored, only thruster orientation is used.
Engine location ignored, only thruster location is used.
Engine orientation ignored, only thruster orientation is used.
Engine location ignored, only thruster location is used.
Engine orientation ignored, only thruster orientation is used.
Engine location ignored, only thruster location is used.
Engine orientation ignored, only thruster orientation is used.
Engine location ignored, only thruster location is used.
Engine orientation ignored, only thruster orientation is used.
Engine location ignored, only thruster location is used.
Engine orientation ignored, only thruster orientation is used.
Engine location ignored, only thruster location is used.
Engine orientation ignored, only thruster orientation is used.
Engine location ignored, only thruster location is used.
Engine orientation ignored, only thruster orientation is used.
Engine location ignored, only thruster location is used.
Engine orientation ignored, only thruster orientation is used.
Engine location ignored, only thruster location is used.
Engine orientation ignored, only thruster orientation is used.
Engine location ignored, only thruster location is used.
Engine orientation ignored, only thruster orientation is used.
Engine location ignored, only thruster location is used.
Engine orientation ignored, only thruster orientation is used.
Engine location ignored, only thruster location is used.
Engine orientation ignored, only thruster orientation is used.
Engine location ignored, only thruster location is used.
Engine orientation ignored, only thruster orientation is used.
Engine location ignored, only thruster location is used.
Engine orientation ignored, only thruster orientation is used.
Engine location ignored, only thruster location is used.
Engine orientation ignored, only thruster orientation is used.
Engine location ignored, only thruster location is used.
Engine orientation ignored, only thruster orientation is used.
Engine location ignored, only thruster location is used.
Engine orientation ignored, only thruster orientation is used.
Engine location ignored, only thruster location is used.
Engine orientation ignored, only thruster orientation is used.
Engine location ignored, only thruster location is used.
Engine orientation ignored, only thruster orientation is used.
Engine location ignored, only thruster location is used.
Engine orientation ignored, only thruster orientation is used.
Engine location ignored, only thruster location is used.
Engine orientation ignored, only thruster orientation is used.
Engine location ignored, only thruster location is used.
Engine orientation ignored, only thruster orientation is used.
Engine location ignored, only thruster location is used.
Engine orientation ignored, only thruster orientation is used.
Engine location ignored, only thruster location is used.
Engine orientation ignored, only thruster orientation is used.
Engine location ignored, only thruster location is used.
Engine orientation ignored, only thruster orientation is used.
Engine location ignored, only thruster location is used.
Engine orientation ignored, only thruster orientation is used.
Engine location ignored, only thruster location is used.
Engine orientation ignored, only thruster orientation is used.
Engine location ignored, only thruster location is used.
Engine orientation ignored, only thruster orientation is used.
Engine location ignored, only thruster location is used.
Engine orientation ignored, only thruster orientation is used.
Engine location ignored, only thruster location is used.
Engine orientation ignored, only thruster orientation is used.
Engine location ignored, only thruster location is used.
Engine orientation ignored, only thruster orientation is used.
Engine location ignored, only thruster location is used.
Engine orientation ignored, only thruster orientation is used.
Engine location ignored, only thruster location is used.
Engine orientation ignored, only thruster orientation is used.
Engine location ignored, only thruster location is used.
Engine orientation ignored, only thruster orientation is used.
Engine location ignored, only thruster location is used.
Engine orientation ignored, only thruster orientation is used.
Engine location ignored, only thruster location is used.
Engine orientation ignored, only thruster orientation is used.
Engine location ignored, only thruster location is used.
Engine orientation ignored, only thruster orientation is used.
Engine location ignored, only thruster location is used.
Engine orientation ignored, only thruster orientation is used.
Engine location ignored, only thruster location is used.
Engine orientation ignored, only thruster orientation is used.
Engine location ignored, only thruster location is used.
Engine orientation ignored, only thruster orientation is used.
Engine location ignored, only thruster location is used.
Engine orientation ignored, only thruster orientation is used.
Engine location ignored, only thruster location is used.
Engine orientation ignored, only thruster orientation is used.
Engine location ignored, only thruster location is used.
Engine orientation ignored, only thruster orientation is used.
Engine location ignored, only thruster location is used.
Engine orientation ignored, only thruster orientation is used.
Engine location ignored, only thruster location is used.
Engine orientation ignored, only thruster orientation is used.
Engine location ignored, only thruster location is used.
Engine orientation ignored, only thruster orientation is used.
Engine location ignored, only thruster location is used.
Engine orientation ignored, only thruster orientation is used.
Engine location ignored, only thruster location is used.
Engine orientation ignored, only thruster orientation is used.
Engine location ignored, only thruster location is used.
Engine orientation ignored, only thruster orientation is used.
Engine location ignored, only thruster location is used.
Engine orientation ignored, only thruster orientation is used.
Engine location ignored, only thruster location is used.
Engine orientation ignored, only thruster orientation is used.
Engine location ignored, only thruster location is used.
Engine orientation ignored, only thruster orientation is used.
Engine location ignored, only thruster location is used.
Engine orientation ignored, only thruster orientation is used.
Engine location ignored, only thruster location is used.
Engine orientation ignored, only thruster orientation is used.
Engine location ignored, only thruster location is used.
Engine orientation ignored, only thruster orientation is used.
Engine location ignored, only thruster location is used.
Engine orientation ignored, only thruster orientation is used.
Engine location ignored, only thruster location is used.
Engine orientation ignored, only thruster orientation is used.
Engine location ignored, only thruster location is used.
Engine orientation ignored, only thruster orientation is used.
Engine location ignored, only thruster location is used.
Engine orientation ignored, only thruster orientation is used.
Engine location ignored, only thruster location is used.
Engine orientation ignored, only thruster orientation is used.
Engine location ignored, only thruster location is used.
Engine orientation ignored, only thruster orientation is used.
Engine location ignored, only thruster location is used.
Engine orientation ignored, only thruster orientation is used.
Engine location ignored, only thruster location is used.
Engine orientation ignored, only thruster orientation is used.
Engine location ignored, only thruster location is used.
Engine orientation ignored, only thruster orientation is used.
Engine location ignored, only thruster location is used.
Engine orientation ignored, only thruster orientation is used.
Engine location ignored, only thruster location is used.
Engine orientation ignored, only thruster orientation is used.
Engine location ignored, only thruster location is used.
Engine orientation ignored, only thruster orientation is used.
Engine location ignored, only thruster location is used.
Engine orientation ignored, only thruster orientation is used.
Engine location ignored, only thruster location is used.
Engine orientation ignored, only thruster orientation is used.
Engine location ignored, only thruster location is used.
Engine orientation ignored, only thruster orientation is used.
Engine location ignored, only thruster location is used.
Engine orientation ignored, only thruster orientation is used.
Engine location ignored, only thruster location is used.
Engine orientation ignored, only thruster orientation is used.
Engine location ignored, only thruster location is used.
Engine orientation ignored, only thruster orientation is used.
Engine location ignored, only thruster location is used.
Engine orientation ignored, only thruster orientation is used.
Engine location ignored, only thruster location is used.
Engine orientation ignored, only thruster orientation is used.
Engine location ignored, only thruster location is used.
Engine orientation ignored, only thruster orientation is used.
Engine location ignored, only thruster location is used.
Engine orientation ignored, only thruster orientation is used.
Engine location ignored, only thruster location is used.
Engine orientation ignored, only thruster orientation is used.
Engine location ignored, only thruster location is used.
Engine orientation ignored, only thruster orientation is used.
Engine location ignored, only thruster location is used.
Engine orientation ignored, only thruster orientation is used.
Engine location ignored, only thruster location is used.
Engine orientation ignored, only thruster orientation is used.
Engine location ignored, only thruster location is used.
Engine orientation ignored, only thruster orientation is used.
◆ anchor_simple/red 상대개입 72회 중 챔프 패·무 4회
Engine location ignored, only thruster location is used.
Engine orientation ignored, only thruster orientation is used.
Engine location ignored, only thruster location is used.
Engine orientation ignored, only thruster orientation is used.
Engine location ignored, only thruster location is used.
Engine orientation ignored, only thruster orientation is used.
Engine location ignored, only thruster location is used.
Engine orientation ignored, only thruster orientation is used.
Engine location ignored, only thruster location is used.
Engine orientation ignored, only thruster orientation is used.
Engine location ignored, only thruster location is used.
Engine orientation ignored, only thruster orientation is used.
Engine location ignored, only thruster location is used.
Engine orientation ignored, only thruster orientation is used.
Engine location ignored, only thruster location is used.
Engine orientation ignored, only thruster orientation is used.
Engine location ignored, only thruster location is used.
Engine orientation ignored, only thruster orientation is used.
Engine location ignored, only thruster location is used.
Engine orientation ignored, only thruster orientation is used.
Engine location ignored, only thruster location is used.
Engine orientation ignored, only thruster orientation is used.
Engine location ignored, only thruster location is used.
Engine orientation ignored, only thruster orientation is used.
Engine location ignored, only thruster location is used.
Engine orientation ignored, only thruster orientation is used.
Engine location ignored, only thruster location is used.
Engine orientation ignored, only thruster orientation is used.
Engine location ignored, only thruster location is used.
Engine orientation ignored, only thruster orientation is used.
Engine location ignored, only thruster location is used.
Engine orientation ignored, only thruster orientation is used.
⚠ 취약점 anchor_defensive/red 상대개입 t0=8 level → 챔프 Δ-5.2 health_zero@144s
Engine location ignored, only thruster location is used.
Engine orientation ignored, only thruster orientation is used.
Engine location ignored, only thruster location is used.
Engine orientation ignored, only thruster orientation is used.
Engine location ignored, only thruster location is used.
Engine orientation ignored, only thruster orientation is used.
Engine location ignored, only thruster location is used.
Engine orientation ignored, only thruster orientation is used.
⚠ 취약점 anchor_defensive/red 상대개입 t0=12 climb → 챔프 Δ-7.9 health_zero@59s
Engine location ignored, only thruster location is used.
Engine orientation ignored, only thruster orientation is used.
Engine location ignored, only thruster location is used.
Engine orientation ignored, only thruster orientation is used.
Engine location ignored, only thruster location is used.
Engine orientation ignored, only thruster orientation is used.
Engine location ignored, only thruster location is used.
Engine orientation ignored, only thruster orientation is used.
Engine location ignored, only thruster location is used.
Engine orientation ignored, only thruster orientation is used.
Engine location ignored, only thruster location is used.
Engine orientation ignored, only thruster orientation is used.
Engine location ignored, only thruster location is used.
Engine orientation ignored, only thruster orientation is used.
Engine location ignored, only thruster location is used.
Engine orientation ignored, only thruster orientation is used.
Engine location ignored, only thruster location is used.
Engine orientation ignored, only thruster orientation is used.
Engine location ignored, only thruster location is used.
Engine orientation ignored, only thruster orientation is used.
⚠ 취약점 anchor_defensive/red 상대개입 t0=12 lag → 챔프 Δ-47.3 health_zero@294s
Engine location ignored, only thruster location is used.
Engine orientation ignored, only thruster orientation is used.
Engine location ignored, only thruster location is used.
Engine orientation ignored, only thruster orientation is used.
Engine location ignored, only thruster location is used.
Engine orientation ignored, only thruster orientation is used.
Engine location ignored, only thruster location is used.
Engine orientation ignored, only thruster orientation is used.
Engine location ignored, only thruster location is used.
Engine orientation ignored, only thruster orientation is used.
Engine location ignored, only thruster location is used.
Engine orientation ignored, only thruster orientation is used.
⚠ 취약점 anchor_defensive/red 상대개입 t0=12 gun_pure → 챔프 Δ-0.4 health_zero@266s
Engine location ignored, only thruster location is used.
Engine orientation ignored, only thruster orientation is used.
Engine location ignored, only thruster location is used.
Engine orientation ignored, only thruster orientation is used.
Engine location ignored, only thruster location is used.
Engine orientation ignored, only thruster orientation is used.
Engine location ignored, only thruster location is used.
Engine orientation ignored, only thruster orientation is used.
Engine location ignored, only thruster location is used.
Engine orientation ignored, only thruster orientation is used.
Engine location ignored, only thruster location is used.
Engine orientation ignored, only thruster orientation is used.
Engine location ignored, only thruster location is used.
Engine orientation ignored, only thruster orientation is used.
Engine location ignored, only thruster location is used.
Engine orientation ignored, only thruster orientation is used.
Engine location ignored, only thruster location is used.
Engine orientation ignored, only thruster orientation is used.
Engine location ignored, only thruster location is used.
Engine orientation ignored, only thruster orientation is used.
Engine location ignored, only thruster location is used.
Engine orientation ignored, only thruster orientation is used.
Engine location ignored, only thruster location is used.
Engine orientation ignored, only thruster orientation is used.
Engine location ignored, only thruster location is used.
Engine orientation ignored, only thruster orientation is used.
Engine location ignored, only thruster location is used.
Engine orientation ignored, only thruster orientation is used.
Engine location ignored, only thruster location is used.
Engine orientation ignored, only thruster orientation is used.
Engine location ignored, only thruster location is used.
Engine orientation ignored, only thruster orientation is used.
Engine location ignored, only thruster location is used.
Engine orientation ignored, only thruster orientation is used.
Engine location ignored, only thruster location is used.
Engine orientation ignored, only thruster orientation is used.
⚠ 취약점 anchor_defensive/red 상대개입 t0=16 gun_pure → 챔프 Δ-55.8 health_zero@212s
Engine location ignored, only thruster location is used.
Engine orientation ignored, only thruster orientation is used.
Engine location ignored, only thruster location is used.
Engine orientation ignored, only thruster orientation is used.
Engine location ignored, only thruster location is used.
Engine orientation ignored, only thruster orientation is used.
Engine location ignored, only thruster location is used.
Engine orientation ignored, only thruster orientation is used.
Engine location ignored, only thruster location is used.
Engine orientation ignored, only thruster orientation is used.
Engine location ignored, only thruster location is used.
Engine orientation ignored, only thruster orientation is used.
Engine location ignored, only thruster location is used.
Engine orientation ignored, only thruster orientation is used.
Engine location ignored, only thruster location is used.
Engine orientation ignored, only thruster orientation is used.
Engine location ignored, only thruster location is used.
Engine orientation ignored, only thruster orientation is used.
Engine location ignored, only thruster location is used.
Engine orientation ignored, only thruster orientation is used.
Engine location ignored, only thruster location is used.
Engine orientation ignored, only thruster orientation is used.
Engine location ignored, only thruster location is used.
Engine orientation ignored, only thruster orientation is used.
⚠ 취약점 anchor_defensive/red 상대개입 t0=20 lag → 챔프 Δ-12.9 health_zero@195s
Engine location ignored, only thruster location is used.
Engine orientation ignored, only thruster orientation is used.
Engine location ignored, only thruster location is used.
Engine orientation ignored, only thruster orientation is used.
Engine location ignored, only thruster location is used.
Engine orientation ignored, only thruster orientation is used.
Engine location ignored, only thruster location is used.
Engine orientation ignored, only thruster orientation is used.
⚠ 취약점 anchor_defensive/red 상대개입 t0=20 level → 챔프 Δ-53.3 health_zero@62s
Engine location ignored, only thruster location is used.
Engine orientation ignored, only thruster orientation is used.
Engine location ignored, only thruster location is used.
Engine orientation ignored, only thruster orientation is used.
Engine location ignored, only thruster location is used.
Engine orientation ignored, only thruster orientation is used.
Engine location ignored, only thruster location is used.
Engine orientation ignored, only thruster orientation is used.
⚠ 취약점 anchor_defensive/red 상대개입 t0=24 climb → 챔프 Δ-10.6 health_zero@80s
Engine location ignored, only thruster location is used.
Engine orientation ignored, only thruster orientation is used.
Engine location ignored, only thruster location is used.
Engine orientation ignored, only thruster orientation is used.
Engine location ignored, only thruster location is used.
Engine orientation ignored, only thruster orientation is used.
Engine location ignored, only thruster location is used.
Engine orientation ignored, only thruster orientation is used.
Engine location ignored, only thruster location is used.
Engine orientation ignored, only thruster orientation is used.
Engine location ignored, only thruster location is used.
Engine orientation ignored, only thruster orientation is used.
Engine location ignored, only thruster location is used.
Engine orientation ignored, only thruster orientation is used.
Engine location ignored, only thruster location is used.
Engine orientation ignored, only thruster orientation is used.
Engine location ignored, only thruster location is used.
Engine orientation ignored, only thruster orientation is used.
Engine location ignored, only thruster location is used.
Engine orientation ignored, only thruster orientation is used.
Engine location ignored, only thruster location is used.
Engine orientation ignored, only thruster orientation is used.
Engine location ignored, only thruster location is used.
Engine orientation ignored, only thruster orientation is used.
Engine location ignored, only thruster location is used.
Engine orientation ignored, only thruster orientation is used.
Engine location ignored, only thruster location is used.
Engine orientation ignored, only thruster orientation is used.
Engine location ignored, only thruster location is used.
Engine orientation ignored, only thruster orientation is used.
Engine location ignored, only thruster location is used.
Engine orientation ignored, only thruster orientation is used.
Engine location ignored, only thruster location is used.
Engine orientation ignored, only thruster orientation is used.
Engine location ignored, only thruster location is used.
Engine orientation ignored, only thruster orientation is used.
Engine location ignored, only thruster location is used.
Engine orientation ignored, only thruster orientation is used.
Engine location ignored, only thruster location is used.
Engine orientation ignored, only thruster orientation is used.
Engine location ignored, only thruster location is used.
Engine orientation ignored, only thruster orientation is used.
Engine location ignored, only thruster location is used.
Engine orientation ignored, only thruster orientation is used.
Engine location ignored, only thruster location is used.
Engine orientation ignored, only thruster orientation is used.
Engine location ignored, only thruster location is used.
Engine orientation ignored, only thruster orientation is used.
Engine location ignored, only thruster location is used.
Engine orientation ignored, only thruster orientation is used.
Engine location ignored, only thruster location is used.
Engine orientation ignored, only thruster orientation is used.
Engine location ignored, only thruster location is used.
Engine orientation ignored, only thruster orientation is used.
Engine location ignored, only thruster location is used.
Engine orientation ignored, only thruster orientation is used.
Engine location ignored, only thruster location is used.
Engine orientation ignored, only thruster orientation is used.
Engine location ignored, only thruster location is used.
Engine orientation ignored, only thruster orientation is used.
Engine location ignored, only thruster location is used.
Engine orientation ignored, only thruster orientation is used.
Engine location ignored, only thruster location is used.
Engine orientation ignored, only thruster orientation is used.
Engine location ignored, only thruster location is used.
Engine orientation ignored, only thruster orientation is used.
Engine location ignored, only thruster location is used.
Engine orientation ignored, only thruster orientation is used.
Engine location ignored, only thruster location is used.
Engine orientation ignored, only thruster orientation is used.
Engine location ignored, only thruster location is used.
Engine orientation ignored, only thruster orientation is used.
Engine location ignored, only thruster location is used.
Engine orientation ignored, only thruster orientation is used.
Engine location ignored, only thruster location is used.
Engine orientation ignored, only thruster orientation is used.
Engine location ignored, only thruster location is used.
Engine orientation ignored, only thruster orientation is used.
Engine location ignored, only thruster location is used.
Engine orientation ignored, only thruster orientation is used.
Engine location ignored, only thruster location is used.
Engine orientation ignored, only thruster orientation is used.
Engine location ignored, only thruster location is used.
Engine orientation ignored, only thruster orientation is used.
Engine location ignored, only thruster location is used.
Engine orientation ignored, only thruster orientation is used.
Engine location ignored, only thruster location is used.
Engine orientation ignored, only thruster orientation is used.
Engine location ignored, only thruster location is used.
Engine orientation ignored, only thruster orientation is used.
Engine location ignored, only thruster location is used.
Engine orientation ignored, only thruster orientation is used.
Engine location ignored, only thruster location is used.
Engine orientation ignored, only thruster orientation is used.
Engine location ignored, only thruster location is used.
Engine orientation ignored, only thruster orientation is used.
Engine location ignored, only thruster location is used.
Engine orientation ignored, only thruster orientation is used.
Engine location ignored, only thruster location is used.
Engine orientation ignored, only thruster orientation is used.
Engine location ignored, only thruster location is used.
Engine orientation ignored, only thruster orientation is used.
Engine location ignored, only thruster location is used.
Engine orientation ignored, only thruster orientation is used.
Engine location ignored, only thruster location is used.
Engine orientation ignored, only thruster orientation is used.
Engine location ignored, only thruster location is used.
Engine orientation ignored, only thruster orientation is used.
Engine location ignored, only thruster location is used.
Engine orientation ignored, only thruster orientation is used.
Engine location ignored, only thruster location is used.
Engine orientation ignored, only thruster orientation is used.
Engine location ignored, only thruster location is used.
Engine orientation ignored, only thruster orientation is used.
Engine location ignored, only thruster location is used.
Engine orientation ignored, only thruster orientation is used.
Engine location ignored, only thruster location is used.
Engine orientation ignored, only thruster orientation is used.
Engine location ignored, only thruster location is used.
Engine orientation ignored, only thruster orientation is used.
Engine location ignored, only thruster location is used.
Engine orientation ignored, only thruster orientation is used.
Engine location ignored, only thruster location is used.
Engine orientation ignored, only thruster orientation is used.
Engine location ignored, only thruster location is used.
Engine orientation ignored, only thruster orientation is used.
Engine location ignored, only thruster location is used.
Engine orientation ignored, only thruster orientation is used.
Engine location ignored, only thruster location is used.
Engine orientation ignored, only thruster orientation is used.
Engine location ignored, only thruster location is used.
Engine orientation ignored, only thruster orientation is used.
Engine location ignored, only thruster location is used.
Engine orientation ignored, only thruster orientation is used.
Engine location ignored, only thruster location is used.
Engine orientation ignored, only thruster orientation is used.
Engine location ignored, only thruster location is used.
Engine orientation ignored, only thruster orientation is used.
Engine location ignored, only thruster location is used.
Engine orientation ignored, only thruster orientation is used.
◆ anchor_defensive/red 상대개입 72회 중 챔프 패·무 8회
Engine location ignored, only thruster location is used.
Engine orientation ignored, only thruster orientation is used.
Engine location ignored, only thruster location is used.
Engine orientation ignored, only thruster orientation is used.
Engine location ignored, only thruster location is used.
Engine orientation ignored, only thruster orientation is used.
Engine location ignored, only thruster location is used.
Engine orientation ignored, only thruster orientation is used.
Engine location ignored, only thruster location is used.
Engine orientation ignored, only thruster orientation is used.
Engine location ignored, only thruster location is used.
Engine orientation ignored, only thruster orientation is used.
Engine location ignored, only thruster location is used.
Engine orientation ignored, only thruster orientation is used.
Engine location ignored, only thruster location is used.
Engine orientation ignored, only thruster orientation is used.
⚠ 취약점 A1_PurePursuer_05/red 상대개입 t0=8 extend → 챔프 Δ+0.0 health_zero@91s
Engine location ignored, only thruster location is used.
Engine orientation ignored, only thruster orientation is used.
Engine location ignored, only thruster location is used.
Engine orientation ignored, only thruster orientation is used.
Engine location ignored, only thruster location is used.
Engine orientation ignored, only thruster orientation is used.
Engine location ignored, only thruster location is used.
Engine orientation ignored, only thruster orientation is used.
Engine location ignored, only thruster location is used.
Engine orientation ignored, only thruster orientation is used.
Engine location ignored, only thruster location is used.
Engine orientation ignored, only thruster orientation is used.
Engine location ignored, only thruster location is used.
Engine orientation ignored, only thruster orientation is used.
Engine location ignored, only thruster location is used.
Engine orientation ignored, only thruster orientation is used.
Engine location ignored, only thruster location is used.
Engine orientation ignored, only thruster orientation is used.
Engine location ignored, only thruster location is used.
Engine orientation ignored, only thruster orientation is used.
Engine location ignored, only thruster location is used.
Engine orientation ignored, only thruster orientation is used.
Engine location ignored, only thruster location is used.
Engine orientation ignored, only thruster orientation is used.
Engine location ignored, only thruster location is used.
Engine orientation ignored, only thruster orientation is used.
Engine location ignored, only thruster location is used.
Engine orientation ignored, only thruster orientation is used.
Engine location ignored, only thruster location is used.
Engine orientation ignored, only thruster orientation is used.
Engine location ignored, only thruster location is used.
Engine orientation ignored, only thruster orientation is used.
Engine location ignored, only thruster location is used.
Engine orientation ignored, only thruster orientation is used.
Engine location ignored, only thruster location is used.
Engine orientation ignored, only thruster orientation is used.
Engine location ignored, only thruster location is used.
Engine orientation ignored, only thruster orientation is used.
Engine location ignored, only thruster location is used.
Engine orientation ignored, only thruster orientation is used.
Engine location ignored, only thruster location is used.
Engine orientation ignored, only thruster orientation is used.
Engine location ignored, only thruster location is used.
Engine orientation ignored, only thruster orientation is used.
Engine location ignored, only thruster location is used.
Engine orientation ignored, only thruster orientation is used.
Engine location ignored, only thruster location is used.
Engine orientation ignored, only thruster orientation is used.
Engine location ignored, only thruster location is used.
Engine orientation ignored, only thruster orientation is used.
Engine location ignored, only thruster location is used.
Engine orientation ignored, only thruster orientation is used.
Engine location ignored, only thruster location is used.
Engine orientation ignored, only thruster orientation is used.
Engine location ignored, only thruster location is used.
Engine orientation ignored, only thruster orientation is used.
Engine location ignored, only thruster location is used.
Engine orientation ignored, only thruster orientation is used.
Engine location ignored, only thruster location is used.
Engine orientation ignored, only thruster orientation is used.
Engine location ignored, only thruster location is used.
Engine orientation ignored, only thruster orientation is used.
Engine location ignored, only thruster location is used.
Engine orientation ignored, only thruster orientation is used.
Engine location ignored, only thruster location is used.
Engine orientation ignored, only thruster orientation is used.
Engine location ignored, only thruster location is used.
Engine orientation ignored, only thruster orientation is used.
Engine location ignored, only thruster location is used.
Engine orientation ignored, only thruster orientation is used.
Engine location ignored, only thruster location is used.
Engine orientation ignored, only thruster orientation is used.
Engine location ignored, only thruster location is used.
Engine orientation ignored, only thruster orientation is used.
Engine location ignored, only thruster location is used.
Engine orientation ignored, only thruster orientation is used.
⚠ 취약점 A1_PurePursuer_05/red 상대개입 t0=16 gun → 챔프 Δ-3.9 health_zero@37s
Engine location ignored, only thruster location is used.
Engine orientation ignored, only thruster orientation is used.
Engine location ignored, only thruster location is used.
Engine orientation ignored, only thruster orientation is used.
⚠ 취약점 A1_PurePursuer_05/red 상대개입 t0=16 lag → 챔프 Δ-0.4 health_zero@34s
Engine location ignored, only thruster location is used.
Engine orientation ignored, only thruster orientation is used.
Engine location ignored, only thruster location is used.
Engine orientation ignored, only thruster orientation is used.
Engine location ignored, only thruster location is used.
Engine orientation ignored, only thruster orientation is used.
Engine location ignored, only thruster location is used.
Engine orientation ignored, only thruster orientation is used.
Engine location ignored, only thruster location is used.
Engine orientation ignored, only thruster orientation is used.
Engine location ignored, only thruster location is used.
Engine orientation ignored, only thruster orientation is used.
⚠ 취약점 A1_PurePursuer_05/red 상대개입 t0=16 gun_pure → 챔프 Δ-4.1 health_zero@38s
Engine location ignored, only thruster location is used.
Engine orientation ignored, only thruster orientation is used.
Engine location ignored, only thruster location is used.
Engine orientation ignored, only thruster orientation is used.
Engine location ignored, only thruster location is used.
Engine orientation ignored, only thruster orientation is used.
Engine location ignored, only thruster location is used.
Engine orientation ignored, only thruster orientation is used.
Engine location ignored, only thruster location is used.
Engine orientation ignored, only thruster orientation is used.
Engine location ignored, only thruster location is used.
Engine orientation ignored, only thruster orientation is used.
Engine location ignored, only thruster location is used.
Engine orientation ignored, only thruster orientation is used.
Engine location ignored, only thruster location is used.
Engine orientation ignored, only thruster orientation is used.
Engine location ignored, only thruster location is used.
Engine orientation ignored, only thruster orientation is used.
Engine location ignored, only thruster location is used.
Engine orientation ignored, only thruster orientation is used.
Engine location ignored, only thruster location is used.
Engine orientation ignored, only thruster orientation is used.
Engine location ignored, only thruster location is used.
Engine orientation ignored, only thruster orientation is used.
Engine location ignored, only thruster location is used.
Engine orientation ignored, only thruster orientation is used.
Engine location ignored, only thruster location is used.
Engine orientation ignored, only thruster orientation is used.
Engine location ignored, only thruster location is used.
Engine orientation ignored, only thruster orientation is used.
Engine location ignored, only thruster location is used.
Engine orientation ignored, only thruster orientation is used.
Engine location ignored, only thruster location is used.
Engine orientation ignored, only thruster orientation is used.
Engine location ignored, only thruster location is used.
Engine orientation ignored, only thruster orientation is used.
Engine location ignored, only thruster location is used.
Engine orientation ignored, only thruster orientation is used.
Engine location ignored, only thruster location is used.
Engine orientation ignored, only thruster orientation is used.
Engine location ignored, only thruster location is used.
Engine orientation ignored, only thruster orientation is used.
Engine location ignored, only thruster location is used.
Engine orientation ignored, only thruster orientation is used.
Engine location ignored, only thruster location is used.
Engine orientation ignored, only thruster orientation is used.
Engine location ignored, only thruster location is used.
Engine orientation ignored, only thruster orientation is used.
Engine location ignored, only thruster location is used.
Engine orientation ignored, only thruster orientation is used.
Engine location ignored, only thruster location is used.
Engine orientation ignored, only thruster orientation is used.
Engine location ignored, only thruster location is used.
Engine orientation ignored, only thruster orientation is used.
Engine location ignored, only thruster location is used.
Engine orientation ignored, only thruster orientation is used.
Engine location ignored, only thruster location is used.
Engine orientation ignored, only thruster orientation is used.
Engine location ignored, only thruster location is used.
Engine orientation ignored, only thruster orientation is used.
Engine location ignored, only thruster location is used.
Engine orientation ignored, only thruster orientation is used.
Engine location ignored, only thruster location is used.
Engine orientation ignored, only thruster orientation is used.
Engine location ignored, only thruster location is used.
Engine orientation ignored, only thruster orientation is used.
Engine location ignored, only thruster location is used.
Engine orientation ignored, only thruster orientation is used.
Engine location ignored, only thruster location is used.
Engine orientation ignored, only thruster orientation is used.
Engine location ignored, only thruster location is used.
Engine orientation ignored, only thruster orientation is used.
Engine location ignored, only thruster location is used.
Engine orientation ignored, only thruster orientation is used.
Engine location ignored, only thruster location is used.
Engine orientation ignored, only thruster orientation is used.
Engine location ignored, only thruster location is used.
Engine orientation ignored, only thruster orientation is used.
Engine location ignored, only thruster location is used.
Engine orientation ignored, only thruster orientation is used.
Engine location ignored, only thruster location is used.
Engine orientation ignored, only thruster orientation is used.
Engine location ignored, only thruster location is used.
Engine orientation ignored, only thruster orientation is used.
Engine location ignored, only thruster location is used.
Engine orientation ignored, only thruster orientation is used.
Engine location ignored, only thruster location is used.
Engine orientation ignored, only thruster orientation is used.
Engine location ignored, only thruster location is used.
Engine orientation ignored, only thruster orientation is used.
Engine location ignored, only thruster location is used.
Engine orientation ignored, only thruster orientation is used.
Engine location ignored, only thruster location is used.
Engine orientation ignored, only thruster orientation is used.
Engine location ignored, only thruster location is used.
Engine orientation ignored, only thruster orientation is used.
Engine location ignored, only thruster location is used.
Engine orientation ignored, only thruster orientation is used.
Engine location ignored, only thruster location is used.
Engine orientation ignored, only thruster orientation is used.
Engine location ignored, only thruster location is used.
Engine orientation ignored, only thruster orientation is used.
Engine location ignored, only thruster location is used.
Engine orientation ignored, only thruster orientation is used.
Engine location ignored, only thruster location is used.
Engine orientation ignored, only thruster orientation is used.
Engine location ignored, only thruster location is used.
Engine orientation ignored, only thruster orientation is used.
Engine location ignored, only thruster location is used.
Engine orientation ignored, only thruster orientation is used.
Engine location ignored, only thruster location is used.
Engine orientation ignored, only thruster orientation is used.
Engine location ignored, only thruster location is used.
Engine orientation ignored, only thruster orientation is used.
Engine location ignored, only thruster location is used.
Engine orientation ignored, only thruster orientation is used.
Engine location ignored, only thruster location is used.
Engine orientation ignored, only thruster orientation is used.
Engine location ignored, only thruster location is used.
Engine orientation ignored, only thruster orientation is used.
Engine location ignored, only thruster location is used.
Engine orientation ignored, only thruster orientation is used.
Engine location ignored, only thruster location is used.
Engine orientation ignored, only thruster orientation is used.
Engine location ignored, only thruster location is used.
Engine orientation ignored, only thruster orientation is used.
Engine location ignored, only thruster location is used.
Engine orientation ignored, only thruster orientation is used.
Engine location ignored, only thruster location is used.
Engine orientation ignored, only thruster orientation is used.
Engine location ignored, only thruster location is used.
Engine orientation ignored, only thruster orientation is used.
Engine location ignored, only thruster location is used.
Engine orientation ignored, only thruster orientation is used.
Engine location ignored, only thruster location is used.
Engine orientation ignored, only thruster orientation is used.
Engine location ignored, only thruster location is used.
Engine orientation ignored, only thruster orientation is used.
Engine location ignored, only thruster location is used.
Engine orientation ignored, only thruster orientation is used.
Engine location ignored, only thruster location is used.
Engine orientation ignored, only thruster orientation is used.
Engine location ignored, only thruster location is used.
Engine orientation ignored, only thruster orientation is used.
Engine location ignored, only thruster location is used.
Engine orientation ignored, only thruster orientation is used.
Engine location ignored, only thruster location is used.
Engine orientation ignored, only thruster orientation is used.
Engine location ignored, only thruster location is used.
Engine orientation ignored, only thruster orientation is used.
Engine location ignored, only thruster location is used.
Engine orientation ignored, only thruster orientation is used.
Engine location ignored, only thruster location is used.
Engine orientation ignored, only thruster orientation is used.
Engine location ignored, only thruster location is used.
Engine orientation ignored, only thruster orientation is used.
Engine location ignored, only thruster location is used.
Engine orientation ignored, only thruster orientation is used.
Engine location ignored, only thruster location is used.
Engine orientation ignored, only thruster orientation is used.
Engine location ignored, only thruster location is used.
Engine orientation ignored, only thruster orientation is used.
Engine location ignored, only thruster location is used.
Engine orientation ignored, only thruster orientation is used.
Engine location ignored, only thruster location is used.
Engine orientation ignored, only thruster orientation is used.
Engine location ignored, only thruster location is used.
Engine orientation ignored, only thruster orientation is used.
Engine location ignored, only thruster location is used.
Engine orientation ignored, only thruster orientation is used.
Engine location ignored, only thruster location is used.
Engine orientation ignored, only thruster orientation is used.
Engine location ignored, only thruster location is used.
Engine orientation ignored, only thruster orientation is used.
Engine location ignored, only thruster location is used.
Engine orientation ignored, only thruster orientation is used.
Engine location ignored, only thruster location is used.
Engine orientation ignored, only thruster orientation is used.
Engine location ignored, only thruster location is used.
Engine orientation ignored, only thruster orientation is used.
◆ A1_PurePursuer_05/red 상대개입 72회 중 챔프 패·무 4회
Engine location ignored, only thruster location is used.
Engine orientation ignored, only thruster orientation is used.
Engine location ignored, only thruster location is used.
Engine orientation ignored, only thruster orientation is used.
Engine location ignored, only thruster location is used.
Engine orientation ignored, only thruster orientation is used.
Engine location ignored, only thruster location is used.
Engine orientation ignored, only thruster orientation is used.
Engine location ignored, only thruster location is used.
Engine orientation ignored, only thruster orientation is used.
Engine location ignored, only thruster location is used.
Engine orientation ignored, only thruster orientation is used.
Engine location ignored, only thruster location is used.
Engine orientation ignored, only thruster orientation is used.
Engine location ignored, only thruster location is used.
Engine orientation ignored, only thruster orientation is used.
Engine location ignored, only thruster location is used.
Engine orientation ignored, only thruster orientation is used.
Engine location ignored, only thruster location is used.
Engine orientation ignored, only thruster orientation is used.
Engine location ignored, only thruster location is used.
Engine orientation ignored, only thruster orientation is used.
Engine location ignored, only thruster location is used.
Engine orientation ignored, only thruster orientation is used.
Engine location ignored, only thruster location is used.
Engine orientation ignored, only thruster orientation is used.
Engine location ignored, only thruster location is used.
Engine orientation ignored, only thruster orientation is used.
Engine location ignored, only thruster location is used.
Engine orientation ignored, only thruster orientation is used.
Engine location ignored, only thruster location is used.
Engine orientation ignored, only thruster orientation is used.
Engine location ignored, only thruster location is used.
Engine orientation ignored, only thruster orientation is used.
Engine location ignored, only thruster location is used.
Engine orientation ignored, only thruster orientation is used.
Engine location ignored, only thruster location is used.
Engine orientation ignored, only thruster orientation is used.
Engine location ignored, only thruster location is used.
Engine orientation ignored, only thruster orientation is used.
Engine location ignored, only thruster location is used.
Engine orientation ignored, only thruster orientation is used.
Engine location ignored, only thruster location is used.
Engine orientation ignored, only thruster orientation is used.
Engine location ignored, only thruster location is used.
Engine orientation ignored, only thruster orientation is used.
Engine location ignored, only thruster location is used.
Engine orientation ignored, only thruster orientation is used.
⚠ 취약점 A3_LagAngler_06/red 상대개입 t0=12 break → 챔프 Δ-45.6 health_zero@34s
Engine location ignored, only thruster location is used.
Engine orientation ignored, only thruster orientation is used.
Engine location ignored, only thruster location is used.
Engine orientation ignored, only thruster orientation is used.
Engine location ignored, only thruster location is used.
Engine orientation ignored, only thruster orientation is used.
Engine location ignored, only thruster location is used.
Engine orientation ignored, only thruster orientation is used.
⚠ 취약점 A3_LagAngler_06/red 상대개입 t0=12 gun → 챔프 Δ-13.0 timeout@300s
Engine location ignored, only thruster location is used.
Engine orientation ignored, only thruster orientation is used.
Engine location ignored, only thruster location is used.
Engine orientation ignored, only thruster orientation is used.
Engine location ignored, only thruster location is used.
Engine orientation ignored, only thruster orientation is used.
Engine location ignored, only thruster location is used.
Engine orientation ignored, only thruster orientation is used.
⚠ 취약점 A3_LagAngler_06/red 상대개입 t0=12 two_circle → 챔프 Δ-45.6 health_zero@34s
Engine location ignored, only thruster location is used.
Engine orientation ignored, only thruster orientation is used.
Engine location ignored, only thruster location is used.
Engine orientation ignored, only thruster orientation is used.
Engine location ignored, only thruster location is used.
Engine orientation ignored, only thruster orientation is used.
Engine location ignored, only thruster location is used.
Engine orientation ignored, only thruster orientation is used.
⚠ 취약점 A3_LagAngler_06/red 상대개입 t0=12 gun_pure → 챔프 Δ-13.1 timeout@300s
Engine location ignored, only thruster location is used.
Engine orientation ignored, only thruster orientation is used.
Engine location ignored, only thruster location is used.
Engine orientation ignored, only thruster orientation is used.
Engine location ignored, only thruster location is used.
Engine orientation ignored, only thruster orientation is used.
Engine location ignored, only thruster location is used.
Engine orientation ignored, only thruster orientation is used.
Engine location ignored, only thruster location is used.
Engine orientation ignored, only thruster orientation is used.
Engine location ignored, only thruster location is used.
Engine orientation ignored, only thruster orientation is used.
Engine location ignored, only thruster location is used.
Engine orientation ignored, only thruster orientation is used.
Engine location ignored, only thruster location is used.
Engine orientation ignored, only thruster orientation is used.
Engine location ignored, only thruster location is used.
Engine orientation ignored, only thruster orientation is used.
Engine location ignored, only thruster location is used.
Engine orientation ignored, only thruster orientation is used.
Engine location ignored, only thruster location is used.
Engine orientation ignored, only thruster orientation is used.
Engine location ignored, only thruster location is used.
Engine orientation ignored, only thruster orientation is used.
Engine location ignored, only thruster location is used.
Engine orientation ignored, only thruster orientation is used.
Engine location ignored, only thruster location is used.
Engine orientation ignored, only thruster orientation is used.
⚠ 취약점 A3_LagAngler_06/red 상대개입 t0=16 two_circle → 챔프 Δ-12.0 health_zero@46s
Engine location ignored, only thruster location is used.
Engine orientation ignored, only thruster orientation is used.
Engine location ignored, only thruster location is used.
Engine orientation ignored, only thruster orientation is used.
Engine location ignored, only thruster location is used.
Engine orientation ignored, only thruster orientation is used.
Engine location ignored, only thruster location is used.
Engine orientation ignored, only thruster orientation is used.
Engine location ignored, only thruster location is used.
Engine orientation ignored, only thruster orientation is used.
Engine location ignored, only thruster location is used.
Engine orientation ignored, only thruster orientation is used.
Engine location ignored, only thruster location is used.
Engine orientation ignored, only thruster orientation is used.
Engine location ignored, only thruster location is used.
Engine orientation ignored, only thruster orientation is used.
Engine location ignored, only thruster location is used.
Engine orientation ignored, only thruster orientation is used.
Engine location ignored, only thruster location is used.
Engine orientation ignored, only thruster orientation is used.
Engine location ignored, only thruster location is used.
Engine orientation ignored, only thruster orientation is used.
Engine location ignored, only thruster location is used.
Engine orientation ignored, only thruster orientation is used.
Engine location ignored, only thruster location is used.
Engine orientation ignored, only thruster orientation is used.
Engine location ignored, only thruster location is used.
Engine orientation ignored, only thruster orientation is used.
Engine location ignored, only thruster location is used.
Engine orientation ignored, only thruster orientation is used.
Engine location ignored, only thruster location is used.
Engine orientation ignored, only thruster orientation is used.
Engine location ignored, only thruster location is used.
Engine orientation ignored, only thruster orientation is used.
Engine location ignored, only thruster location is used.
Engine orientation ignored, only thruster orientation is used.
Engine location ignored, only thruster location is used.
Engine orientation ignored, only thruster orientation is used.
Engine location ignored, only thruster location is used.
Engine orientation ignored, only thruster orientation is used.
Engine location ignored, only thruster location is used.
Engine orientation ignored, only thruster orientation is used.
Engine location ignored, only thruster location is used.
Engine orientation ignored, only thruster orientation is used.
Engine location ignored, only thruster location is used.
Engine orientation ignored, only thruster orientation is used.
Engine location ignored, only thruster location is used.
Engine orientation ignored, only thruster orientation is used.
Engine location ignored, only thruster location is used.
Engine orientation ignored, only thruster orientation is used.
Engine location ignored, only thruster location is used.
Engine orientation ignored, only thruster orientation is used.
Engine location ignored, only thruster location is used.
Engine orientation ignored, only thruster orientation is used.
Engine location ignored, only thruster location is used.
Engine orientation ignored, only thruster orientation is used.
Engine location ignored, only thruster location is used.
Engine orientation ignored, only thruster orientation is used.
Engine location ignored, only thruster location is used.
Engine orientation ignored, only thruster orientation is used.
Engine location ignored, only thruster location is used.
Engine orientation ignored, only thruster orientation is used.
Engine location ignored, only thruster location is used.
Engine orientation ignored, only thruster orientation is used.
Engine location ignored, only thruster location is used.
Engine orientation ignored, only thruster orientation is used.
Engine location ignored, only thruster location is used.
Engine orientation ignored, only thruster orientation is used.
Engine location ignored, only thruster location is used.
Engine orientation ignored, only thruster orientation is used.
Engine location ignored, only thruster location is used.
Engine orientation ignored, only thruster orientation is used.
Engine location ignored, only thruster location is used.
Engine orientation ignored, only thruster orientation is used.
Engine location ignored, only thruster location is used.
Engine orientation ignored, only thruster orientation is used.
Engine location ignored, only thruster location is used.
Engine orientation ignored, only thruster orientation is used.
Engine location ignored, only thruster location is used.
Engine orientation ignored, only thruster orientation is used.
Engine location ignored, only thruster location is used.
Engine orientation ignored, only thruster orientation is used.
Engine location ignored, only thruster location is used.
Engine orientation ignored, only thruster orientation is used.
Engine location ignored, only thruster location is used.
Engine orientation ignored, only thruster orientation is used.
Engine location ignored, only thruster location is used.
Engine orientation ignored, only thruster orientation is used.
Engine location ignored, only thruster location is used.
Engine orientation ignored, only thruster orientation is used.
Engine location ignored, only thruster location is used.
Engine orientation ignored, only thruster orientation is used.
Engine location ignored, only thruster location is used.
Engine orientation ignored, only thruster orientation is used.
Engine location ignored, only thruster location is used.
Engine orientation ignored, only thruster orientation is used.
Engine location ignored, only thruster location is used.
Engine orientation ignored, only thruster orientation is used.
Engine location ignored, only thruster location is used.
Engine orientation ignored, only thruster orientation is used.
Engine location ignored, only thruster location is used.
Engine orientation ignored, only thruster orientation is used.
Engine location ignored, only thruster location is used.
Engine orientation ignored, only thruster orientation is used.
Engine location ignored, only thruster location is used.
Engine orientation ignored, only thruster orientation is used.
Engine location ignored, only thruster location is used.
Engine orientation ignored, only thruster orientation is used.
Engine location ignored, only thruster location is used.
Engine orientation ignored, only thruster orientation is used.
Engine location ignored, only thruster location is used.
Engine orientation ignored, only thruster orientation is used.
Engine location ignored, only thruster location is used.
Engine orientation ignored, only thruster orientation is used.
Engine location ignored, only thruster location is used.
Engine orientation ignored, only thruster orientation is used.
Engine location ignored, only thruster location is used.
Engine orientation ignored, only thruster orientation is used.
Engine location ignored, only thruster location is used.
Engine orientation ignored, only thruster orientation is used.
Engine location ignored, only thruster location is used.
Engine orientation ignored, only thruster orientation is used.
Engine location ignored, only thruster location is used.
Engine orientation ignored, only thruster orientation is used.
Engine location ignored, only thruster location is used.
Engine orientation ignored, only thruster orientation is used.
Engine location ignored, only thruster location is used.
Engine orientation ignored, only thruster orientation is used.
Engine location ignored, only thruster location is used.
Engine orientation ignored, only thruster orientation is used.
Engine location ignored, only thruster location is used.
Engine orientation ignored, only thruster orientation is used.
Engine location ignored, only thruster location is used.
Engine orientation ignored, only thruster orientation is used.
Engine location ignored, only thruster location is used.
Engine orientation ignored, only thruster orientation is used.
Engine location ignored, only thruster location is used.
Engine orientation ignored, only thruster orientation is used.
Engine location ignored, only thruster location is used.
Engine orientation ignored, only thruster orientation is used.
Engine location ignored, only thruster location is used.
Engine orientation ignored, only thruster orientation is used.
Engine location ignored, only thruster location is used.
Engine orientation ignored, only thruster orientation is used.
Engine location ignored, only thruster location is used.
Engine orientation ignored, only thruster orientation is used.
Engine location ignored, only thruster location is used.
Engine orientation ignored, only thruster orientation is used.
Engine location ignored, only thruster location is used.
Engine orientation ignored, only thruster orientation is used.
Engine location ignored, only thruster location is used.
Engine orientation ignored, only thruster orientation is used.
Engine location ignored, only thruster location is used.
Engine orientation ignored, only thruster orientation is used.
Engine location ignored, only thruster location is used.
Engine orientation ignored, only thruster orientation is used.
Engine location ignored, only thruster location is used.
Engine orientation ignored, only thruster orientation is used.
Engine location ignored, only thruster location is used.
Engine orientation ignored, only thruster orientation is used.
Engine location ignored, only thruster location is used.
Engine orientation ignored, only thruster orientation is used.
Engine location ignored, only thruster location is used.
Engine orientation ignored, only thruster orientation is used.
Engine location ignored, only thruster location is used.
Engine orientation ignored, only thruster orientation is used.
Engine location ignored, only thruster location is used.
Engine orientation ignored, only thruster orientation is used.
Engine location ignored, only thruster location is used.
Engine orientation ignored, only thruster orientation is used.
Engine location ignored, only thruster location is used.
Engine orientation ignored, only thruster orientation is used.
Engine location ignored, only thruster location is used.
Engine orientation ignored, only thruster orientation is used.
Engine location ignored, only thruster location is used.
Engine orientation ignored, only thruster orientation is used.
Engine location ignored, only thruster location is used.
Engine orientation ignored, only thruster orientation is used.
Engine location ignored, only thruster location is used.
Engine orientation ignored, only thruster orientation is used.
Engine location ignored, only thruster location is used.
Engine orientation ignored, only thruster orientation is used.
Engine location ignored, only thruster location is used.
Engine orientation ignored, only thruster orientation is used.
Engine location ignored, only thruster location is used.
Engine orientation ignored, only thruster orientation is used.
Engine location ignored, only thruster location is used.
Engine orientation ignored, only thruster orientation is used.
◆ A3_LagAngler_06/red 상대개입 72회 중 챔프 패·무 5회
Engine location ignored, only thruster location is used.
Engine orientation ignored, only thruster orientation is used.
Engine location ignored, only thruster location is used.
Engine orientation ignored, only thruster orientation is used.
Engine location ignored, only thruster location is used.
Engine orientation ignored, only thruster orientation is used.
Engine location ignored, only thruster location is used.
Engine orientation ignored, only thruster orientation is used.
Engine location ignored, only thruster location is used.
Engine orientation ignored, only thruster orientation is used.
Engine location ignored, only thruster location is used.
Engine orientation ignored, only thruster orientation is used.
Engine location ignored, only thruster location is used.
Engine orientation ignored, only thruster orientation is used.
Engine location ignored, only thruster location is used.
Engine orientation ignored, only thruster orientation is used.
Engine location ignored, only thruster location is used.
Engine orientation ignored, only thruster orientation is used.
Engine location ignored, only thruster location is used.
Engine orientation ignored, only thruster orientation is used.
Engine location ignored, only thruster location is used.
Engine orientation ignored, only thruster orientation is used.
Engine location ignored, only thruster location is used.
Engine orientation ignored, only thruster orientation is used.
Engine location ignored, only thruster location is used.
Engine orientation ignored, only thruster orientation is used.
Engine location ignored, only thruster location is used.
Engine orientation ignored, only thruster orientation is used.
Engine location ignored, only thruster location is used.
Engine orientation ignored, only thruster orientation is used.
Engine location ignored, only thruster location is used.
Engine orientation ignored, only thruster orientation is used.
Engine location ignored, only thruster location is used.
Engine orientation ignored, only thruster orientation is used.
Engine location ignored, only thruster location is used.
Engine orientation ignored, only thruster orientation is used.
Engine location ignored, only thruster location is used.
Engine orientation ignored, only thruster orientation is used.
Engine location ignored, only thruster location is used.
Engine orientation ignored, only thruster orientation is used.
Engine location ignored, only thruster location is used.
Engine orientation ignored, only thruster orientation is used.
Engine location ignored, only thruster location is used.
Engine orientation ignored, only thruster orientation is used.
⚠ 취약점 B2_Extender_04/red 상대개입 t0=12 dive → 챔프 Δ+0.0 timeout@300s
Engine location ignored, only thruster location is used.
Engine orientation ignored, only thruster orientation is used.
Engine location ignored, only thruster location is used.
Engine orientation ignored, only thruster orientation is used.
⚠ 취약점 B2_Extender_04/red 상대개입 t0=12 break → 챔프 Δ-50.3 health_zero@157s
Engine location ignored, only thruster location is used.
Engine orientation ignored, only thruster orientation is used.
Engine location ignored, only thruster location is used.
Engine orientation ignored, only thruster orientation is used.
Engine location ignored, only thruster location is used.
Engine orientation ignored, only thruster orientation is used.
Engine location ignored, only thruster location is used.
Engine orientation ignored, only thruster orientation is used.
Engine location ignored, only thruster location is used.
Engine orientation ignored, only thruster orientation is used.
Engine location ignored, only thruster location is used.
Engine orientation ignored, only thruster orientation is used.
Engine location ignored, only thruster location is used.
Engine orientation ignored, only thruster orientation is used.
Engine location ignored, only thruster location is used.
Engine orientation ignored, only thruster orientation is used.
Engine location ignored, only thruster location is used.
Engine orientation ignored, only thruster orientation is used.
Engine location ignored, only thruster location is used.
Engine orientation ignored, only thruster orientation is used.
Engine location ignored, only thruster location is used.
Engine orientation ignored, only thruster orientation is used.
Engine location ignored, only thruster location is used.
Engine orientation ignored, only thruster orientation is used.
Engine location ignored, only thruster location is used.
Engine orientation ignored, only thruster orientation is used.
Engine location ignored, only thruster location is used.
Engine orientation ignored, only thruster orientation is used.
Engine location ignored, only thruster location is used.
Engine orientation ignored, only thruster orientation is used.
Engine location ignored, only thruster location is used.
Engine orientation ignored, only thruster orientation is used.
Engine location ignored, only thruster location is used.
Engine orientation ignored, only thruster orientation is used.
Engine location ignored, only thruster location is used.
Engine orientation ignored, only thruster orientation is used.
Engine location ignored, only thruster location is used.
Engine orientation ignored, only thruster orientation is used.
Engine location ignored, only thruster location is used.
Engine orientation ignored, only thruster orientation is used.
Engine location ignored, only thruster location is used.
Engine orientation ignored, only thruster orientation is used.
Engine location ignored, only thruster location is used.
Engine orientation ignored, only thruster orientation is used.
Engine location ignored, only thruster location is used.
Engine orientation ignored, only thruster orientation is used.
Engine location ignored, only thruster location is used.
Engine orientation ignored, only thruster orientation is used.
Engine location ignored, only thruster location is used.
Engine orientation ignored, only thruster orientation is used.
Engine location ignored, only thruster location is used.
Engine orientation ignored, only thruster orientation is used.
Engine location ignored, only thruster location is used.
Engine orientation ignored, only thruster orientation is used.
Engine location ignored, only thruster location is used.
Engine orientation ignored, only thruster orientation is used.
Engine location ignored, only thruster location is used.
Engine orientation ignored, only thruster orientation is used.
Engine location ignored, only thruster location is used.
Engine orientation ignored, only thruster orientation is used.
Engine location ignored, only thruster location is used.
Engine orientation ignored, only thruster orientation is used.
Engine location ignored, only thruster location is used.
Engine orientation ignored, only thruster orientation is used.
Engine location ignored, only thruster location is used.
Engine orientation ignored, only thruster orientation is used.
Engine location ignored, only thruster location is used.
Engine orientation ignored, only thruster orientation is used.
Engine location ignored, only thruster location is used.
Engine orientation ignored, only thruster orientation is used.
Engine location ignored, only thruster location is used.
Engine orientation ignored, only thruster orientation is used.
Engine location ignored, only thruster location is used.
Engine orientation ignored, only thruster orientation is used.
Engine location ignored, only thruster location is used.
Engine orientation ignored, only thruster orientation is used.
Engine location ignored, only thruster location is used.
Engine orientation ignored, only thruster orientation is used.
Engine location ignored, only thruster location is used.
Engine orientation ignored, only thruster orientation is used.
Engine location ignored, only thruster location is used.
Engine orientation ignored, only thruster orientation is used.
Engine location ignored, only thruster location is used.
Engine orientation ignored, only thruster orientation is used.
Engine location ignored, only thruster location is used.
Engine orientation ignored, only thruster orientation is used.
Engine location ignored, only thruster location is used.
Engine orientation ignored, only thruster orientation is used.
Engine location ignored, only thruster location is used.
Engine orientation ignored, only thruster orientation is used.
Engine location ignored, only thruster location is used.
Engine orientation ignored, only thruster orientation is used.
⚠ 취약점 B2_Extender_04/red 상대개입 t0=20 level → 챔프 Δ-34.8 health_zero@142s
Engine location ignored, only thruster location is used.
Engine orientation ignored, only thruster orientation is used.
Engine location ignored, only thruster location is used.
Engine orientation ignored, only thruster orientation is used.
Engine location ignored, only thruster location is used.
Engine orientation ignored, only thruster orientation is used.
Engine location ignored, only thruster location is used.
Engine orientation ignored, only thruster orientation is used.
Engine location ignored, only thruster location is used.
Engine orientation ignored, only thruster orientation is used.
Engine location ignored, only thruster location is used.
Engine orientation ignored, only thruster orientation is used.
Engine location ignored, only thruster location is used.
Engine orientation ignored, only thruster orientation is used.
Engine location ignored, only thruster location is used.
Engine orientation ignored, only thruster orientation is used.
Engine location ignored, only thruster location is used.
Engine orientation ignored, only thruster orientation is used.
Engine location ignored, only thruster location is used.
Engine orientation ignored, only thruster orientation is used.
Engine location ignored, only thruster location is used.
Engine orientation ignored, only thruster orientation is used.
Engine location ignored, only thruster location is used.
Engine orientation ignored, only thruster orientation is used.
Engine location ignored, only thruster location is used.
Engine orientation ignored, only thruster orientation is used.
Engine location ignored, only thruster location is used.
Engine orientation ignored, only thruster orientation is used.
Engine location ignored, only thruster location is used.
Engine orientation ignored, only thruster orientation is used.
Engine location ignored, only thruster location is used.
Engine orientation ignored, only thruster orientation is used.
Engine location ignored, only thruster location is used.
Engine orientation ignored, only thruster orientation is used.
Engine location ignored, only thruster location is used.
Engine orientation ignored, only thruster orientation is used.
Engine location ignored, only thruster location is used.
Engine orientation ignored, only thruster orientation is used.
Engine location ignored, only thruster location is used.
Engine orientation ignored, only thruster orientation is used.
Engine location ignored, only thruster location is used.
Engine orientation ignored, only thruster orientation is used.
Engine location ignored, only thruster location is used.
Engine orientation ignored, only thruster orientation is used.
Engine location ignored, only thruster location is used.
Engine orientation ignored, only thruster orientation is used.
Engine location ignored, only thruster location is used.
Engine orientation ignored, only thruster orientation is used.
Engine location ignored, only thruster location is used.
Engine orientation ignored, only thruster orientation is used.
Engine location ignored, only thruster location is used.
Engine orientation ignored, only thruster orientation is used.
Engine location ignored, only thruster location is used.
Engine orientation ignored, only thruster orientation is used.
Engine location ignored, only thruster location is used.
Engine orientation ignored, only thruster orientation is used.
Engine location ignored, only thruster location is used.
Engine orientation ignored, only thruster orientation is used.
Engine location ignored, only thruster location is used.
Engine orientation ignored, only thruster orientation is used.
Engine location ignored, only thruster location is used.
Engine orientation ignored, only thruster orientation is used.
Engine location ignored, only thruster location is used.
Engine orientation ignored, only thruster orientation is used.
Engine location ignored, only thruster location is used.
Engine orientation ignored, only thruster orientation is used.
Engine location ignored, only thruster location is used.
Engine orientation ignored, only thruster orientation is used.
Engine location ignored, only thruster location is used.
Engine orientation ignored, only thruster orientation is used.
Engine location ignored, only thruster location is used.
Engine orientation ignored, only thruster orientation is used.
Engine location ignored, only thruster location is used.
Engine orientation ignored, only thruster orientation is used.
Engine location ignored, only thruster location is used.
Engine orientation ignored, only thruster orientation is used.
Engine location ignored, only thruster location is used.
Engine orientation ignored, only thruster orientation is used.
Engine location ignored, only thruster location is used.
Engine orientation ignored, only thruster orientation is used.
Engine location ignored, only thruster location is used.
Engine orientation ignored, only thruster orientation is used.
Engine location ignored, only thruster location is used.
Engine orientation ignored, only thruster orientation is used.
Engine location ignored, only thruster location is used.
Engine orientation ignored, only thruster orientation is used.
Engine location ignored, only thruster location is used.
Engine orientation ignored, only thruster orientation is used.
Engine location ignored, only thruster location is used.
Engine orientation ignored, only thruster orientation is used.
Engine location ignored, only thruster location is used.
Engine orientation ignored, only thruster orientation is used.
Engine location ignored, only thruster location is used.
Engine orientation ignored, only thruster orientation is used.
Engine location ignored, only thruster location is used.
Engine orientation ignored, only thruster orientation is used.
Engine location ignored, only thruster location is used.
Engine orientation ignored, only thruster orientation is used.
Engine location ignored, only thruster location is used.
Engine orientation ignored, only thruster orientation is used.
Engine location ignored, only thruster location is used.
Engine orientation ignored, only thruster orientation is used.
Engine location ignored, only thruster location is used.
Engine orientation ignored, only thruster orientation is used.
Engine location ignored, only thruster location is used.
Engine orientation ignored, only thruster orientation is used.
Engine location ignored, only thruster location is used.
Engine orientation ignored, only thruster orientation is used.
Engine location ignored, only thruster location is used.
Engine orientation ignored, only thruster orientation is used.
Engine location ignored, only thruster location is used.
Engine orientation ignored, only thruster orientation is used.
Engine location ignored, only thruster location is used.
Engine orientation ignored, only thruster orientation is used.
Engine location ignored, only thruster location is used.
Engine orientation ignored, only thruster orientation is used.
Engine location ignored, only thruster location is used.
Engine orientation ignored, only thruster orientation is used.
Engine location ignored, only thruster location is used.
Engine orientation ignored, only thruster orientation is used.
Engine location ignored, only thruster location is used.
Engine orientation ignored, only thruster orientation is used.
Engine location ignored, only thruster location is used.
Engine orientation ignored, only thruster orientation is used.
Engine location ignored, only thruster location is used.
Engine orientation ignored, only thruster orientation is used.
Engine location ignored, only thruster location is used.
Engine orientation ignored, only thruster orientation is used.
Engine location ignored, only thruster location is used.
Engine orientation ignored, only thruster orientation is used.
Engine location ignored, only thruster location is used.
Engine orientation ignored, only thruster orientation is used.
Engine location ignored, only thruster location is used.
Engine orientation ignored, only thruster orientation is used.
Engine location ignored, only thruster location is used.
Engine orientation ignored, only thruster orientation is used.
⚠ 취약점 B2_Extender_04/red 상대개입 t0=120 lag → 챔프 Δ-1.6 timeout@300s
Engine location ignored, only thruster location is used.
Engine orientation ignored, only thruster orientation is used.
Engine location ignored, only thruster location is used.
Engine orientation ignored, only thruster orientation is used.
Engine location ignored, only thruster location is used.
Engine orientation ignored, only thruster orientation is used.
Engine location ignored, only thruster location is used.
Engine orientation ignored, only thruster orientation is used.
Engine location ignored, only thruster location is used.
Engine orientation ignored, only thruster orientation is used.
Engine location ignored, only thruster location is used.
Engine orientation ignored, only thruster orientation is used.
◆ B2_Extender_04/red 상대개입 72회 중 챔프 패·무 4회
Engine location ignored, only thruster location is used.
Engine orientation ignored, only thruster orientation is used.
Engine location ignored, only thruster location is used.
Engine orientation ignored, only thruster orientation is used.
Engine location ignored, only thruster location is used.
Engine orientation ignored, only thruster orientation is used.
Engine location ignored, only thruster location is used.
Engine orientation ignored, only thruster orientation is used.
⚠ 취약점 C2_OneCircleRad_03/red 상대개입 t0=8 dive → 챔프 Δ-9.9 health_zero@59s
Engine location ignored, only thruster location is used.
Engine orientation ignored, only thruster orientation is used.
Engine location ignored, only thruster location is used.
Engine orientation ignored, only thruster orientation is used.
Engine location ignored, only thruster location is used.
Engine orientation ignored, only thruster orientation is used.
Engine location ignored, only thruster location is used.
Engine orientation ignored, only thruster orientation is used.
Engine location ignored, only thruster location is used.
Engine orientation ignored, only thruster orientation is used.
Engine location ignored, only thruster location is used.
Engine orientation ignored, only thruster orientation is used.
Engine location ignored, only thruster location is used.
Engine orientation ignored, only thruster orientation is used.
Engine location ignored, only thruster location is used.
Engine orientation ignored, only thruster orientation is used.
Engine location ignored, only thruster location is used.
Engine orientation ignored, only thruster orientation is used.
Engine location ignored, only thruster location is used.
Engine orientation ignored, only thruster orientation is used.
Engine location ignored, only thruster location is used.
Engine orientation ignored, only thruster orientation is used.
Engine location ignored, only thruster location is used.
Engine orientation ignored, only thruster orientation is used.
Engine location ignored, only thruster location is used.
Engine orientation ignored, only thruster orientation is used.
Engine location ignored, only thruster location is used.
Engine orientation ignored, only thruster orientation is used.
Engine location ignored, only thruster location is used.
Engine orientation ignored, only thruster orientation is used.
Engine location ignored, only thruster location is used.
Engine orientation ignored, only thruster orientation is used.
⚠ 취약점 C2_OneCircleRad_03/red 상대개입 t0=12 climb → 챔프 Δ-18.3 health_zero@58s
Engine location ignored, only thruster location is used.
Engine orientation ignored, only thruster orientation is used.
Engine location ignored, only thruster location is used.
Engine orientation ignored, only thruster orientation is used.
Engine location ignored, only thruster location is used.
Engine orientation ignored, only thruster orientation is used.
Engine location ignored, only thruster location is used.
Engine orientation ignored, only thruster orientation is used.
⚠ 취약점 C2_OneCircleRad_03/red 상대개입 t0=12 break → 챔프 Δ-50.3 health_zero@39s
Engine location ignored, only thruster location is used.
Engine orientation ignored, only thruster orientation is used.
Engine location ignored, only thruster location is used.
Engine orientation ignored, only thruster orientation is used.
⚠ 취약점 C2_OneCircleRad_03/red 상대개입 t0=12 extend → 챔프 Δ-16.7 health_zero@146s
Engine location ignored, only thruster location is used.
Engine orientation ignored, only thruster orientation is used.
Engine location ignored, only thruster location is used.
Engine orientation ignored, only thruster orientation is used.
Engine location ignored, only thruster location is used.
Engine orientation ignored, only thruster orientation is used.
Engine location ignored, only thruster location is used.
Engine orientation ignored, only thruster orientation is used.
⚠ 취약점 C2_OneCircleRad_03/red 상대개입 t0=12 lag → 챔프 Δ-46.4 health_zero@161s
Engine location ignored, only thruster location is used.
Engine orientation ignored, only thruster orientation is used.
Engine location ignored, only thruster location is used.
Engine orientation ignored, only thruster orientation is used.
Engine location ignored, only thruster location is used.
Engine orientation ignored, only thruster orientation is used.
Engine location ignored, only thruster location is used.
Engine orientation ignored, only thruster orientation is used.
⚠ 취약점 C2_OneCircleRad_03/red 상대개입 t0=12 level → 챔프 Δ-25.3 health_zero@126s
Engine location ignored, only thruster location is used.
Engine orientation ignored, only thruster orientation is used.
Engine location ignored, only thruster location is used.
Engine orientation ignored, only thruster orientation is used.
⚠ 취약점 C2_OneCircleRad_03/red 상대개입 t0=12 gun_pure → 챔프 Δ-45.5 health_zero@108s
Engine location ignored, only thruster location is used.
Engine orientation ignored, only thruster orientation is used.
Engine location ignored, only thruster location is used.
Engine orientation ignored, only thruster orientation is used.
Engine location ignored, only thruster location is used.
Engine orientation ignored, only thruster orientation is used.
Engine location ignored, only thruster location is used.
Engine orientation ignored, only thruster orientation is used.
Engine location ignored, only thruster location is used.
Engine orientation ignored, only thruster orientation is used.
Engine location ignored, only thruster location is used.
Engine orientation ignored, only thruster orientation is used.
Engine location ignored, only thruster location is used.
Engine orientation ignored, only thruster orientation is used.
Engine location ignored, only thruster location is used.
Engine orientation ignored, only thruster orientation is used.
Engine location ignored, only thruster location is used.
Engine orientation ignored, only thruster orientation is used.
Engine location ignored, only thruster location is used.
Engine orientation ignored, only thruster orientation is used.
Engine location ignored, only thruster location is used.
Engine orientation ignored, only thruster orientation is used.
Engine location ignored, only thruster location is used.
Engine orientation ignored, only thruster orientation is used.
Engine location ignored, only thruster location is used.
Engine orientation ignored, only thruster orientation is used.
Engine location ignored, only thruster location is used.
Engine orientation ignored, only thruster orientation is used.
Engine location ignored, only thruster location is used.
Engine orientation ignored, only thruster orientation is used.
Engine location ignored, only thruster location is used.
Engine orientation ignored, only thruster orientation is used.
⚠ 취약점 C2_OneCircleRad_03/red 상대개입 t0=16 level → 챔프 Δ-27.0 health_zero@58s
Engine location ignored, only thruster location is used.
Engine orientation ignored, only thruster orientation is used.
Engine location ignored, only thruster location is used.
Engine orientation ignored, only thruster orientation is used.
⚠ 취약점 C2_OneCircleRad_03/red 상대개입 t0=16 gun_pure → 챔프 Δ-43.6 health_zero@232s
Engine location ignored, only thruster location is used.
Engine orientation ignored, only thruster orientation is used.
Engine location ignored, only thruster location is used.
Engine orientation ignored, only thruster orientation is used.
Engine location ignored, only thruster location is used.
Engine orientation ignored, only thruster orientation is used.
Engine location ignored, only thruster location is used.
Engine orientation ignored, only thruster orientation is used.
Engine location ignored, only thruster location is used.
Engine orientation ignored, only thruster orientation is used.
Engine location ignored, only thruster location is used.
Engine orientation ignored, only thruster orientation is used.
Engine location ignored, only thruster location is used.
Engine orientation ignored, only thruster orientation is used.
Engine location ignored, only thruster location is used.
Engine orientation ignored, only thruster orientation is used.
Engine location ignored, only thruster location is used.
Engine orientation ignored, only thruster orientation is used.
Engine location ignored, only thruster location is used.
Engine orientation ignored, only thruster orientation is used.
⚠ 취약점 C2_OneCircleRad_03/red 상대개입 t0=20 gun → 챔프 Δ-57.0 health_zero@86s
Engine location ignored, only thruster location is used.
Engine orientation ignored, only thruster orientation is used.
Engine location ignored, only thruster location is used.
Engine orientation ignored, only thruster orientation is used.
Engine location ignored, only thruster location is used.
Engine orientation ignored, only thruster orientation is used.
Engine location ignored, only thruster location is used.
Engine orientation ignored, only thruster orientation is used.
Engine location ignored, only thruster location is used.
Engine orientation ignored, only thruster orientation is used.
Engine location ignored, only thruster location is used.
Engine orientation ignored, only thruster orientation is used.
⚠ 취약점 C2_OneCircleRad_03/red 상대개입 t0=20 level → 챔프 Δ-50.4 health_zero@62s
Engine location ignored, only thruster location is used.
Engine orientation ignored, only thruster orientation is used.
Engine location ignored, only thruster location is used.
Engine orientation ignored, only thruster orientation is used.
Engine location ignored, only thruster location is used.
Engine orientation ignored, only thruster orientation is used.
Engine location ignored, only thruster location is used.
Engine orientation ignored, only thruster orientation is used.
Engine location ignored, only thruster location is used.
Engine orientation ignored, only thruster orientation is used.
Engine location ignored, only thruster location is used.
Engine orientation ignored, only thruster orientation is used.
Engine location ignored, only thruster location is used.
Engine orientation ignored, only thruster orientation is used.
Engine location ignored, only thruster location is used.
Engine orientation ignored, only thruster orientation is used.
Engine location ignored, only thruster location is used.
Engine orientation ignored, only thruster orientation is used.
Engine location ignored, only thruster location is used.
Engine orientation ignored, only thruster orientation is used.
Engine location ignored, only thruster location is used.
Engine orientation ignored, only thruster orientation is used.
Engine location ignored, only thruster location is used.
Engine orientation ignored, only thruster orientation is used.
Engine location ignored, only thruster location is used.
Engine orientation ignored, only thruster orientation is used.
Engine location ignored, only thruster location is used.
Engine orientation ignored, only thruster orientation is used.
Engine location ignored, only thruster location is used.
Engine orientation ignored, only thruster orientation is used.
Engine location ignored, only thruster location is used.
Engine orientation ignored, only thruster orientation is used.
Engine location ignored, only thruster location is used.
Engine orientation ignored, only thruster orientation is used.
Engine location ignored, only thruster location is used.
Engine orientation ignored, only thruster orientation is used.
Engine location ignored, only thruster location is used.
Engine orientation ignored, only thruster orientation is used.
Engine location ignored, only thruster location is used.
Engine orientation ignored, only thruster orientation is used.
Engine location ignored, only thruster location is used.
Engine orientation ignored, only thruster orientation is used.
Engine location ignored, only thruster location is used.
Engine orientation ignored, only thruster orientation is used.
Engine location ignored, only thruster location is used.
Engine orientation ignored, only thruster orientation is used.
Engine location ignored, only thruster location is used.
Engine orientation ignored, only thruster orientation is used.
Engine location ignored, only thruster location is used.
Engine orientation ignored, only thruster orientation is used.
Engine location ignored, only thruster location is used.
Engine orientation ignored, only thruster orientation is used.
Engine location ignored, only thruster location is used.
Engine orientation ignored, only thruster orientation is used.
Engine location ignored, only thruster location is used.
Engine orientation ignored, only thruster orientation is used.
Engine location ignored, only thruster location is used.
Engine orientation ignored, only thruster orientation is used.
Engine location ignored, only thruster location is used.
Engine orientation ignored, only thruster orientation is used.
Engine location ignored, only thruster location is used.
Engine orientation ignored, only thruster orientation is used.
Engine location ignored, only thruster location is used.
Engine orientation ignored, only thruster orientation is used.
Engine location ignored, only thruster location is used.
Engine orientation ignored, only thruster orientation is used.
Engine location ignored, only thruster location is used.
Engine orientation ignored, only thruster orientation is used.
Engine location ignored, only thruster location is used.
Engine orientation ignored, only thruster orientation is used.
Engine location ignored, only thruster location is used.
Engine orientation ignored, only thruster orientation is used.
⚠ 취약점 C2_OneCircleRad_03/red 상대개입 t0=30 level → 챔프 Δ-2.1 health_zero@57s
Engine location ignored, only thruster location is used.
Engine orientation ignored, only thruster orientation is used.
Engine location ignored, only thruster location is used.
Engine orientation ignored, only thruster orientation is used.
Engine location ignored, only thruster location is used.
Engine orientation ignored, only thruster orientation is used.
Engine location ignored, only thruster location is used.
Engine orientation ignored, only thruster orientation is used.
Engine location ignored, only thruster location is used.
Engine orientation ignored, only thruster orientation is used.
Engine location ignored, only thruster location is used.
Engine orientation ignored, only thruster orientation is used.
Engine location ignored, only thruster location is used.
Engine orientation ignored, only thruster orientation is used.
Engine location ignored, only thruster location is used.
Engine orientation ignored, only thruster orientation is used.
Engine location ignored, only thruster location is used.
Engine orientation ignored, only thruster orientation is used.
Engine location ignored, only thruster location is used.
Engine orientation ignored, only thruster orientation is used.
Engine location ignored, only thruster location is used.
Engine orientation ignored, only thruster orientation is used.
Engine location ignored, only thruster location is used.
Engine orientation ignored, only thruster orientation is used.
Engine location ignored, only thruster location is used.
Engine orientation ignored, only thruster orientation is used.
Engine location ignored, only thruster location is used.
Engine orientation ignored, only thruster orientation is used.
Engine location ignored, only thruster location is used.
Engine orientation ignored, only thruster orientation is used.
Engine location ignored, only thruster location is used.
Engine orientation ignored, only thruster orientation is used.
Engine location ignored, only thruster location is used.
Engine orientation ignored, only thruster orientation is used.
Engine location ignored, only thruster location is used.
Engine orientation ignored, only thruster orientation is used.
Engine location ignored, only thruster location is used.
Engine orientation ignored, only thruster orientation is used.
Engine location ignored, only thruster location is used.
Engine orientation ignored, only thruster orientation is used.
Engine location ignored, only thruster location is used.
Engine orientation ignored, only thruster orientation is used.
Engine location ignored, only thruster location is used.
Engine orientation ignored, only thruster orientation is used.
Engine location ignored, only thruster location is used.
Engine orientation ignored, only thruster orientation is used.
Engine location ignored, only thruster location is used.
Engine orientation ignored, only thruster orientation is used.
Engine location ignored, only thruster location is used.
Engine orientation ignored, only thruster orientation is used.
Engine location ignored, only thruster location is used.
Engine orientation ignored, only thruster orientation is used.
Engine location ignored, only thruster location is used.
Engine orientation ignored, only thruster orientation is used.
Engine location ignored, only thruster location is used.
Engine orientation ignored, only thruster orientation is used.
Engine location ignored, only thruster location is used.
Engine orientation ignored, only thruster orientation is used.
Engine location ignored, only thruster location is used.
Engine orientation ignored, only thruster orientation is used.
Engine location ignored, only thruster location is used.
Engine orientation ignored, only thruster orientation is used.
Engine location ignored, only thruster location is used.
Engine orientation ignored, only thruster orientation is used.
Engine location ignored, only thruster location is used.
Engine orientation ignored, only thruster orientation is used.
Engine location ignored, only thruster location is used.
Engine orientation ignored, only thruster orientation is used.
Engine location ignored, only thruster location is used.
Engine orientation ignored, only thruster orientation is used.
Engine location ignored, only thruster location is used.
Engine orientation ignored, only thruster orientation is used.
Engine location ignored, only thruster location is used.
Engine orientation ignored, only thruster orientation is used.
Engine location ignored, only thruster location is used.
Engine orientation ignored, only thruster orientation is used.
◆ C2_OneCircleRad_03/red 상대개입 72회 중 챔프 패·무 12회
Engine location ignored, only thruster location is used.
Engine orientation ignored, only thruster orientation is used.
Engine location ignored, only thruster location is used.
Engine orientation ignored, only thruster orientation is used.
Engine location ignored, only thruster location is used.
Engine orientation ignored, only thruster orientation is used.
Engine location ignored, only thruster location is used.
Engine orientation ignored, only thruster orientation is used.
Engine location ignored, only thruster location is used.
Engine orientation ignored, only thruster orientation is used.
Engine location ignored, only thruster location is used.
Engine orientation ignored, only thruster orientation is used.
Engine location ignored, only thruster location is used.
Engine orientation ignored, only thruster orientation is used.
Engine location ignored, only thruster location is used.
Engine orientation ignored, only thruster orientation is used.
Engine location ignored, only thruster location is used.
Engine orientation ignored, only thruster orientation is used.
Engine location ignored, only thruster location is used.
Engine orientation ignored, only thruster orientation is used.
Engine location ignored, only thruster location is used.
Engine orientation ignored, only thruster orientation is used.
Engine location ignored, only thruster location is used.
Engine orientation ignored, only thruster orientation is used.
Engine location ignored, only thruster location is used.
Engine orientation ignored, only thruster orientation is used.
Engine location ignored, only thruster location is used.
Engine orientation ignored, only thruster orientation is used.
Engine location ignored, only thruster location is used.
Engine orientation ignored, only thruster orientation is used.
Engine location ignored, only thruster location is used.
Engine orientation ignored, only thruster orientation is used.
Engine location ignored, only thruster location is used.
Engine orientation ignored, only thruster orientation is used.
Engine location ignored, only thruster location is used.
Engine orientation ignored, only thruster orientation is used.
Engine location ignored, only thruster location is used.
Engine orientation ignored, only thruster orientation is used.
Engine location ignored, only thruster location is used.
Engine orientation ignored, only thruster orientation is used.
Engine location ignored, only thruster location is used.
Engine orientation ignored, only thruster orientation is used.
Engine location ignored, only thruster location is used.
Engine orientation ignored, only thruster orientation is used.
⚠ 취약점 D1_Reactive_06/red 상대개입 t0=12 dive → 챔프 Δ-12.8 timeout@300s
Engine location ignored, only thruster location is used.
Engine orientation ignored, only thruster orientation is used.
Engine location ignored, only thruster location is used.
Engine orientation ignored, only thruster orientation is used.
Engine location ignored, only thruster location is used.
Engine orientation ignored, only thruster orientation is used.
Engine location ignored, only thruster location is used.
Engine orientation ignored, only thruster orientation is used.
Engine location ignored, only thruster location is used.
Engine orientation ignored, only thruster orientation is used.
Engine location ignored, only thruster location is used.
Engine orientation ignored, only thruster orientation is used.
Engine location ignored, only thruster location is used.
Engine orientation ignored, only thruster orientation is used.
Engine location ignored, only thruster location is used.
Engine orientation ignored, only thruster orientation is used.
Engine location ignored, only thruster location is used.
Engine orientation ignored, only thruster orientation is used.
Engine location ignored, only thruster location is used.
Engine orientation ignored, only thruster orientation is used.
Engine location ignored, only thruster location is used.
Engine orientation ignored, only thruster orientation is used.
Engine location ignored, only thruster location is used.
Engine orientation ignored, only thruster orientation is used.
Engine location ignored, only thruster location is used.
Engine orientation ignored, only thruster orientation is used.
Engine location ignored, only thruster location is used.
Engine orientation ignored, only thruster orientation is used.
Engine location ignored, only thruster location is used.
Engine orientation ignored, only thruster orientation is used.
Engine location ignored, only thruster location is used.
Engine orientation ignored, only thruster orientation is used.
Engine location ignored, only thruster location is used.
Engine orientation ignored, only thruster orientation is used.
Engine location ignored, only thruster location is used.
Engine orientation ignored, only thruster orientation is used.
Engine location ignored, only thruster location is used.
Engine orientation ignored, only thruster orientation is used.
Engine location ignored, only thruster location is used.
Engine orientation ignored, only thruster orientation is used.
Engine location ignored, only thruster location is used.
Engine orientation ignored, only thruster orientation is used.
Engine location ignored, only thruster location is used.
Engine orientation ignored, only thruster orientation is used.
Engine location ignored, only thruster location is used.
Engine orientation ignored, only thruster orientation is used.
Engine location ignored, only thruster location is used.
Engine orientation ignored, only thruster orientation is used.
Engine location ignored, only thruster location is used.
Engine orientation ignored, only thruster orientation is used.
Engine location ignored, only thruster location is used.
Engine orientation ignored, only thruster orientation is used.
Engine location ignored, only thruster location is used.
Engine orientation ignored, only thruster orientation is used.
Engine location ignored, only thruster location is used.
Engine orientation ignored, only thruster orientation is used.
Engine location ignored, only thruster location is used.
Engine orientation ignored, only thruster orientation is used.
Engine location ignored, only thruster location is used.
Engine orientation ignored, only thruster orientation is used.
Engine location ignored, only thruster location is used.
Engine orientation ignored, only thruster orientation is used.
Engine location ignored, only thruster location is used.
Engine orientation ignored, only thruster orientation is used.
Engine location ignored, only thruster location is used.
Engine orientation ignored, only thruster orientation is used.
Engine location ignored, only thruster location is used.
Engine orientation ignored, only thruster orientation is used.
Engine location ignored, only thruster location is used.
Engine orientation ignored, only thruster orientation is used.
Engine location ignored, only thruster location is used.
Engine orientation ignored, only thruster orientation is used.
Engine location ignored, only thruster location is used.
Engine orientation ignored, only thruster orientation is used.
Engine location ignored, only thruster location is used.
Engine orientation ignored, only thruster orientation is used.
Engine location ignored, only thruster location is used.
Engine orientation ignored, only thruster orientation is used.
Engine location ignored, only thruster location is used.
Engine orientation ignored, only thruster orientation is used.
Engine location ignored, only thruster location is used.
Engine orientation ignored, only thruster orientation is used.
Engine location ignored, only thruster location is used.
Engine orientation ignored, only thruster orientation is used.
Engine location ignored, only thruster location is used.
Engine orientation ignored, only thruster orientation is used.
Engine location ignored, only thruster location is used.
Engine orientation ignored, only thruster orientation is used.
Engine location ignored, only thruster location is used.
Engine orientation ignored, only thruster orientation is used.
Engine location ignored, only thruster location is used.
Engine orientation ignored, only thruster orientation is used.
Engine location ignored, only thruster location is used.
Engine orientation ignored, only thruster orientation is used.
Engine location ignored, only thruster location is used.
Engine orientation ignored, only thruster orientation is used.
⚠ 취약점 D1_Reactive_06/red 상대개입 t0=20 level → 챔프 Δ-56.5 health_zero@256s
Engine location ignored, only thruster location is used.
Engine orientation ignored, only thruster orientation is used.
Engine location ignored, only thruster location is used.
Engine orientation ignored, only thruster orientation is used.
Engine location ignored, only thruster location is used.
Engine orientation ignored, only thruster orientation is used.
Engine location ignored, only thruster location is used.
Engine orientation ignored, only thruster orientation is used.
Engine location ignored, only thruster location is used.
Engine orientation ignored, only thruster orientation is used.
Engine location ignored, only thruster location is used.
Engine orientation ignored, only thruster orientation is used.
Engine location ignored, only thruster location is used.
Engine orientation ignored, only thruster orientation is used.
Engine location ignored, only thruster location is used.
Engine orientation ignored, only thruster orientation is used.
Engine location ignored, only thruster location is used.
Engine orientation ignored, only thruster orientation is used.
Engine location ignored, only thruster location is used.
Engine orientation ignored, only thruster orientation is used.
Engine location ignored, only thruster location is used.
Engine orientation ignored, only thruster orientation is used.
Engine location ignored, only thruster location is used.
Engine orientation ignored, only thruster orientation is used.
Engine location ignored, only thruster location is used.
Engine orientation ignored, only thruster orientation is used.
Engine location ignored, only thruster location is used.
Engine orientation ignored, only thruster orientation is used.
Engine location ignored, only thruster location is used.
Engine orientation ignored, only thruster orientation is used.
Engine location ignored, only thruster location is used.
Engine orientation ignored, only thruster orientation is used.
Engine location ignored, only thruster location is used.
Engine orientation ignored, only thruster orientation is used.
Engine location ignored, only thruster location is used.
Engine orientation ignored, only thruster orientation is used.
Engine location ignored, only thruster location is used.
Engine orientation ignored, only thruster orientation is used.
Engine location ignored, only thruster location is used.
Engine orientation ignored, only thruster orientation is used.
Engine location ignored, only thruster location is used.
Engine orientation ignored, only thruster orientation is used.
Engine location ignored, only thruster location is used.
Engine orientation ignored, only thruster orientation is used.
⚠ 취약점 D1_Reactive_06/red 상대개입 t0=30 climb → 챔프 Δ-0.3 health_zero@53s
Engine location ignored, only thruster location is used.
Engine orientation ignored, only thruster orientation is used.
Engine location ignored, only thruster location is used.
Engine orientation ignored, only thruster orientation is used.
Engine location ignored, only thruster location is used.
Engine orientation ignored, only thruster orientation is used.
Engine location ignored, only thruster location is used.
Engine orientation ignored, only thruster orientation is used.
Engine location ignored, only thruster location is used.
Engine orientation ignored, only thruster orientation is used.
Engine location ignored, only thruster location is used.
Engine orientation ignored, only thruster orientation is used.
Engine location ignored, only thruster location is used.
Engine orientation ignored, only thruster orientation is used.
Engine location ignored, only thruster location is used.
Engine orientation ignored, only thruster orientation is used.
⚠ 취약점 D1_Reactive_06/red 상대개입 t0=30 gun → 챔프 Δ-12.3 health_zero@144s
Engine location ignored, only thruster location is used.
Engine orientation ignored, only thruster orientation is used.
Engine location ignored, only thruster location is used.
Engine orientation ignored, only thruster orientation is used.
Engine location ignored, only thruster location is used.
Engine orientation ignored, only thruster orientation is used.
Engine location ignored, only thruster location is used.
Engine orientation ignored, only thruster orientation is used.
Engine location ignored, only thruster location is used.
Engine orientation ignored, only thruster orientation is used.
Engine location ignored, only thruster location is used.
Engine orientation ignored, only thruster orientation is used.
Engine location ignored, only thruster location is used.
Engine orientation ignored, only thruster orientation is used.
Engine location ignored, only thruster location is used.
Engine orientation ignored, only thruster orientation is used.
Engine location ignored, only thruster location is used.
Engine orientation ignored, only thruster orientation is used.
Engine location ignored, only thruster location is used.
Engine orientation ignored, only thruster orientation is used.
Engine location ignored, only thruster location is used.
Engine orientation ignored, only thruster orientation is used.
Engine location ignored, only thruster location is used.
Engine orientation ignored, only thruster orientation is used.
⚠ 취약점 D1_Reactive_06/red 상대개입 t0=60 dive → 챔프 Δ-9.3 timeout@300s
Engine location ignored, only thruster location is used.
Engine orientation ignored, only thruster orientation is used.
Engine location ignored, only thruster location is used.
Engine orientation ignored, only thruster orientation is used.
Engine location ignored, only thruster location is used.
Engine orientation ignored, only thruster orientation is used.
Engine location ignored, only thruster location is used.
Engine orientation ignored, only thruster orientation is used.
Engine location ignored, only thruster location is used.
Engine orientation ignored, only thruster orientation is used.
Engine location ignored, only thruster location is used.
Engine orientation ignored, only thruster orientation is used.
Engine location ignored, only thruster location is used.
Engine orientation ignored, only thruster orientation is used.
Engine location ignored, only thruster location is used.
Engine orientation ignored, only thruster orientation is used.
Engine location ignored, only thruster location is used.
Engine orientation ignored, only thruster orientation is used.
Engine location ignored, only thruster location is used.
Engine orientation ignored, only thruster orientation is used.
Engine location ignored, only thruster location is used.
Engine orientation ignored, only thruster orientation is used.
Engine location ignored, only thruster location is used.
Engine orientation ignored, only thruster orientation is used.
Engine location ignored, only thruster location is used.
Engine orientation ignored, only thruster orientation is used.
Engine location ignored, only thruster location is used.
Engine orientation ignored, only thruster orientation is used.
Engine location ignored, only thruster location is used.
Engine orientation ignored, only thruster orientation is used.
Engine location ignored, only thruster location is used.
Engine orientation ignored, only thruster orientation is used.
Engine location ignored, only thruster location is used.
Engine orientation ignored, only thruster orientation is used.
Engine location ignored, only thruster location is used.
Engine orientation ignored, only thruster orientation is used.
Engine location ignored, only thruster location is used.
Engine orientation ignored, only thruster orientation is used.
Engine location ignored, only thruster location is used.
Engine orientation ignored, only thruster orientation is used.
Engine location ignored, only thruster location is used.
Engine orientation ignored, only thruster orientation is used.
Engine location ignored, only thruster location is used.
Engine orientation ignored, only thruster orientation is used.
Engine location ignored, only thruster location is used.
Engine orientation ignored, only thruster orientation is used.
Engine location ignored, only thruster location is used.
Engine orientation ignored, only thruster orientation is used.
Engine location ignored, only thruster location is used.
Engine orientation ignored, only thruster orientation is used.
Engine location ignored, only thruster location is used.
Engine orientation ignored, only thruster orientation is used.
Engine location ignored, only thruster location is used.
Engine orientation ignored, only thruster orientation is used.
Engine location ignored, only thruster location is used.
Engine orientation ignored, only thruster orientation is used.
Engine location ignored, only thruster location is used.
Engine orientation ignored, only thruster orientation is used.
Engine location ignored, only thruster location is used.
Engine orientation ignored, only thruster orientation is used.
Engine location ignored, only thruster location is used.
Engine orientation ignored, only thruster orientation is used.
Engine location ignored, only thruster location is used.
Engine orientation ignored, only thruster orientation is used.
◆ D1_Reactive_06/red 상대개입 72회 중 챔프 패·무 5회
Engine location ignored, only thruster location is used.
Engine orientation ignored, only thruster orientation is used.
Engine location ignored, only thruster location is used.
Engine orientation ignored, only thruster orientation is used.
Engine location ignored, only thruster location is used.
Engine orientation ignored, only thruster orientation is used.
Engine location ignored, only thruster location is used.
Engine orientation ignored, only thruster orientation is used.
Engine location ignored, only thruster location is used.
Engine orientation ignored, only thruster orientation is used.
Engine location ignored, only thruster location is used.
Engine orientation ignored, only thruster orientation is used.
Engine location ignored, only thruster location is used.
Engine orientation ignored, only thruster orientation is used.
Engine location ignored, only thruster location is used.
Engine orientation ignored, only thruster orientation is used.
⚠ 취약점 D3_Scissors_01/red 상대개입 t0=8 extend → 챔프 Δ-0.0 timeout@300s
Engine location ignored, only thruster location is used.
Engine orientation ignored, only thruster orientation is used.
Engine location ignored, only thruster location is used.
Engine orientation ignored, only thruster orientation is used.
Engine location ignored, only thruster location is used.
Engine orientation ignored, only thruster orientation is used.
Engine location ignored, only thruster location is used.
Engine orientation ignored, only thruster orientation is used.
Engine location ignored, only thruster location is used.
Engine orientation ignored, only thruster orientation is used.
Engine location ignored, only thruster location is used.
Engine orientation ignored, only thruster orientation is used.
Engine location ignored, only thruster location is used.
Engine orientation ignored, only thruster orientation is used.
Engine location ignored, only thruster location is used.
Engine orientation ignored, only thruster orientation is used.
Engine location ignored, only thruster location is used.
Engine orientation ignored, only thruster orientation is used.
Engine location ignored, only thruster location is used.
Engine orientation ignored, only thruster orientation is used.
Engine location ignored, only thruster location is used.
Engine orientation ignored, only thruster orientation is used.
Engine location ignored, only thruster location is used.
Engine orientation ignored, only thruster orientation is used.
Engine location ignored, only thruster location is used.
Engine orientation ignored, only thruster orientation is used.
Engine location ignored, only thruster location is used.
Engine orientation ignored, only thruster orientation is used.
Engine location ignored, only thruster location is used.
Engine orientation ignored, only thruster orientation is used.
Engine location ignored, only thruster location is used.
Engine orientation ignored, only thruster orientation is used.
⚠ 취약점 D3_Scissors_01/red 상대개입 t0=12 break → 챔프 Δ-6.0 timeout@300s
Engine location ignored, only thruster location is used.
Engine orientation ignored, only thruster orientation is used.
Engine location ignored, only thruster location is used.
Engine orientation ignored, only thruster orientation is used.
Engine location ignored, only thruster location is used.
Engine orientation ignored, only thruster orientation is used.
Engine location ignored, only thruster location is used.
Engine orientation ignored, only thruster orientation is used.
Engine location ignored, only thruster location is used.
Engine orientation ignored, only thruster orientation is used.
Engine location ignored, only thruster location is used.
Engine orientation ignored, only thruster orientation is used.
Engine location ignored, only thruster location is used.
Engine orientation ignored, only thruster orientation is used.
Engine location ignored, only thruster location is used.
Engine orientation ignored, only thruster orientation is used.
⚠ 취약점 D3_Scissors_01/red 상대개입 t0=12 two_circle → 챔프 Δ-34.9 health_zero@245s
Engine location ignored, only thruster location is used.
Engine orientation ignored, only thruster orientation is used.
Engine location ignored, only thruster location is used.
Engine orientation ignored, only thruster orientation is used.
⚠ 취약점 D3_Scissors_01/red 상대개입 t0=12 level → 챔프 Δ-30.5 health_zero@153s
Engine location ignored, only thruster location is used.
Engine orientation ignored, only thruster orientation is used.
Engine location ignored, only thruster location is used.
Engine orientation ignored, only thruster orientation is used.
⚠ 취약점 D3_Scissors_01/red 상대개입 t0=12 gun_pure → 챔프 Δ-29.7 timeout@300s
Engine location ignored, only thruster location is used.
Engine orientation ignored, only thruster orientation is used.
Engine location ignored, only thruster location is used.
Engine orientation ignored, only thruster orientation is used.
Engine location ignored, only thruster location is used.
Engine orientation ignored, only thruster orientation is used.
Engine location ignored, only thruster location is used.
Engine orientation ignored, only thruster orientation is used.
Engine location ignored, only thruster location is used.
Engine orientation ignored, only thruster orientation is used.
Engine location ignored, only thruster location is used.
Engine orientation ignored, only thruster orientation is used.
Engine location ignored, only thruster location is used.
Engine orientation ignored, only thruster orientation is used.
Engine location ignored, only thruster location is used.
Engine orientation ignored, only thruster orientation is used.
Engine location ignored, only thruster location is used.
Engine orientation ignored, only thruster orientation is used.
Engine location ignored, only thruster location is used.
Engine orientation ignored, only thruster orientation is used.
Engine location ignored, only thruster location is used.
Engine orientation ignored, only thruster orientation is used.
Engine location ignored, only thruster location is used.
Engine orientation ignored, only thruster orientation is used.
Engine location ignored, only thruster location is used.
Engine orientation ignored, only thruster orientation is used.
Engine location ignored, only thruster location is used.
Engine orientation ignored, only thruster orientation is used.
⚠ 취약점 D3_Scissors_01/red 상대개입 t0=16 two_circle → 챔프 Δ-14.2 health_zero@223s
Engine location ignored, only thruster location is used.
Engine orientation ignored, only thruster orientation is used.
Engine location ignored, only thruster location is used.
Engine orientation ignored, only thruster orientation is used.
Engine location ignored, only thruster location is used.
Engine orientation ignored, only thruster orientation is used.
Engine location ignored, only thruster location is used.
Engine orientation ignored, only thruster orientation is used.
Engine location ignored, only thruster location is used.
Engine orientation ignored, only thruster orientation is used.
Engine location ignored, only thruster location is used.
Engine orientation ignored, only thruster orientation is used.
Engine location ignored, only thruster location is used.
Engine orientation ignored, only thruster orientation is used.
Engine location ignored, only thruster location is used.
Engine orientation ignored, only thruster orientation is used.
Engine location ignored, only thruster location is used.
Engine orientation ignored, only thruster orientation is used.
Engine location ignored, only thruster location is used.
Engine orientation ignored, only thruster orientation is used.
Engine location ignored, only thruster location is used.
Engine orientation ignored, only thruster orientation is used.
Engine location ignored, only thruster location is used.
Engine orientation ignored, only thruster orientation is used.
Engine location ignored, only thruster location is used.
Engine orientation ignored, only thruster orientation is used.
Engine location ignored, only thruster location is used.
Engine orientation ignored, only thruster orientation is used.
Engine location ignored, only thruster location is used.
Engine orientation ignored, only thruster orientation is used.
Engine location ignored, only thruster location is used.
Engine orientation ignored, only thruster orientation is used.
Engine location ignored, only thruster location is used.
Engine orientation ignored, only thruster orientation is used.
Engine location ignored, only thruster location is used.
Engine orientation ignored, only thruster orientation is used.
Engine location ignored, only thruster location is used.
Engine orientation ignored, only thruster orientation is used.
Engine location ignored, only thruster location is used.
Engine orientation ignored, only thruster orientation is used.
Engine location ignored, only thruster location is used.
Engine orientation ignored, only thruster orientation is used.
Engine location ignored, only thruster location is used.
Engine orientation ignored, only thruster orientation is used.
Engine location ignored, only thruster location is used.
Engine orientation ignored, only thruster orientation is used.
Engine location ignored, only thruster location is used.
Engine orientation ignored, only thruster orientation is used.
Engine location ignored, only thruster location is used.
Engine orientation ignored, only thruster orientation is used.
Engine location ignored, only thruster location is used.
Engine orientation ignored, only thruster orientation is used.
Engine location ignored, only thruster location is used.
Engine orientation ignored, only thruster orientation is used.
Engine location ignored, only thruster location is used.
Engine orientation ignored, only thruster orientation is used.
Engine location ignored, only thruster location is used.
Engine orientation ignored, only thruster orientation is used.
Engine location ignored, only thruster location is used.
Engine orientation ignored, only thruster orientation is used.
Engine location ignored, only thruster location is used.
Engine orientation ignored, only thruster orientation is used.
Engine location ignored, only thruster location is used.
Engine orientation ignored, only thruster orientation is used.
Engine location ignored, only thruster location is used.
Engine orientation ignored, only thruster orientation is used.
Engine location ignored, only thruster location is used.
Engine orientation ignored, only thruster orientation is used.
Engine location ignored, only thruster location is used.
Engine orientation ignored, only thruster orientation is used.
Engine location ignored, only thruster location is used.
Engine orientation ignored, only thruster orientation is used.
Engine location ignored, only thruster location is used.
Engine orientation ignored, only thruster orientation is used.
Engine location ignored, only thruster location is used.
Engine orientation ignored, only thruster orientation is used.
Engine location ignored, only thruster location is used.
Engine orientation ignored, only thruster orientation is used.
Engine location ignored, only thruster location is used.
Engine orientation ignored, only thruster orientation is used.
Engine location ignored, only thruster location is used.
Engine orientation ignored, only thruster orientation is used.
Engine location ignored, only thruster location is used.
Engine orientation ignored, only thruster orientation is used.
Engine location ignored, only thruster location is used.
Engine orientation ignored, only thruster orientation is used.
Engine location ignored, only thruster location is used.
Engine orientation ignored, only thruster orientation is used.
Engine location ignored, only thruster location is used.
Engine orientation ignored, only thruster orientation is used.
Engine location ignored, only thruster location is used.
Engine orientation ignored, only thruster orientation is used.
Engine location ignored, only thruster location is used.
Engine orientation ignored, only thruster orientation is used.
Engine location ignored, only thruster location is used.
Engine orientation ignored, only thruster orientation is used.
⚠ 취약점 D3_Scissors_01/red 상대개입 t0=30 extend → 챔프 Δ-5.4 health_zero@99s
Engine location ignored, only thruster location is used.
Engine orientation ignored, only thruster orientation is used.
Engine location ignored, only thruster location is used.
Engine orientation ignored, only thruster orientation is used.
Engine location ignored, only thruster location is used.
Engine orientation ignored, only thruster orientation is used.
Engine location ignored, only thruster location is used.
Engine orientation ignored, only thruster orientation is used.
Engine location ignored, only thruster location is used.
Engine orientation ignored, only thruster orientation is used.
Engine location ignored, only thruster location is used.
Engine orientation ignored, only thruster orientation is used.
Engine location ignored, only thruster location is used.
Engine orientation ignored, only thruster orientation is used.
Engine location ignored, only thruster location is used.
Engine orientation ignored, only thruster orientation is used.
Engine location ignored, only thruster location is used.
Engine orientation ignored, only thruster orientation is used.
Engine location ignored, only thruster location is used.
Engine orientation ignored, only thruster orientation is used.
Engine location ignored, only thruster location is used.
Engine orientation ignored, only thruster orientation is used.
Engine location ignored, only thruster location is used.
Engine orientation ignored, only thruster orientation is used.
Engine location ignored, only thruster location is used.
Engine orientation ignored, only thruster orientation is used.
Engine location ignored, only thruster location is used.
Engine orientation ignored, only thruster orientation is used.
Engine location ignored, only thruster location is used.
Engine orientation ignored, only thruster orientation is used.
Engine location ignored, only thruster location is used.
Engine orientation ignored, only thruster orientation is used.
Engine location ignored, only thruster location is used.
Engine orientation ignored, only thruster orientation is used.
Engine location ignored, only thruster location is used.
Engine orientation ignored, only thruster orientation is used.
Engine location ignored, only thruster location is used.
Engine orientation ignored, only thruster orientation is used.
Engine location ignored, only thruster location is used.
Engine orientation ignored, only thruster orientation is used.
Engine location ignored, only thruster location is used.
Engine orientation ignored, only thruster orientation is used.
Engine location ignored, only thruster location is used.
Engine orientation ignored, only thruster orientation is used.
Engine location ignored, only thruster location is used.
Engine orientation ignored, only thruster orientation is used.
Engine location ignored, only thruster location is used.
Engine orientation ignored, only thruster orientation is used.
Engine location ignored, only thruster location is used.
Engine orientation ignored, only thruster orientation is used.
Engine location ignored, only thruster location is used.
Engine orientation ignored, only thruster orientation is used.
Engine location ignored, only thruster location is used.
Engine orientation ignored, only thruster orientation is used.
Engine location ignored, only thruster location is used.
Engine orientation ignored, only thruster orientation is used.
Engine location ignored, only thruster location is used.
Engine orientation ignored, only thruster orientation is used.
Engine location ignored, only thruster location is used.
Engine orientation ignored, only thruster orientation is used.
Engine location ignored, only thruster location is used.
Engine orientation ignored, only thruster orientation is used.
Engine location ignored, only thruster location is used.
Engine orientation ignored, only thruster orientation is used.
Engine location ignored, only thruster location is used.
Engine orientation ignored, only thruster orientation is used.
Engine location ignored, only thruster location is used.
Engine orientation ignored, only thruster orientation is used.
Engine location ignored, only thruster location is used.
Engine orientation ignored, only thruster orientation is used.
Engine location ignored, only thruster location is used.
Engine orientation ignored, only thruster orientation is used.
Engine location ignored, only thruster location is used.
Engine orientation ignored, only thruster orientation is used.
Engine location ignored, only thruster location is used.
Engine orientation ignored, only thruster orientation is used.
Engine location ignored, only thruster location is used.
Engine orientation ignored, only thruster orientation is used.
Engine location ignored, only thruster location is used.
Engine orientation ignored, only thruster orientation is used.
Engine location ignored, only thruster location is used.
Engine orientation ignored, only thruster orientation is used.
Engine location ignored, only thruster location is used.
Engine orientation ignored, only thruster orientation is used.
Engine location ignored, only thruster location is used.
Engine orientation ignored, only thruster orientation is used.
Engine location ignored, only thruster location is used.
Engine orientation ignored, only thruster orientation is used.
Engine location ignored, only thruster location is used.
Engine orientation ignored, only thruster orientation is used.
Engine location ignored, only thruster location is used.
Engine orientation ignored, only thruster orientation is used.
◆ D3_Scissors_01/red 상대개입 72회 중 챔프 패·무 7회
Engine location ignored, only thruster location is used.
Engine orientation ignored, only thruster orientation is used.
Engine location ignored, only thruster location is used.
Engine orientation ignored, only thruster orientation is used.
Engine location ignored, only thruster location is used.
Engine orientation ignored, only thruster orientation is used.
Engine location ignored, only thruster location is used.
Engine orientation ignored, only thruster orientation is used.
⚠ 취약점 E2_Passive_01/red 상대개입 t0=8 dive → 챔프 Δ-34.2 health_zero@35s
Engine location ignored, only thruster location is used.
Engine orientation ignored, only thruster orientation is used.
Engine location ignored, only thruster location is used.
Engine orientation ignored, only thruster orientation is used.
Engine location ignored, only thruster location is used.
Engine orientation ignored, only thruster orientation is used.
Engine location ignored, only thruster location is used.
Engine orientation ignored, only thruster orientation is used.
Engine location ignored, only thruster location is used.
Engine orientation ignored, only thruster orientation is used.
Engine location ignored, only thruster location is used.
Engine orientation ignored, only thruster orientation is used.
⚠ 취약점 E2_Passive_01/red 상대개입 t0=8 gun → 챔프 Δ-2.0 health_zero@36s
Engine location ignored, only thruster location is used.
Engine orientation ignored, only thruster orientation is used.
Engine location ignored, only thruster location is used.
Engine orientation ignored, only thruster orientation is used.
Engine location ignored, only thruster location is used.
Engine orientation ignored, only thruster orientation is used.
Engine location ignored, only thruster location is used.
Engine orientation ignored, only thruster orientation is used.
Engine location ignored, only thruster location is used.
Engine orientation ignored, only thruster orientation is used.
Engine location ignored, only thruster location is used.
Engine orientation ignored, only thruster orientation is used.
Engine location ignored, only thruster location is used.
Engine orientation ignored, only thruster orientation is used.
Engine location ignored, only thruster location is used.
Engine orientation ignored, only thruster orientation is used.
Engine location ignored, only thruster location is used.
Engine orientation ignored, only thruster orientation is used.
Engine location ignored, only thruster location is used.
Engine orientation ignored, only thruster orientation is used.
Engine location ignored, only thruster location is used.
Engine orientation ignored, only thruster orientation is used.
Engine location ignored, only thruster location is used.
Engine orientation ignored, only thruster orientation is used.
Engine location ignored, only thruster location is used.
Engine orientation ignored, only thruster orientation is used.
Engine location ignored, only thruster location is used.
Engine orientation ignored, only thruster orientation is used.
⚠ 취약점 E2_Passive_01/red 상대개입 t0=12 break → 챔프 Δ-28.6 health_zero@40s
Engine location ignored, only thruster location is used.
Engine orientation ignored, only thruster orientation is used.
Engine location ignored, only thruster location is used.
Engine orientation ignored, only thruster orientation is used.
Engine location ignored, only thruster location is used.
Engine orientation ignored, only thruster orientation is used.
Engine location ignored, only thruster location is used.
Engine orientation ignored, only thruster orientation is used.
Engine location ignored, only thruster location is used.
Engine orientation ignored, only thruster orientation is used.
Engine location ignored, only thruster location is used.
Engine orientation ignored, only thruster orientation is used.
⚠ 취약점 E2_Passive_01/red 상대개입 t0=12 lag → 챔프 Δ-7.4 health_zero@35s
Engine location ignored, only thruster location is used.
Engine orientation ignored, only thruster orientation is used.
Engine location ignored, only thruster location is used.
Engine orientation ignored, only thruster orientation is used.
Engine location ignored, only thruster location is used.
Engine orientation ignored, only thruster orientation is used.
Engine location ignored, only thruster location is used.
Engine orientation ignored, only thruster orientation is used.
⚠ 취약점 E2_Passive_01/red 상대개입 t0=12 level → 챔프 Δ-32.5 health_zero@40s
Engine location ignored, only thruster location is used.
Engine orientation ignored, only thruster orientation is used.
Engine location ignored, only thruster location is used.
Engine orientation ignored, only thruster orientation is used.
Engine location ignored, only thruster location is used.
Engine orientation ignored, only thruster orientation is used.
Engine location ignored, only thruster location is used.
Engine orientation ignored, only thruster orientation is used.
Engine location ignored, only thruster location is used.
Engine orientation ignored, only thruster orientation is used.
Engine location ignored, only thruster location is used.
Engine orientation ignored, only thruster orientation is used.
Engine location ignored, only thruster location is used.
Engine orientation ignored, only thruster orientation is used.
Engine location ignored, only thruster location is used.
Engine orientation ignored, only thruster orientation is used.
Engine location ignored, only thruster location is used.
Engine orientation ignored, only thruster orientation is used.
Engine location ignored, only thruster location is used.
Engine orientation ignored, only thruster orientation is used.
Engine location ignored, only thruster location is used.
Engine orientation ignored, only thruster orientation is used.
Engine location ignored, only thruster location is used.
Engine orientation ignored, only thruster orientation is used.
⚠ 취약점 E2_Passive_01/red 상대개입 t0=16 gun → 챔프 Δ-18.4 health_zero@36s
Engine location ignored, only thruster location is used.
Engine orientation ignored, only thruster orientation is used.
Engine location ignored, only thruster location is used.
Engine orientation ignored, only thruster orientation is used.
⚠ 취약점 E2_Passive_01/red 상대개입 t0=16 lag → 챔프 Δ-7.5 health_zero@34s
Engine location ignored, only thruster location is used.
Engine orientation ignored, only thruster orientation is used.
Engine location ignored, only thruster location is used.
Engine orientation ignored, only thruster orientation is used.
Engine location ignored, only thruster location is used.
Engine orientation ignored, only thruster orientation is used.
Engine location ignored, only thruster location is used.
Engine orientation ignored, only thruster orientation is used.
Engine location ignored, only thruster location is used.
Engine orientation ignored, only thruster orientation is used.
Engine location ignored, only thruster location is used.
Engine orientation ignored, only thruster orientation is used.
⚠ 취약점 E2_Passive_01/red 상대개입 t0=16 gun_pure → 챔프 Δ-22.1 health_zero@37s
Engine location ignored, only thruster location is used.
Engine orientation ignored, only thruster orientation is used.
Engine location ignored, only thruster location is used.
Engine orientation ignored, only thruster orientation is used.
⚠ 취약점 E2_Passive_01/red 상대개입 t0=20 climb → 챔프 Δ-9.4 health_zero@37s
Engine location ignored, only thruster location is used.
Engine orientation ignored, only thruster orientation is used.
Engine location ignored, only thruster location is used.
Engine orientation ignored, only thruster orientation is used.
⚠ 취약점 E2_Passive_01/red 상대개입 t0=20 dive → 챔프 Δ-10.6 health_zero@32s
Engine location ignored, only thruster location is used.
Engine orientation ignored, only thruster orientation is used.
Engine location ignored, only thruster location is used.
Engine orientation ignored, only thruster orientation is used.
Engine location ignored, only thruster location is used.
Engine orientation ignored, only thruster orientation is used.
Engine location ignored, only thruster location is used.
Engine orientation ignored, only thruster orientation is used.
Engine location ignored, only thruster location is used.
Engine orientation ignored, only thruster orientation is used.
Engine location ignored, only thruster location is used.
Engine orientation ignored, only thruster orientation is used.
⚠ 취약점 E2_Passive_01/red 상대개입 t0=20 gun → 챔프 Δ-5.5 health_zero@40s
Engine location ignored, only thruster location is used.
Engine orientation ignored, only thruster orientation is used.
Engine location ignored, only thruster location is used.
Engine orientation ignored, only thruster orientation is used.
Engine location ignored, only thruster location is used.
Engine orientation ignored, only thruster orientation is used.
Engine location ignored, only thruster location is used.
Engine orientation ignored, only thruster orientation is used.
⚠ 취약점 E2_Passive_01/red 상대개입 t0=20 two_circle → 챔프 Δ-4.4 health_zero@43s
Engine location ignored, only thruster location is used.
Engine orientation ignored, only thruster orientation is used.
Engine location ignored, only thruster location is used.
Engine orientation ignored, only thruster orientation is used.
⚠ 취약점 E2_Passive_01/red 상대개입 t0=20 level → 챔프 Δ-11.7 health_zero@39s
Engine location ignored, only thruster location is used.
Engine orientation ignored, only thruster orientation is used.
Engine location ignored, only thruster location is used.
Engine orientation ignored, only thruster orientation is used.
Engine location ignored, only thruster location is used.
Engine orientation ignored, only thruster orientation is used.
Engine location ignored, only thruster location is used.
Engine orientation ignored, only thruster orientation is used.
Engine location ignored, only thruster location is used.
Engine orientation ignored, only thruster orientation is used.
Engine location ignored, only thruster location is used.
Engine orientation ignored, only thruster orientation is used.
⚠ 취약점 E2_Passive_01/red 상대개입 t0=24 dive → 챔프 Δ-1.4 health_zero@36s
Engine location ignored, only thruster location is used.
Engine orientation ignored, only thruster orientation is used.
Engine location ignored, only thruster location is used.
Engine orientation ignored, only thruster orientation is used.
Engine location ignored, only thruster location is used.
Engine orientation ignored, only thruster orientation is used.
Engine location ignored, only thruster location is used.
Engine orientation ignored, only thruster orientation is used.
Engine location ignored, only thruster location is used.
Engine orientation ignored, only thruster orientation is used.
Engine location ignored, only thruster location is used.
Engine orientation ignored, only thruster orientation is used.
Engine location ignored, only thruster location is used.
Engine orientation ignored, only thruster orientation is used.
Engine location ignored, only thruster location is used.
Engine orientation ignored, only thruster orientation is used.
Engine location ignored, only thruster location is used.
Engine orientation ignored, only thruster orientation is used.
Engine location ignored, only thruster location is used.
Engine orientation ignored, only thruster orientation is used.
Engine location ignored, only thruster location is used.
Engine orientation ignored, only thruster orientation is used.
Engine location ignored, only thruster location is used.
Engine orientation ignored, only thruster orientation is used.
Engine location ignored, only thruster location is used.
Engine orientation ignored, only thruster orientation is used.
Engine location ignored, only thruster location is used.
Engine orientation ignored, only thruster orientation is used.
Engine location ignored, only thruster location is used.
Engine orientation ignored, only thruster orientation is used.
Engine location ignored, only thruster location is used.
Engine orientation ignored, only thruster orientation is used.
Engine location ignored, only thruster location is used.
Engine orientation ignored, only thruster orientation is used.
Engine location ignored, only thruster location is used.
Engine orientation ignored, only thruster orientation is used.
Engine location ignored, only thruster location is used.
Engine orientation ignored, only thruster orientation is used.
Engine location ignored, only thruster location is used.
Engine orientation ignored, only thruster orientation is used.
Engine location ignored, only thruster location is used.
Engine orientation ignored, only thruster orientation is used.
Engine location ignored, only thruster location is used.
Engine orientation ignored, only thruster orientation is used.
Engine location ignored, only thruster location is used.
Engine orientation ignored, only thruster orientation is used.
Engine location ignored, only thruster location is used.
Engine orientation ignored, only thruster orientation is used.
Engine location ignored, only thruster location is used.
Engine orientation ignored, only thruster orientation is used.
Engine location ignored, only thruster location is used.
Engine orientation ignored, only thruster orientation is used.
Engine location ignored, only thruster location is used.
Engine orientation ignored, only thruster orientation is used.
Engine location ignored, only thruster location is used.
Engine orientation ignored, only thruster orientation is used.
Engine location ignored, only thruster location is used.
Engine orientation ignored, only thruster orientation is used.
Engine location ignored, only thruster location is used.
Engine orientation ignored, only thruster orientation is used.
Engine location ignored, only thruster location is used.
Engine orientation ignored, only thruster orientation is used.
Engine location ignored, only thruster location is used.
Engine orientation ignored, only thruster orientation is used.
Engine location ignored, only thruster location is used.
Engine orientation ignored, only thruster orientation is used.
Engine location ignored, only thruster location is used.
Engine orientation ignored, only thruster orientation is used.
Engine location ignored, only thruster location is used.
Engine orientation ignored, only thruster orientation is used.
Engine location ignored, only thruster location is used.
Engine orientation ignored, only thruster orientation is used.
Engine location ignored, only thruster location is used.
Engine orientation ignored, only thruster orientation is used.
Engine location ignored, only thruster location is used.
Engine orientation ignored, only thruster orientation is used.
Engine location ignored, only thruster location is used.
Engine orientation ignored, only thruster orientation is used.
Engine location ignored, only thruster location is used.
Engine orientation ignored, only thruster orientation is used.
Engine location ignored, only thruster location is used.
Engine orientation ignored, only thruster orientation is used.
Engine location ignored, only thruster location is used.
Engine orientation ignored, only thruster orientation is used.
Engine location ignored, only thruster location is used.
Engine orientation ignored, only thruster orientation is used.
Engine location ignored, only thruster location is used.
Engine orientation ignored, only thruster orientation is used.
Engine location ignored, only thruster location is used.
Engine orientation ignored, only thruster orientation is used.
Engine location ignored, only thruster location is used.
Engine orientation ignored, only thruster orientation is used.
Engine location ignored, only thruster location is used.
Engine orientation ignored, only thruster orientation is used.
Engine location ignored, only thruster location is used.
Engine orientation ignored, only thruster orientation is used.
Engine location ignored, only thruster location is used.
Engine orientation ignored, only thruster orientation is used.
Engine location ignored, only thruster location is used.
Engine orientation ignored, only thruster orientation is used.
Engine location ignored, only thruster location is used.
Engine orientation ignored, only thruster orientation is used.
Engine location ignored, only thruster location is used.
Engine orientation ignored, only thruster orientation is used.
Engine location ignored, only thruster location is used.
Engine orientation ignored, only thruster orientation is used.
Engine location ignored, only thruster location is used.
Engine orientation ignored, only thruster orientation is used.
Engine location ignored, only thruster location is used.
Engine orientation ignored, only thruster orientation is used.
Engine location ignored, only thruster location is used.
Engine orientation ignored, only thruster orientation is used.
Engine location ignored, only thruster location is used.
Engine orientation ignored, only thruster orientation is used.
Engine location ignored, only thruster location is used.
Engine orientation ignored, only thruster orientation is used.
Engine location ignored, only thruster location is used.
Engine orientation ignored, only thruster orientation is used.
Engine location ignored, only thruster location is used.
Engine orientation ignored, only thruster orientation is used.
Engine location ignored, only thruster location is used.
Engine orientation ignored, only thruster orientation is used.
Engine location ignored, only thruster location is used.
Engine orientation ignored, only thruster orientation is used.
Engine location ignored, only thruster location is used.
Engine orientation ignored, only thruster orientation is used.
Engine location ignored, only thruster location is used.
Engine orientation ignored, only thruster orientation is used.
Engine location ignored, only thruster location is used.
Engine orientation ignored, only thruster orientation is used.
Engine location ignored, only thruster location is used.
Engine orientation ignored, only thruster orientation is used.
Engine location ignored, only thruster location is used.
Engine orientation ignored, only thruster orientation is used.
Engine location ignored, only thruster location is used.
Engine orientation ignored, only thruster orientation is used.
◆ E2_Passive_01/red 상대개입 72회 중 챔프 패·무 14회
저장: C:\Users\USER\Desktop\AI-pilot\core2\port_measure\loop25_red\red_finalv3_1of4.csv
