

     JSBSim Flight Dynamics Model v1.3.0 [GitHub build 1742/commit 01ea7816288dce9e9f6a1a6dc048014bc65d699e] Apr  9 2026 10:02:36
            [JSBSim-ML v2.0]

JSBSim startup beginning ...

Engine location ignored, only thruster location is used.
Engine orientation ignored, only thruster orientation is used.
Engine location ignored, only thruster location is used.
Engine orientation ignored, only thruster orientation is used.
Engine location ignored, only thruster location is used.
Engine orientation ignored, only thruster orientation is used.
Engine location ignored, only thruster location is used.
Engine orientation ignored, only thruster orientation is used.
Engine location ignored, only thruster location is used.
Engine orientation ignored, only thruster orientation is used.
Engine location ignored, only thruster location is used.
Engine orientation ignored, only thruster orientation is used.
Engine location ignored, only thruster location is used.
Engine orientation ignored, only thruster orientation is used.
Engine location ignored, only thruster location is used.
Engine orientation ignored, only thruster orientation is used.
Engine location ignored, only thruster location is used.
Engine orientation ignored, only thruster orientation is used.
Engine location ignored, only thruster location is used.
Engine orientation ignored, only thruster orientation is used.
Engine location ignored, only thruster location is used.
Engine orientation ignored, only thruster orientation is used.
Engine location ignored, only thruster location is used.
Engine orientation ignored, only thruster orientation is used.
Engine location ignored, only thruster location is used.
Engine orientation ignored, only thruster orientation is used.
Engine location ignored, only thruster location is used.
Engine orientation ignored, only thruster orientation is used.
Engine location ignored, only thruster location is used.
Engine orientation ignored, only thruster orientation is used.
Engine location ignored, only thruster location is used.
Engine orientation ignored, only thruster orientation is used.
Engine location ignored, only thruster location is used.
Engine orientation ignored, only thruster orientation is used.
Engine location ignored, only thruster location is used.
Engine orientation ignored, only thruster orientation is used.
Engine location ignored, only thruster location is used.
Engine orientation ignored, only thruster orientation is used.
Engine location ignored, only thruster location is used.
Engine orientation ignored, only thruster orientation is used.
Engine location ignored, only thruster location is used.
Engine orientation ignored, only thruster orientation is used.
Engine location ignored, only thruster location is used.
Engine orientation ignored, only thruster orientation is used.
Engine location ignored, only thruster location is used.
Engine orientation ignored, only thruster orientation is used.
Engine location ignored, only thruster location is used.
Engine orientation ignored, only thruster orientation is used.
Engine location ignored, only thruster location is used.
Engine orientation ignored, only thruster orientation is used.
Engine location ignored, only thruster location is used.
Engine orientation ignored, only thruster orientation is used.
Engine location ignored, only thruster location is used.
Engine orientation ignored, only thruster orientation is used.
Engine location ignored, only thruster location is used.
Engine orientation ignored, only thruster orientation is used.
Engine location ignored, only thruster location is used.
Engine orientation ignored, only thruster orientation is used.
Engine location ignored, only thruster location is used.
Engine orientation ignored, only thruster orientation is used.
Engine location ignored, only thruster location is used.
Engine orientation ignored, only thruster orientation is used.
Engine location ignored, only thruster location is used.
Engine orientation ignored, only thruster orientation is used.
Engine location ignored, only thruster location is used.
Engine orientation ignored, only thruster orientation is used.
Engine location ignored, only thruster location is used.
Engine orientation ignored, only thruster orientation is used.
Engine location ignored, only thruster location is used.
Engine orientation ignored, only thruster orientation is used.
Engine location ignored, only thruster location is used.
Engine orientation ignored, only thruster orientation is used.
Engine location ignored, only thruster location is used.
Engine orientation ignored, only thruster orientation is used.
Engine location ignored, only thruster location is used.
Engine orientation ignored, only thruster orientation is used.
Engine location ignored, only thruster location is used.
Engine orientation ignored, only thruster orientation is used.
Engine location ignored, only thruster location is used.
Engine orientation ignored, only thruster orientation is used.
Engine location ignored, only thruster location is used.
Engine orientation ignored, only thruster orientation is used.
Engine location ignored, only thruster location is used.
Engine orientation ignored, only thruster orientation is used.
Engine location ignored, only thruster location is used.
Engine orientation ignored, only thruster orientation is used.
Engine location ignored, only thruster location is used.
Engine orientation ignored, only thruster orientation is used.
Engine location ignored, only thruster location is used.
Engine orientation ignored, only thruster orientation is used.
Engine location ignored, only thruster location is used.
Engine orientation ignored, only thruster orientation is used.
⚠ 취약점 anchor_simple/blue 상대개입 t0=16 gun → 챔프 Δ-3.9 health_zero@37s
Engine location ignored, only thruster location is used.
Engine orientation ignored, only thruster orientation is used.
Engine location ignored, only thruster location is used.
Engine orientation ignored, only thruster orientation is used.
⚠ 취약점 anchor_simple/blue 상대개입 t0=16 lag → 챔프 Δ-0.4 health_zero@34s
Engine location ignored, only thruster location is used.
Engine orientation ignored, only thruster orientation is used.
Engine location ignored, only thruster location is used.
Engine orientation ignored, only thruster orientation is used.
Engine location ignored, only thruster location is used.
Engine orientation ignored, only thruster orientation is used.
Engine location ignored, only thruster location is used.
Engine orientation ignored, only thruster orientation is used.
Engine location ignored, only thruster location is used.
Engine orientation ignored, only thruster orientation is used.
Engine location ignored, only thruster location is used.
Engine orientation ignored, only thruster orientation is used.
⚠ 취약점 anchor_simple/blue 상대개입 t0=16 gun_pure → 챔프 Δ-4.2 health_zero@38s
Engine location ignored, only thruster location is used.
Engine orientation ignored, only thruster orientation is used.
Engine location ignored, only thruster location is used.
Engine orientation ignored, only thruster orientation is used.
Engine location ignored, only thruster location is used.
Engine orientation ignored, only thruster orientation is used.
Engine location ignored, only thruster location is used.
Engine orientation ignored, only thruster orientation is used.
Engine location ignored, only thruster location is used.
Engine orientation ignored, only thruster orientation is used.
Engine location ignored, only thruster location is used.
Engine orientation ignored, only thruster orientation is used.
Engine location ignored, only thruster location is used.
Engine orientation ignored, only thruster orientation is used.
Engine location ignored, only thruster location is used.
Engine orientation ignored, only thruster orientation is used.
Engine location ignored, only thruster location is used.
Engine orientation ignored, only thruster orientation is used.
Engine location ignored, only thruster location is used.
Engine orientation ignored, only thruster orientation is used.
Engine location ignored, only thruster location is used.
Engine orientation ignored, only thruster orientation is used.
Engine location ignored, only thruster location is used.
Engine orientation ignored, only thruster orientation is used.
Engine location ignored, only thruster location is used.
Engine orientation ignored, only thruster orientation is used.
Engine location ignored, only thruster location is used.
Engine orientation ignored, only thruster orientation is used.
Engine location ignored, only thruster location is used.
Engine orientation ignored, only thruster orientation is used.
Engine location ignored, only thruster location is used.
Engine orientation ignored, only thruster orientation is used.
Engine location ignored, only thruster location is used.
Engine orientation ignored, only thruster orientation is used.
Engine location ignored, only thruster location is used.
Engine orientation ignored, only thruster orientation is used.
Engine location ignored, only thruster location is used.
Engine orientation ignored, only thruster orientation is used.
Engine location ignored, only thruster location is used.
Engine orientation ignored, only thruster orientation is used.
Engine location ignored, only thruster location is used.
Engine orientation ignored, only thruster orientation is used.
Engine location ignored, only thruster location is used.
Engine orientation ignored, only thruster orientation is used.
Engine location ignored, only thruster location is used.
Engine orientation ignored, only thruster orientation is used.
Engine location ignored, only thruster location is used.
Engine orientation ignored, only thruster orientation is used.
Engine location ignored, only thruster location is used.
Engine orientation ignored, only thruster orientation is used.
Engine location ignored, only thruster location is used.
Engine orientation ignored, only thruster orientation is used.
Engine location ignored, only thruster location is used.
Engine orientation ignored, only thruster orientation is used.
Engine location ignored, only thruster location is used.
Engine orientation ignored, only thruster orientation is used.
Engine location ignored, only thruster location is used.
Engine orientation ignored, only thruster orientation is used.
Engine location ignored, only thruster location is used.
Engine orientation ignored, only thruster orientation is used.
Engine location ignored, only thruster location is used.
Engine orientation ignored, only thruster orientation is used.
Engine location ignored, only thruster location is used.
Engine orientation ignored, only thruster orientation is used.
Engine location ignored, only thruster location is used.
Engine orientation ignored, only thruster orientation is used.
Engine location ignored, only thruster location is used.
Engine orientation ignored, only thruster orientation is used.
Engine location ignored, only thruster location is used.
Engine orientation ignored, only thruster orientation is used.
Engine location ignored, only thruster location is used.
Engine orientation ignored, only thruster orientation is used.
Engine location ignored, only thruster location is used.
Engine orientation ignored, only thruster orientation is used.
Engine location ignored, only thruster location is used.
Engine orientation ignored, only thruster orientation is used.
Engine location ignored, only thruster location is used.
Engine orientation ignored, only thruster orientation is used.
Engine location ignored, only thruster location is used.
Engine orientation ignored, only thruster orientation is used.
Engine location ignored, only thruster location is used.
Engine orientation ignored, only thruster orientation is used.
Engine location ignored, only thruster location is used.
Engine orientation ignored, only thruster orientation is used.
Engine location ignored, only thruster location is used.
Engine orientation ignored, only thruster orientation is used.
Engine location ignored, only thruster location is used.
Engine orientation ignored, only thruster orientation is used.
Engine location ignored, only thruster location is used.
Engine orientation ignored, only thruster orientation is used.
Engine location ignored, only thruster location is used.
Engine orientation ignored, only thruster orientation is used.
Engine location ignored, only thruster location is used.
Engine orientation ignored, only thruster orientation is used.
Engine location ignored, only thruster location is used.
Engine orientation ignored, only thruster orientation is used.
Engine location ignored, only thruster location is used.
Engine orientation ignored, only thruster orientation is used.
Engine location ignored, only thruster location is used.
Engine orientation ignored, only thruster orientation is used.
Engine location ignored, only thruster location is used.
Engine orientation ignored, only thruster orientation is used.
Engine location ignored, only thruster location is used.
Engine orientation ignored, only thruster orientation is used.
Engine location ignored, only thruster location is used.
Engine orientation ignored, only thruster orientation is used.
Engine location ignored, only thruster location is used.
Engine orientation ignored, only thruster orientation is used.
Engine location ignored, only thruster location is used.
Engine orientation ignored, only thruster orientation is used.
Engine location ignored, only thruster location is used.
Engine orientation ignored, only thruster orientation is used.
Engine location ignored, only thruster location is used.
Engine orientation ignored, only thruster orientation is used.
Engine location ignored, only thruster location is used.
Engine orientation ignored, only thruster orientation is used.
Engine location ignored, only thruster location is used.
Engine orientation ignored, only thruster orientation is used.
Engine location ignored, only thruster location is used.
Engine orientation ignored, only thruster orientation is used.
Engine location ignored, only thruster location is used.
Engine orientation ignored, only thruster orientation is used.
Engine location ignored, only thruster location is used.
Engine orientation ignored, only thruster orientation is used.
Engine location ignored, only thruster location is used.
Engine orientation ignored, only thruster orientation is used.
Engine location ignored, only thruster location is used.
Engine orientation ignored, only thruster orientation is used.
Engine location ignored, only thruster location is used.
Engine orientation ignored, only thruster orientation is used.
Engine location ignored, only thruster location is used.
Engine orientation ignored, only thruster orientation is used.
Engine location ignored, only thruster location is used.
Engine orientation ignored, only thruster orientation is used.
Engine location ignored, only thruster location is used.
Engine orientation ignored, only thruster orientation is used.
Engine location ignored, only thruster location is used.
Engine orientation ignored, only thruster orientation is used.
Engine location ignored, only thruster location is used.
Engine orientation ignored, only thruster orientation is used.
Engine location ignored, only thruster location is used.
Engine orientation ignored, only thruster orientation is used.
Engine location ignored, only thruster location is used.
Engine orientation ignored, only thruster orientation is used.
Engine location ignored, only thruster location is used.
Engine orientation ignored, only thruster orientation is used.
Engine location ignored, only thruster location is used.
Engine orientation ignored, only thruster orientation is used.
Engine location ignored, only thruster location is used.
Engine orientation ignored, only thruster orientation is used.
Engine location ignored, only thruster location is used.
Engine orientation ignored, only thruster orientation is used.
Engine location ignored, only thruster location is used.
Engine orientation ignored, only thruster orientation is used.
Engine location ignored, only thruster location is used.
Engine orientation ignored, only thruster orientation is used.
Engine location ignored, only thruster location is used.
Engine orientation ignored, only thruster orientation is used.
Engine location ignored, only thruster location is used.
Engine orientation ignored, only thruster orientation is used.
Engine location ignored, only thruster location is used.
Engine orientation ignored, only thruster orientation is used.
Engine location ignored, only thruster location is used.
Engine orientation ignored, only thruster orientation is used.
Engine location ignored, only thruster location is used.
Engine orientation ignored, only thruster orientation is used.
Engine location ignored, only thruster location is used.
Engine orientation ignored, only thruster orientation is used.
Engine location ignored, only thruster location is used.
Engine orientation ignored, only thruster orientation is used.
Engine location ignored, only thruster location is used.
Engine orientation ignored, only thruster orientation is used.
Engine location ignored, only thruster location is used.
Engine orientation ignored, only thruster orientation is used.
Engine location ignored, only thruster location is used.
Engine orientation ignored, only thruster orientation is used.
Engine location ignored, only thruster location is used.
Engine orientation ignored, only thruster orientation is used.
Engine location ignored, only thruster location is used.
Engine orientation ignored, only thruster orientation is used.
◆ anchor_simple/blue 상대개입 72회 중 챔프 패·무 3회
Engine location ignored, only thruster location is used.
Engine orientation ignored, only thruster orientation is used.
Engine location ignored, only thruster location is used.
Engine orientation ignored, only thruster orientation is used.
Engine location ignored, only thruster location is used.
Engine orientation ignored, only thruster orientation is used.
Engine location ignored, only thruster location is used.
Engine orientation ignored, only thruster orientation is used.
Engine location ignored, only thruster location is used.
Engine orientation ignored, only thruster orientation is used.
Engine location ignored, only thruster location is used.
Engine orientation ignored, only thruster orientation is used.
Engine location ignored, only thruster location is used.
Engine orientation ignored, only thruster orientation is used.
Engine location ignored, only thruster location is used.
Engine orientation ignored, only thruster orientation is used.
Engine location ignored, only thruster location is used.
Engine orientation ignored, only thruster orientation is used.
Engine location ignored, only thruster location is used.
Engine orientation ignored, only thruster orientation is used.
Engine location ignored, only thruster location is used.
Engine orientation ignored, only thruster orientation is used.
Engine location ignored, only thruster location is used.
Engine orientation ignored, only thruster orientation is used.
Engine location ignored, only thruster location is used.
Engine orientation ignored, only thruster orientation is used.
Engine location ignored, only thruster location is used.
Engine orientation ignored, only thruster orientation is used.
Engine location ignored, only thruster location is used.
Engine orientation ignored, only thruster orientation is used.
Engine location ignored, only thruster location is used.
Engine orientation ignored, only thruster orientation is used.
Engine location ignored, only thruster location is used.
Engine orientation ignored, only thruster orientation is used.
Engine location ignored, only thruster location is used.
Engine orientation ignored, only thruster orientation is used.
Engine location ignored, only thruster location is used.
Engine orientation ignored, only thruster orientation is used.
Engine location ignored, only thruster location is used.
Engine orientation ignored, only thruster orientation is used.
⚠ 취약점 anchor_defensive/blue 상대개입 t0=12 climb → 챔프 Δ-7.6 health_zero@59s
Engine location ignored, only thruster location is used.
Engine orientation ignored, only thruster orientation is used.
Engine location ignored, only thruster location is used.
Engine orientation ignored, only thruster orientation is used.
Engine location ignored, only thruster location is used.
Engine orientation ignored, only thruster orientation is used.
Engine location ignored, only thruster location is used.
Engine orientation ignored, only thruster orientation is used.
Engine location ignored, only thruster location is used.
Engine orientation ignored, only thruster orientation is used.
Engine location ignored, only thruster location is used.
Engine orientation ignored, only thruster orientation is used.
⚠ 취약점 anchor_defensive/blue 상대개입 t0=12 extend → 챔프 Δ-49.1 health_zero@37s
Engine location ignored, only thruster location is used.
Engine orientation ignored, only thruster orientation is used.
Engine location ignored, only thruster location is used.
Engine orientation ignored, only thruster orientation is used.
Engine location ignored, only thruster location is used.
Engine orientation ignored, only thruster orientation is used.
Engine location ignored, only thruster location is used.
Engine orientation ignored, only thruster orientation is used.
⚠ 취약점 anchor_defensive/blue 상대개입 t0=12 lag → 챔프 Δ-3.4 health_zero@217s
Engine location ignored, only thruster location is used.
Engine orientation ignored, only thruster orientation is used.
Engine location ignored, only thruster location is used.
Engine orientation ignored, only thruster orientation is used.
Engine location ignored, only thruster location is used.
Engine orientation ignored, only thruster orientation is used.
Engine location ignored, only thruster location is used.
Engine orientation ignored, only thruster orientation is used.
Engine location ignored, only thruster location is used.
Engine orientation ignored, only thruster orientation is used.
Engine location ignored, only thruster location is used.
Engine orientation ignored, only thruster orientation is used.
Engine location ignored, only thruster location is used.
Engine orientation ignored, only thruster orientation is used.
Engine location ignored, only thruster location is used.
Engine orientation ignored, only thruster orientation is used.
Engine location ignored, only thruster location is used.
Engine orientation ignored, only thruster orientation is used.
Engine location ignored, only thruster location is used.
Engine orientation ignored, only thruster orientation is used.
Engine location ignored, only thruster location is used.
Engine orientation ignored, only thruster orientation is used.
Engine location ignored, only thruster location is used.
Engine orientation ignored, only thruster orientation is used.
Engine location ignored, only thruster location is used.
Engine orientation ignored, only thruster orientation is used.
Engine location ignored, only thruster location is used.
Engine orientation ignored, only thruster orientation is used.
Engine location ignored, only thruster location is used.
Engine orientation ignored, only thruster orientation is used.
Engine location ignored, only thruster location is used.
Engine orientation ignored, only thruster orientation is used.
⚠ 취약점 anchor_defensive/blue 상대개입 t0=16 gun → 챔프 Δ-30.3 health_zero@37s
Engine location ignored, only thruster location is used.
Engine orientation ignored, only thruster orientation is used.
Engine location ignored, only thruster location is used.
Engine orientation ignored, only thruster orientation is used.
Engine location ignored, only thruster location is used.
Engine orientation ignored, only thruster orientation is used.
Engine location ignored, only thruster location is used.
Engine orientation ignored, only thruster orientation is used.
Engine location ignored, only thruster location is used.
Engine orientation ignored, only thruster orientation is used.
Engine location ignored, only thruster location is used.
Engine orientation ignored, only thruster orientation is used.
⚠ 취약점 anchor_defensive/blue 상대개입 t0=16 level → 챔프 Δ-15.9 health_zero@58s
Engine location ignored, only thruster location is used.
Engine orientation ignored, only thruster orientation is used.
Engine location ignored, only thruster location is used.
Engine orientation ignored, only thruster orientation is used.
⚠ 취약점 anchor_defensive/blue 상대개입 t0=16 gun_pure → 챔프 Δ-28.2 health_zero@111s
Engine location ignored, only thruster location is used.
Engine orientation ignored, only thruster orientation is used.
Engine location ignored, only thruster location is used.
Engine orientation ignored, only thruster orientation is used.
Engine location ignored, only thruster location is used.
Engine orientation ignored, only thruster orientation is used.
Engine location ignored, only thruster location is used.
Engine orientation ignored, only thruster orientation is used.
Engine location ignored, only thruster location is used.
Engine orientation ignored, only thruster orientation is used.
Engine location ignored, only thruster location is used.
Engine orientation ignored, only thruster orientation is used.
Engine location ignored, only thruster location is used.
Engine orientation ignored, only thruster orientation is used.
Engine location ignored, only thruster location is used.
Engine orientation ignored, only thruster orientation is used.
Engine location ignored, only thruster location is used.
Engine orientation ignored, only thruster orientation is used.
Engine location ignored, only thruster location is used.
Engine orientation ignored, only thruster orientation is used.
⚠ 취약점 anchor_defensive/blue 상대개입 t0=20 gun → 챔프 Δ-54.2 health_zero@216s
Engine location ignored, only thruster location is used.
Engine orientation ignored, only thruster orientation is used.
Engine location ignored, only thruster location is used.
Engine orientation ignored, only thruster orientation is used.
Engine location ignored, only thruster location is used.
Engine orientation ignored, only thruster orientation is used.
Engine location ignored, only thruster location is used.
Engine orientation ignored, only thruster orientation is used.
Engine location ignored, only thruster location is used.
Engine orientation ignored, only thruster orientation is used.
Engine location ignored, only thruster location is used.
Engine orientation ignored, only thruster orientation is used.
⚠ 취약점 anchor_defensive/blue 상대개입 t0=20 level → 챔프 Δ-44.2 health_zero@61s
Engine location ignored, only thruster location is used.
Engine orientation ignored, only thruster orientation is used.
Engine location ignored, only thruster location is used.
Engine orientation ignored, only thruster orientation is used.
Engine location ignored, only thruster location is used.
Engine orientation ignored, only thruster orientation is used.
Engine location ignored, only thruster location is used.
Engine orientation ignored, only thruster orientation is used.
Engine location ignored, only thruster location is used.
Engine orientation ignored, only thruster orientation is used.
Engine location ignored, only thruster location is used.
Engine orientation ignored, only thruster orientation is used.
Engine location ignored, only thruster location is used.
Engine orientation ignored, only thruster orientation is used.
Engine location ignored, only thruster location is used.
Engine orientation ignored, only thruster orientation is used.
Engine location ignored, only thruster location is used.
Engine orientation ignored, only thruster orientation is used.
Engine location ignored, only thruster location is used.
Engine orientation ignored, only thruster orientation is used.
Engine location ignored, only thruster location is used.
Engine orientation ignored, only thruster orientation is used.
Engine location ignored, only thruster location is used.
Engine orientation ignored, only thruster orientation is used.
Engine location ignored, only thruster location is used.
Engine orientation ignored, only thruster orientation is used.
Engine location ignored, only thruster location is used.
Engine orientation ignored, only thruster orientation is used.
Engine location ignored, only thruster location is used.
Engine orientation ignored, only thruster orientation is used.
Engine location ignored, only thruster location is used.
Engine orientation ignored, only thruster orientation is used.
Engine location ignored, only thruster location is used.
Engine orientation ignored, only thruster orientation is used.
Engine location ignored, only thruster location is used.
Engine orientation ignored, only thruster orientation is used.
Engine location ignored, only thruster location is used.
Engine orientation ignored, only thruster orientation is used.
Engine location ignored, only thruster location is used.
Engine orientation ignored, only thruster orientation is used.
Engine location ignored, only thruster location is used.
Engine orientation ignored, only thruster orientation is used.
Engine location ignored, only thruster location is used.
Engine orientation ignored, only thruster orientation is used.
Engine location ignored, only thruster location is used.
Engine orientation ignored, only thruster orientation is used.
Engine location ignored, only thruster location is used.
Engine orientation ignored, only thruster orientation is used.
Engine location ignored, only thruster location is used.
Engine orientation ignored, only thruster orientation is used.
Engine location ignored, only thruster location is used.
Engine orientation ignored, only thruster orientation is used.
Engine location ignored, only thruster location is used.
Engine orientation ignored, only thruster orientation is used.
Engine location ignored, only thruster location is used.
Engine orientation ignored, only thruster orientation is used.
Engine location ignored, only thruster location is used.
Engine orientation ignored, only thruster orientation is used.
Engine location ignored, only thruster location is used.
Engine orientation ignored, only thruster orientation is used.
Engine location ignored, only thruster location is used.
Engine orientation ignored, only thruster orientation is used.
Engine location ignored, only thruster location is used.
Engine orientation ignored, only thruster orientation is used.
Engine location ignored, only thruster location is used.
Engine orientation ignored, only thruster orientation is used.
Engine location ignored, only thruster location is used.
Engine orientation ignored, only thruster orientation is used.
Engine location ignored, only thruster location is used.
Engine orientation ignored, only thruster orientation is used.
Engine location ignored, only thruster location is used.
Engine orientation ignored, only thruster orientation is used.
Engine location ignored, only thruster location is used.
Engine orientation ignored, only thruster orientation is used.
Engine location ignored, only thruster location is used.
Engine orientation ignored, only thruster orientation is used.
Engine location ignored, only thruster location is used.
Engine orientation ignored, only thruster orientation is used.
Engine location ignored, only thruster location is used.
Engine orientation ignored, only thruster orientation is used.
Engine location ignored, only thruster location is used.
Engine orientation ignored, only thruster orientation is used.
Engine location ignored, only thruster location is used.
Engine orientation ignored, only thruster orientation is used.
Engine location ignored, only thruster location is used.
Engine orientation ignored, only thruster orientation is used.
Engine location ignored, only thruster location is used.
Engine orientation ignored, only thruster orientation is used.
Engine location ignored, only thruster location is used.
Engine orientation ignored, only thruster orientation is used.
Engine location ignored, only thruster location is used.
Engine orientation ignored, only thruster orientation is used.
Engine location ignored, only thruster location is used.
Engine orientation ignored, only thruster orientation is used.
Engine location ignored, only thruster location is used.
Engine orientation ignored, only thruster orientation is used.
Engine location ignored, only thruster location is used.
Engine orientation ignored, only thruster orientation is used.
Engine location ignored, only thruster location is used.
Engine orientation ignored, only thruster orientation is used.
Engine location ignored, only thruster location is used.
Engine orientation ignored, only thruster orientation is used.
Engine location ignored, only thruster location is used.
Engine orientation ignored, only thruster orientation is used.
Engine location ignored, only thruster location is used.
Engine orientation ignored, only thruster orientation is used.
Engine location ignored, only thruster location is used.
Engine orientation ignored, only thruster orientation is used.
Engine location ignored, only thruster location is used.
Engine orientation ignored, only thruster orientation is used.
Engine location ignored, only thruster location is used.
Engine orientation ignored, only thruster orientation is used.
Engine location ignored, only thruster location is used.
Engine orientation ignored, only thruster orientation is used.
Engine location ignored, only thruster location is used.
Engine orientation ignored, only thruster orientation is used.
Engine location ignored, only thruster location is used.
Engine orientation ignored, only thruster orientation is used.
Engine location ignored, only thruster location is used.
Engine orientation ignored, only thruster orientation is used.
Engine location ignored, only thruster location is used.
Engine orientation ignored, only thruster orientation is used.
Engine location ignored, only thruster location is used.
Engine orientation ignored, only thruster orientation is used.
Engine location ignored, only thruster location is used.
Engine orientation ignored, only thruster orientation is used.
Engine location ignored, only thruster location is used.
Engine orientation ignored, only thruster orientation is used.
Engine location ignored, only thruster location is used.
Engine orientation ignored, only thruster orientation is used.
Engine location ignored, only thruster location is used.
Engine orientation ignored, only thruster orientation is used.
Engine location ignored, only thruster location is used.
Engine orientation ignored, only thruster orientation is used.
Engine location ignored, only thruster location is used.
Engine orientation ignored, only thruster orientation is used.
Engine location ignored, only thruster location is used.
Engine orientation ignored, only thruster orientation is used.
Engine location ignored, only thruster location is used.
Engine orientation ignored, only thruster orientation is used.
Engine location ignored, only thruster location is used.
Engine orientation ignored, only thruster orientation is used.
Engine location ignored, only thruster location is used.
Engine orientation ignored, only thruster orientation is used.
Engine location ignored, only thruster location is used.
Engine orientation ignored, only thruster orientation is used.
Engine location ignored, only thruster location is used.
Engine orientation ignored, only thruster orientation is used.
◆ anchor_defensive/blue 상대개입 72회 중 챔프 패·무 8회
Engine location ignored, only thruster location is used.
Engine orientation ignored, only thruster orientation is used.
Engine location ignored, only thruster location is used.
Engine orientation ignored, only thruster orientation is used.
Engine location ignored, only thruster location is used.
Engine orientation ignored, only thruster orientation is used.
Engine location ignored, only thruster location is used.
Engine orientation ignored, only thruster orientation is used.
Engine location ignored, only thruster location is used.
Engine orientation ignored, only thruster orientation is used.
Engine location ignored, only thruster location is used.
Engine orientation ignored, only thruster orientation is used.
Engine location ignored, only thruster location is used.
Engine orientation ignored, only thruster orientation is used.
Engine location ignored, only thruster location is used.
Engine orientation ignored, only thruster orientation is used.
Engine location ignored, only thruster location is used.
Engine orientation ignored, only thruster orientation is used.
Engine location ignored, only thruster location is used.
Engine orientation ignored, only thruster orientation is used.
Engine location ignored, only thruster location is used.
Engine orientation ignored, only thruster orientation is used.
Engine location ignored, only thruster location is used.
Engine orientation ignored, only thruster orientation is used.
Engine location ignored, only thruster location is used.
Engine orientation ignored, only thruster orientation is used.
Engine location ignored, only thruster location is used.
Engine orientation ignored, only thruster orientation is used.
Engine location ignored, only thruster location is used.
Engine orientation ignored, only thruster orientation is used.
Engine location ignored, only thruster location is used.
Engine orientation ignored, only thruster orientation is used.
Engine location ignored, only thruster location is used.
Engine orientation ignored, only thruster orientation is used.
Engine location ignored, only thruster location is used.
Engine orientation ignored, only thruster orientation is used.
Engine location ignored, only thruster location is used.
Engine orientation ignored, only thruster orientation is used.
Engine location ignored, only thruster location is used.
Engine orientation ignored, only thruster orientation is used.
Engine location ignored, only thruster location is used.
Engine orientation ignored, only thruster orientation is used.
Engine location ignored, only thruster location is used.
Engine orientation ignored, only thruster orientation is used.
Engine location ignored, only thruster location is used.
Engine orientation ignored, only thruster orientation is used.
Engine location ignored, only thruster location is used.
Engine orientation ignored, only thruster orientation is used.
Engine location ignored, only thruster location is used.
Engine orientation ignored, only thruster orientation is used.
Engine location ignored, only thruster location is used.
Engine orientation ignored, only thruster orientation is used.
Engine location ignored, only thruster location is used.
Engine orientation ignored, only thruster orientation is used.
Engine location ignored, only thruster location is used.
Engine orientation ignored, only thruster orientation is used.
Engine location ignored, only thruster location is used.
Engine orientation ignored, only thruster orientation is used.
Engine location ignored, only thruster location is used.
Engine orientation ignored, only thruster orientation is used.
Engine location ignored, only thruster location is used.
Engine orientation ignored, only thruster orientation is used.
Engine location ignored, only thruster location is used.
Engine orientation ignored, only thruster orientation is used.
Engine location ignored, only thruster location is used.
Engine orientation ignored, only thruster orientation is used.
Engine location ignored, only thruster location is used.
Engine orientation ignored, only thruster orientation is used.
Engine location ignored, only thruster location is used.
Engine orientation ignored, only thruster orientation is used.
Engine location ignored, only thruster location is used.
Engine orientation ignored, only thruster orientation is used.
Engine location ignored, only thruster location is used.
Engine orientation ignored, only thruster orientation is used.
Engine location ignored, only thruster location is used.
Engine orientation ignored, only thruster orientation is used.
Engine location ignored, only thruster location is used.
Engine orientation ignored, only thruster orientation is used.
Engine location ignored, only thruster location is used.
Engine orientation ignored, only thruster orientation is used.
Engine location ignored, only thruster location is used.
Engine orientation ignored, only thruster orientation is used.
Engine location ignored, only thruster location is used.
Engine orientation ignored, only thruster orientation is used.
Engine location ignored, only thruster location is used.
Engine orientation ignored, only thruster orientation is used.
Engine location ignored, only thruster location is used.
Engine orientation ignored, only thruster orientation is used.
Engine location ignored, only thruster location is used.
Engine orientation ignored, only thruster orientation is used.
Engine location ignored, only thruster location is used.
Engine orientation ignored, only thruster orientation is used.
⚠ 취약점 A1_PurePursuer_05/blue 상대개입 t0=16 gun → 챔프 Δ-3.9 health_zero@37s
Engine location ignored, only thruster location is used.
Engine orientation ignored, only thruster orientation is used.
Engine location ignored, only thruster location is used.
Engine orientation ignored, only thruster orientation is used.
⚠ 취약점 A1_PurePursuer_05/blue 상대개입 t0=16 lag → 챔프 Δ-0.4 health_zero@34s
Engine location ignored, only thruster location is used.
Engine orientation ignored, only thruster orientation is used.
Engine location ignored, only thruster location is used.
Engine orientation ignored, only thruster orientation is used.
Engine location ignored, only thruster location is used.
Engine orientation ignored, only thruster orientation is used.
Engine location ignored, only thruster location is used.
Engine orientation ignored, only thruster orientation is used.
Engine location ignored, only thruster location is used.
Engine orientation ignored, only thruster orientation is used.
Engine location ignored, only thruster location is used.
Engine orientation ignored, only thruster orientation is used.
⚠ 취약점 A1_PurePursuer_05/blue 상대개입 t0=16 gun_pure → 챔프 Δ-4.2 health_zero@38s
Engine location ignored, only thruster location is used.
Engine orientation ignored, only thruster orientation is used.
Engine location ignored, only thruster location is used.
Engine orientation ignored, only thruster orientation is used.
Engine location ignored, only thruster location is used.
Engine orientation ignored, only thruster orientation is used.
Engine location ignored, only thruster location is used.
Engine orientation ignored, only thruster orientation is used.
Engine location ignored, only thruster location is used.
Engine orientation ignored, only thruster orientation is used.
Engine location ignored, only thruster location is used.
Engine orientation ignored, only thruster orientation is used.
Engine location ignored, only thruster location is used.
Engine orientation ignored, only thruster orientation is used.
Engine location ignored, only thruster location is used.
Engine orientation ignored, only thruster orientation is used.
Engine location ignored, only thruster location is used.
Engine orientation ignored, only thruster orientation is used.
Engine location ignored, only thruster location is used.
Engine orientation ignored, only thruster orientation is used.
Engine location ignored, only thruster location is used.
Engine orientation ignored, only thruster orientation is used.
Engine location ignored, only thruster location is used.
Engine orientation ignored, only thruster orientation is used.
Engine location ignored, only thruster location is used.
Engine orientation ignored, only thruster orientation is used.
Engine location ignored, only thruster location is used.
Engine orientation ignored, only thruster orientation is used.
Engine location ignored, only thruster location is used.
Engine orientation ignored, only thruster orientation is used.
Engine location ignored, only thruster location is used.
Engine orientation ignored, only thruster orientation is used.
Engine location ignored, only thruster location is used.
Engine orientation ignored, only thruster orientation is used.
Engine location ignored, only thruster location is used.
Engine orientation ignored, only thruster orientation is used.
Engine location ignored, only thruster location is used.
Engine orientation ignored, only thruster orientation is used.
Engine location ignored, only thruster location is used.
Engine orientation ignored, only thruster orientation is used.
Engine location ignored, only thruster location is used.
Engine orientation ignored, only thruster orientation is used.
Engine location ignored, only thruster location is used.
Engine orientation ignored, only thruster orientation is used.
Engine location ignored, only thruster location is used.
Engine orientation ignored, only thruster orientation is used.
Engine location ignored, only thruster location is used.
Engine orientation ignored, only thruster orientation is used.
Engine location ignored, only thruster location is used.
Engine orientation ignored, only thruster orientation is used.
Engine location ignored, only thruster location is used.
Engine orientation ignored, only thruster orientation is used.
Engine location ignored, only thruster location is used.
Engine orientation ignored, only thruster orientation is used.
Engine location ignored, only thruster location is used.
Engine orientation ignored, only thruster orientation is used.
Engine location ignored, only thruster location is used.
Engine orientation ignored, only thruster orientation is used.
Engine location ignored, only thruster location is used.
Engine orientation ignored, only thruster orientation is used.
Engine location ignored, only thruster location is used.
Engine orientation ignored, only thruster orientation is used.
Engine location ignored, only thruster location is used.
Engine orientation ignored, only thruster orientation is used.
Engine location ignored, only thruster location is used.
Engine orientation ignored, only thruster orientation is used.
Engine location ignored, only thruster location is used.
Engine orientation ignored, only thruster orientation is used.
Engine location ignored, only thruster location is used.
Engine orientation ignored, only thruster orientation is used.
Engine location ignored, only thruster location is used.
Engine orientation ignored, only thruster orientation is used.
Engine location ignored, only thruster location is used.
Engine orientation ignored, only thruster orientation is used.
Engine location ignored, only thruster location is used.
Engine orientation ignored, only thruster orientation is used.
Engine location ignored, only thruster location is used.
Engine orientation ignored, only thruster orientation is used.
Engine location ignored, only thruster location is used.
Engine orientation ignored, only thruster orientation is used.
Engine location ignored, only thruster location is used.
Engine orientation ignored, only thruster orientation is used.
Engine location ignored, only thruster location is used.
Engine orientation ignored, only thruster orientation is used.
Engine location ignored, only thruster location is used.
Engine orientation ignored, only thruster orientation is used.
Engine location ignored, only thruster location is used.
Engine orientation ignored, only thruster orientation is used.
Engine location ignored, only thruster location is used.
Engine orientation ignored, only thruster orientation is used.
Engine location ignored, only thruster location is used.
Engine orientation ignored, only thruster orientation is used.
Engine location ignored, only thruster location is used.
Engine orientation ignored, only thruster orientation is used.
Engine location ignored, only thruster location is used.
Engine orientation ignored, only thruster orientation is used.
Engine location ignored, only thruster location is used.
Engine orientation ignored, only thruster orientation is used.
Engine location ignored, only thruster location is used.
Engine orientation ignored, only thruster orientation is used.
Engine location ignored, only thruster location is used.
Engine orientation ignored, only thruster orientation is used.
Engine location ignored, only thruster location is used.
Engine orientation ignored, only thruster orientation is used.
Engine location ignored, only thruster location is used.
Engine orientation ignored, only thruster orientation is used.
Engine location ignored, only thruster location is used.
Engine orientation ignored, only thruster orientation is used.
Engine location ignored, only thruster location is used.
Engine orientation ignored, only thruster orientation is used.
Engine location ignored, only thruster location is used.
Engine orientation ignored, only thruster orientation is used.
Engine location ignored, only thruster location is used.
Engine orientation ignored, only thruster orientation is used.
Engine location ignored, only thruster location is used.
Engine orientation ignored, only thruster orientation is used.
Engine location ignored, only thruster location is used.
Engine orientation ignored, only thruster orientation is used.
Engine location ignored, only thruster location is used.
Engine orientation ignored, only thruster orientation is used.
Engine location ignored, only thruster location is used.
Engine orientation ignored, only thruster orientation is used.
Engine location ignored, only thruster location is used.
Engine orientation ignored, only thruster orientation is used.
Engine location ignored, only thruster location is used.
Engine orientation ignored, only thruster orientation is used.
Engine location ignored, only thruster location is used.
Engine orientation ignored, only thruster orientation is used.
Engine location ignored, only thruster location is used.
Engine orientation ignored, only thruster orientation is used.
Engine location ignored, only thruster location is used.
Engine orientation ignored, only thruster orientation is used.
Engine location ignored, only thruster location is used.
Engine orientation ignored, only thruster orientation is used.
Engine location ignored, only thruster location is used.
Engine orientation ignored, only thruster orientation is used.
Engine location ignored, only thruster location is used.
Engine orientation ignored, only thruster orientation is used.
Engine location ignored, only thruster location is used.
Engine orientation ignored, only thruster orientation is used.
Engine location ignored, only thruster location is used.
Engine orientation ignored, only thruster orientation is used.
Engine location ignored, only thruster location is used.
Engine orientation ignored, only thruster orientation is used.
Engine location ignored, only thruster location is used.
Engine orientation ignored, only thruster orientation is used.
Engine location ignored, only thruster location is used.
Engine orientation ignored, only thruster orientation is used.
Engine location ignored, only thruster location is used.
Engine orientation ignored, only thruster orientation is used.
Engine location ignored, only thruster location is used.
Engine orientation ignored, only thruster orientation is used.
Engine location ignored, only thruster location is used.
Engine orientation ignored, only thruster orientation is used.
Engine location ignored, only thruster location is used.
Engine orientation ignored, only thruster orientation is used.
Engine location ignored, only thruster location is used.
Engine orientation ignored, only thruster orientation is used.
Engine location ignored, only thruster location is used.
Engine orientation ignored, only thruster orientation is used.
Engine location ignored, only thruster location is used.
Engine orientation ignored, only thruster orientation is used.
Engine location ignored, only thruster location is used.
Engine orientation ignored, only thruster orientation is used.
Engine location ignored, only thruster location is used.
Engine orientation ignored, only thruster orientation is used.
Engine location ignored, only thruster location is used.
Engine orientation ignored, only thruster orientation is used.
Engine location ignored, only thruster location is used.
Engine orientation ignored, only thruster orientation is used.
Engine location ignored, only thruster location is used.
Engine orientation ignored, only thruster orientation is used.
Engine location ignored, only thruster location is used.
Engine orientation ignored, only thruster orientation is used.
Engine location ignored, only thruster location is used.
Engine orientation ignored, only thruster orientation is used.
Engine location ignored, only thruster location is used.
Engine orientation ignored, only thruster orientation is used.
Engine location ignored, only thruster location is used.
Engine orientation ignored, only thruster orientation is used.
◆ A1_PurePursuer_05/blue 상대개입 72회 중 챔프 패·무 3회
Engine location ignored, only thruster location is used.
Engine orientation ignored, only thruster orientation is used.
Engine location ignored, only thruster location is used.
Engine orientation ignored, only thruster orientation is used.
Engine location ignored, only thruster location is used.
Engine orientation ignored, only thruster orientation is used.
Engine location ignored, only thruster location is used.
Engine orientation ignored, only thruster orientation is used.
Engine location ignored, only thruster location is used.
Engine orientation ignored, only thruster orientation is used.
Engine location ignored, only thruster location is used.
Engine orientation ignored, only thruster orientation is used.
Engine location ignored, only thruster location is used.
Engine orientation ignored, only thruster orientation is used.
Engine location ignored, only thruster location is used.
Engine orientation ignored, only thruster orientation is used.
Engine location ignored, only thruster location is used.
Engine orientation ignored, only thruster orientation is used.
Engine location ignored, only thruster location is used.
Engine orientation ignored, only thruster orientation is used.
Engine location ignored, only thruster location is used.
Engine orientation ignored, only thruster orientation is used.
Engine location ignored, only thruster location is used.
Engine orientation ignored, only thruster orientation is used.
Engine location ignored, only thruster location is used.
Engine orientation ignored, only thruster orientation is used.
Engine location ignored, only thruster location is used.
Engine orientation ignored, only thruster orientation is used.
Engine location ignored, only thruster location is used.
Engine orientation ignored, only thruster orientation is used.
Engine location ignored, only thruster location is used.
Engine orientation ignored, only thruster orientation is used.
Engine location ignored, only thruster location is used.
Engine orientation ignored, only thruster orientation is used.
Engine location ignored, only thruster location is used.
Engine orientation ignored, only thruster orientation is used.
Engine location ignored, only thruster location is used.
Engine orientation ignored, only thruster orientation is used.
Engine location ignored, only thruster location is used.
Engine orientation ignored, only thruster orientation is used.
Engine location ignored, only thruster location is used.
Engine orientation ignored, only thruster orientation is used.
Engine location ignored, only thruster location is used.
Engine orientation ignored, only thruster orientation is used.
Engine location ignored, only thruster location is used.
Engine orientation ignored, only thruster orientation is used.
Engine location ignored, only thruster location is used.
Engine orientation ignored, only thruster orientation is used.
⚠ 취약점 A3_LagAngler_06/blue 상대개입 t0=12 break → 챔프 Δ-45.7 health_zero@35s
Engine location ignored, only thruster location is used.
Engine orientation ignored, only thruster orientation is used.
Engine location ignored, only thruster location is used.
Engine orientation ignored, only thruster orientation is used.
Engine location ignored, only thruster location is used.
Engine orientation ignored, only thruster orientation is used.
Engine location ignored, only thruster location is used.
Engine orientation ignored, only thruster orientation is used.
⚠ 취약점 A3_LagAngler_06/blue 상대개입 t0=12 gun → 챔프 Δ-12.7 timeout@300s
Engine location ignored, only thruster location is used.
Engine orientation ignored, only thruster orientation is used.
Engine location ignored, only thruster location is used.
Engine orientation ignored, only thruster orientation is used.
Engine location ignored, only thruster location is used.
Engine orientation ignored, only thruster orientation is used.
Engine location ignored, only thruster location is used.
Engine orientation ignored, only thruster orientation is used.
⚠ 취약점 A3_LagAngler_06/blue 상대개입 t0=12 two_circle → 챔프 Δ-45.7 health_zero@35s
Engine location ignored, only thruster location is used.
Engine orientation ignored, only thruster orientation is used.
Engine location ignored, only thruster location is used.
Engine orientation ignored, only thruster orientation is used.
Engine location ignored, only thruster location is used.
Engine orientation ignored, only thruster orientation is used.
Engine location ignored, only thruster location is used.
Engine orientation ignored, only thruster orientation is used.
⚠ 취약점 A3_LagAngler_06/blue 상대개입 t0=12 gun_pure → 챔프 Δ-13.1 timeout@300s
Engine location ignored, only thruster location is used.
Engine orientation ignored, only thruster orientation is used.
Engine location ignored, only thruster location is used.
Engine orientation ignored, only thruster orientation is used.
Engine location ignored, only thruster location is used.
Engine orientation ignored, only thruster orientation is used.
Engine location ignored, only thruster location is used.
Engine orientation ignored, only thruster orientation is used.
Engine location ignored, only thruster location is used.
Engine orientation ignored, only thruster orientation is used.
Engine location ignored, only thruster location is used.
Engine orientation ignored, only thruster orientation is used.
Engine location ignored, only thruster location is used.
Engine orientation ignored, only thruster orientation is used.
Engine location ignored, only thruster location is used.
Engine orientation ignored, only thruster orientation is used.
Engine location ignored, only thruster location is used.
Engine orientation ignored, only thruster orientation is used.
Engine location ignored, only thruster location is used.
Engine orientation ignored, only thruster orientation is used.
Engine location ignored, only thruster location is used.
Engine orientation ignored, only thruster orientation is used.
Engine location ignored, only thruster location is used.
Engine orientation ignored, only thruster orientation is used.
Engine location ignored, only thruster location is used.
Engine orientation ignored, only thruster orientation is used.
Engine location ignored, only thruster location is used.
Engine orientation ignored, only thruster orientation is used.
⚠ 취약점 A3_LagAngler_06/blue 상대개입 t0=16 two_circle → 챔프 Δ-12.0 health_zero@46s
Engine location ignored, only thruster location is used.
Engine orientation ignored, only thruster orientation is used.
Engine location ignored, only thruster location is used.
Engine orientation ignored, only thruster orientation is used.
Engine location ignored, only thruster location is used.
Engine orientation ignored, only thruster orientation is used.
Engine location ignored, only thruster location is used.
Engine orientation ignored, only thruster orientation is used.
Engine location ignored, only thruster location is used.
Engine orientation ignored, only thruster orientation is used.
Engine location ignored, only thruster location is used.
Engine orientation ignored, only thruster orientation is used.
Engine location ignored, only thruster location is used.
Engine orientation ignored, only thruster orientation is used.
Engine location ignored, only thruster location is used.
Engine orientation ignored, only thruster orientation is used.
Engine location ignored, only thruster location is used.
Engine orientation ignored, only thruster orientation is used.
Engine location ignored, only thruster location is used.
Engine orientation ignored, only thruster orientation is used.
Engine location ignored, only thruster location is used.
Engine orientation ignored, only thruster orientation is used.
Engine location ignored, only thruster location is used.
Engine orientation ignored, only thruster orientation is used.
Engine location ignored, only thruster location is used.
Engine orientation ignored, only thruster orientation is used.
Engine location ignored, only thruster location is used.
Engine orientation ignored, only thruster orientation is used.
Engine location ignored, only thruster location is used.
Engine orientation ignored, only thruster orientation is used.
Engine location ignored, only thruster location is used.
Engine orientation ignored, only thruster orientation is used.
Engine location ignored, only thruster location is used.
Engine orientation ignored, only thruster orientation is used.
Engine location ignored, only thruster location is used.
Engine orientation ignored, only thruster orientation is used.
Engine location ignored, only thruster location is used.
Engine orientation ignored, only thruster orientation is used.
Engine location ignored, only thruster location is used.
Engine orientation ignored, only thruster orientation is used.
Engine location ignored, only thruster location is used.
Engine orientation ignored, only thruster orientation is used.
Engine location ignored, only thruster location is used.
Engine orientation ignored, only thruster orientation is used.
Engine location ignored, only thruster location is used.
Engine orientation ignored, only thruster orientation is used.
Engine location ignored, only thruster location is used.
Engine orientation ignored, only thruster orientation is used.
Engine location ignored, only thruster location is used.
Engine orientation ignored, only thruster orientation is used.
Engine location ignored, only thruster location is used.
Engine orientation ignored, only thruster orientation is used.
Engine location ignored, only thruster location is used.
Engine orientation ignored, only thruster orientation is used.
Engine location ignored, only thruster location is used.
Engine orientation ignored, only thruster orientation is used.
Engine location ignored, only thruster location is used.
Engine orientation ignored, only thruster orientation is used.
Engine location ignored, only thruster location is used.
Engine orientation ignored, only thruster orientation is used.
Engine location ignored, only thruster location is used.
Engine orientation ignored, only thruster orientation is used.
Engine location ignored, only thruster location is used.
Engine orientation ignored, only thruster orientation is used.
Engine location ignored, only thruster location is used.
Engine orientation ignored, only thruster orientation is used.
Engine location ignored, only thruster location is used.
Engine orientation ignored, only thruster orientation is used.
Engine location ignored, only thruster location is used.
Engine orientation ignored, only thruster orientation is used.
Engine location ignored, only thruster location is used.
Engine orientation ignored, only thruster orientation is used.
Engine location ignored, only thruster location is used.
Engine orientation ignored, only thruster orientation is used.
Engine location ignored, only thruster location is used.
Engine orientation ignored, only thruster orientation is used.
Engine location ignored, only thruster location is used.
Engine orientation ignored, only thruster orientation is used.
Engine location ignored, only thruster location is used.
Engine orientation ignored, only thruster orientation is used.
Engine location ignored, only thruster location is used.
Engine orientation ignored, only thruster orientation is used.
Engine location ignored, only thruster location is used.
Engine orientation ignored, only thruster orientation is used.
Engine location ignored, only thruster location is used.
Engine orientation ignored, only thruster orientation is used.
Engine location ignored, only thruster location is used.
Engine orientation ignored, only thruster orientation is used.
Engine location ignored, only thruster location is used.
Engine orientation ignored, only thruster orientation is used.
Engine location ignored, only thruster location is used.
Engine orientation ignored, only thruster orientation is used.
Engine location ignored, only thruster location is used.
Engine orientation ignored, only thruster orientation is used.
Engine location ignored, only thruster location is used.
Engine orientation ignored, only thruster orientation is used.
Engine location ignored, only thruster location is used.
Engine orientation ignored, only thruster orientation is used.
Engine location ignored, only thruster location is used.
Engine orientation ignored, only thruster orientation is used.
Engine location ignored, only thruster location is used.
Engine orientation ignored, only thruster orientation is used.
Engine location ignored, only thruster location is used.
Engine orientation ignored, only thruster orientation is used.
Engine location ignored, only thruster location is used.
Engine orientation ignored, only thruster orientation is used.
Engine location ignored, only thruster location is used.
Engine orientation ignored, only thruster orientation is used.
Engine location ignored, only thruster location is used.
Engine orientation ignored, only thruster orientation is used.
Engine location ignored, only thruster location is used.
Engine orientation ignored, only thruster orientation is used.
Engine location ignored, only thruster location is used.
Engine orientation ignored, only thruster orientation is used.
Engine location ignored, only thruster location is used.
Engine orientation ignored, only thruster orientation is used.
Engine location ignored, only thruster location is used.
Engine orientation ignored, only thruster orientation is used.
Engine location ignored, only thruster location is used.
Engine orientation ignored, only thruster orientation is used.
Engine location ignored, only thruster location is used.
Engine orientation ignored, only thruster orientation is used.
Engine location ignored, only thruster location is used.
Engine orientation ignored, only thruster orientation is used.
Engine location ignored, only thruster location is used.
Engine orientation ignored, only thruster orientation is used.
Engine location ignored, only thruster location is used.
Engine orientation ignored, only thruster orientation is used.
Engine location ignored, only thruster location is used.
Engine orientation ignored, only thruster orientation is used.
Engine location ignored, only thruster location is used.
Engine orientation ignored, only thruster orientation is used.
Engine location ignored, only thruster location is used.
Engine orientation ignored, only thruster orientation is used.
Engine location ignored, only thruster location is used.
Engine orientation ignored, only thruster orientation is used.
Engine location ignored, only thruster location is used.
Engine orientation ignored, only thruster orientation is used.
Engine location ignored, only thruster location is used.
Engine orientation ignored, only thruster orientation is used.
Engine location ignored, only thruster location is used.
Engine orientation ignored, only thruster orientation is used.
Engine location ignored, only thruster location is used.
Engine orientation ignored, only thruster orientation is used.
Engine location ignored, only thruster location is used.
Engine orientation ignored, only thruster orientation is used.
Engine location ignored, only thruster location is used.
Engine orientation ignored, only thruster orientation is used.
Engine location ignored, only thruster location is used.
Engine orientation ignored, only thruster orientation is used.
Engine location ignored, only thruster location is used.
Engine orientation ignored, only thruster orientation is used.
Engine location ignored, only thruster location is used.
Engine orientation ignored, only thruster orientation is used.
Engine location ignored, only thruster location is used.
Engine orientation ignored, only thruster orientation is used.
Engine location ignored, only thruster location is used.
Engine orientation ignored, only thruster orientation is used.
Engine location ignored, only thruster location is used.
Engine orientation ignored, only thruster orientation is used.
Engine location ignored, only thruster location is used.
Engine orientation ignored, only thruster orientation is used.
Engine location ignored, only thruster location is used.
Engine orientation ignored, only thruster orientation is used.
Engine location ignored, only thruster location is used.
Engine orientation ignored, only thruster orientation is used.
Engine location ignored, only thruster location is used.
Engine orientation ignored, only thruster orientation is used.
Engine location ignored, only thruster location is used.
Engine orientation ignored, only thruster orientation is used.
Engine location ignored, only thruster location is used.
Engine orientation ignored, only thruster orientation is used.
Engine location ignored, only thruster location is used.
Engine orientation ignored, only thruster orientation is used.
Engine location ignored, only thruster location is used.
Engine orientation ignored, only thruster orientation is used.
Engine location ignored, only thruster location is used.
Engine orientation ignored, only thruster orientation is used.
Engine location ignored, only thruster location is used.
Engine orientation ignored, only thruster orientation is used.
Engine location ignored, only thruster location is used.
Engine orientation ignored, only thruster orientation is used.
Engine location ignored, only thruster location is used.
Engine orientation ignored, only thruster orientation is used.
Engine location ignored, only thruster location is used.
Engine orientation ignored, only thruster orientation is used.
Engine location ignored, only thruster location is used.
Engine orientation ignored, only thruster orientation is used.
◆ A3_LagAngler_06/blue 상대개입 72회 중 챔프 패·무 5회
Engine location ignored, only thruster location is used.
Engine orientation ignored, only thruster orientation is used.
Engine location ignored, only thruster location is used.
Engine orientation ignored, only thruster orientation is used.
Engine location ignored, only thruster location is used.
Engine orientation ignored, only thruster orientation is used.
Engine location ignored, only thruster location is used.
Engine orientation ignored, only thruster orientation is used.
Engine location ignored, only thruster location is used.
Engine orientation ignored, only thruster orientation is used.
Engine location ignored, only thruster location is used.
Engine orientation ignored, only thruster orientation is used.
Engine location ignored, only thruster location is used.
Engine orientation ignored, only thruster orientation is used.
Engine location ignored, only thruster location is used.
Engine orientation ignored, only thruster orientation is used.
Engine location ignored, only thruster location is used.
Engine orientation ignored, only thruster orientation is used.
Engine location ignored, only thruster location is used.
Engine orientation ignored, only thruster orientation is used.
Engine location ignored, only thruster location is used.
Engine orientation ignored, only thruster orientation is used.
Engine location ignored, only thruster location is used.
Engine orientation ignored, only thruster orientation is used.
Engine location ignored, only thruster location is used.
Engine orientation ignored, only thruster orientation is used.
Engine location ignored, only thruster location is used.
Engine orientation ignored, only thruster orientation is used.
Engine location ignored, only thruster location is used.
Engine orientation ignored, only thruster orientation is used.
Engine location ignored, only thruster location is used.
Engine orientation ignored, only thruster orientation is used.
Engine location ignored, only thruster location is used.
Engine orientation ignored, only thruster orientation is used.
Engine location ignored, only thruster location is used.
Engine orientation ignored, only thruster orientation is used.
Engine location ignored, only thruster location is used.
Engine orientation ignored, only thruster orientation is used.
Engine location ignored, only thruster location is used.
Engine orientation ignored, only thruster orientation is used.
Engine location ignored, only thruster location is used.
Engine orientation ignored, only thruster orientation is used.
Engine location ignored, only thruster location is used.
Engine orientation ignored, only thruster orientation is used.
⚠ 취약점 B2_Extender_04/blue 상대개입 t0=12 dive → 챔프 Δ+0.0 timeout@300s
Engine location ignored, only thruster location is used.
Engine orientation ignored, only thruster orientation is used.
Engine location ignored, only thruster location is used.
Engine orientation ignored, only thruster orientation is used.
Engine location ignored, only thruster location is used.
Engine orientation ignored, only thruster orientation is used.
Engine location ignored, only thruster location is used.
Engine orientation ignored, only thruster orientation is used.
Engine location ignored, only thruster location is used.
Engine orientation ignored, only thruster orientation is used.
Engine location ignored, only thruster location is used.
Engine orientation ignored, only thruster orientation is used.
Engine location ignored, only thruster location is used.
Engine orientation ignored, only thruster orientation is used.
Engine location ignored, only thruster location is used.
Engine orientation ignored, only thruster orientation is used.
Engine location ignored, only thruster location is used.
Engine orientation ignored, only thruster orientation is used.
Engine location ignored, only thruster location is used.
Engine orientation ignored, only thruster orientation is used.
Engine location ignored, only thruster location is used.
Engine orientation ignored, only thruster orientation is used.
Engine location ignored, only thruster location is used.
Engine orientation ignored, only thruster orientation is used.
Engine location ignored, only thruster location is used.
Engine orientation ignored, only thruster orientation is used.
Engine location ignored, only thruster location is used.
Engine orientation ignored, only thruster orientation is used.
Engine location ignored, only thruster location is used.
Engine orientation ignored, only thruster orientation is used.
Engine location ignored, only thruster location is used.
Engine orientation ignored, only thruster orientation is used.
Engine location ignored, only thruster location is used.
Engine orientation ignored, only thruster orientation is used.
Engine location ignored, only thruster location is used.
Engine orientation ignored, only thruster orientation is used.
Engine location ignored, only thruster location is used.
Engine orientation ignored, only thruster orientation is used.
Engine location ignored, only thruster location is used.
Engine orientation ignored, only thruster orientation is used.
Engine location ignored, only thruster location is used.
Engine orientation ignored, only thruster orientation is used.
Engine location ignored, only thruster location is used.
Engine orientation ignored, only thruster orientation is used.
Engine location ignored, only thruster location is used.
Engine orientation ignored, only thruster orientation is used.
Engine location ignored, only thruster location is used.
Engine orientation ignored, only thruster orientation is used.
Engine location ignored, only thruster location is used.
Engine orientation ignored, only thruster orientation is used.
Engine location ignored, only thruster location is used.
Engine orientation ignored, only thruster orientation is used.
Engine location ignored, only thruster location is used.
Engine orientation ignored, only thruster orientation is used.
Engine location ignored, only thruster location is used.
Engine orientation ignored, only thruster orientation is used.
Engine location ignored, only thruster location is used.
Engine orientation ignored, only thruster orientation is used.
Engine location ignored, only thruster location is used.
Engine orientation ignored, only thruster orientation is used.
Engine location ignored, only thruster location is used.
Engine orientation ignored, only thruster orientation is used.
Engine location ignored, only thruster location is used.
Engine orientation ignored, only thruster orientation is used.
Engine location ignored, only thruster location is used.
Engine orientation ignored, only thruster orientation is used.
Engine location ignored, only thruster location is used.
Engine orientation ignored, only thruster orientation is used.
Engine location ignored, only thruster location is used.
Engine orientation ignored, only thruster orientation is used.
Engine location ignored, only thruster location is used.
Engine orientation ignored, only thruster orientation is used.
Engine location ignored, only thruster location is used.
Engine orientation ignored, only thruster orientation is used.
Engine location ignored, only thruster location is used.
Engine orientation ignored, only thruster orientation is used.
Engine location ignored, only thruster location is used.
Engine orientation ignored, only thruster orientation is used.
Engine location ignored, only thruster location is used.
Engine orientation ignored, only thruster orientation is used.
Engine location ignored, only thruster location is used.
Engine orientation ignored, only thruster orientation is used.
Engine location ignored, only thruster location is used.
Engine orientation ignored, only thruster orientation is used.
Engine location ignored, only thruster location is used.
Engine orientation ignored, only thruster orientation is used.
Engine location ignored, only thruster location is used.
Engine orientation ignored, only thruster orientation is used.
Engine location ignored, only thruster location is used.
Engine orientation ignored, only thruster orientation is used.
Engine location ignored, only thruster location is used.
Engine orientation ignored, only thruster orientation is used.
Engine location ignored, only thruster location is used.
Engine orientation ignored, only thruster orientation is used.
Engine location ignored, only thruster location is used.
Engine orientation ignored, only thruster orientation is used.
⚠ 취약점 B2_Extender_04/blue 상대개입 t0=20 level → 챔프 Δ-37.8 health_zero@185s
Engine location ignored, only thruster location is used.
Engine orientation ignored, only thruster orientation is used.
Engine location ignored, only thruster location is used.
Engine orientation ignored, only thruster orientation is used.
Engine location ignored, only thruster location is used.
Engine orientation ignored, only thruster orientation is used.
Engine location ignored, only thruster location is used.
Engine orientation ignored, only thruster orientation is used.
Engine location ignored, only thruster location is used.
Engine orientation ignored, only thruster orientation is used.
Engine location ignored, only thruster location is used.
Engine orientation ignored, only thruster orientation is used.
Engine location ignored, only thruster location is used.
Engine orientation ignored, only thruster orientation is used.
Engine location ignored, only thruster location is used.
Engine orientation ignored, only thruster orientation is used.
Engine location ignored, only thruster location is used.
Engine orientation ignored, only thruster orientation is used.
Engine location ignored, only thruster location is used.
Engine orientation ignored, only thruster orientation is used.
Engine location ignored, only thruster location is used.
Engine orientation ignored, only thruster orientation is used.
Engine location ignored, only thruster location is used.
Engine orientation ignored, only thruster orientation is used.
Engine location ignored, only thruster location is used.
Engine orientation ignored, only thruster orientation is used.
Engine location ignored, only thruster location is used.
Engine orientation ignored, only thruster orientation is used.
Engine location ignored, only thruster location is used.
Engine orientation ignored, only thruster orientation is used.
Engine location ignored, only thruster location is used.
Engine orientation ignored, only thruster orientation is used.
Engine location ignored, only thruster location is used.
Engine orientation ignored, only thruster orientation is used.
Engine location ignored, only thruster location is used.
Engine orientation ignored, only thruster orientation is used.
Engine location ignored, only thruster location is used.
Engine orientation ignored, only thruster orientation is used.
Engine location ignored, only thruster location is used.
Engine orientation ignored, only thruster orientation is used.
Engine location ignored, only thruster location is used.
Engine orientation ignored, only thruster orientation is used.
Engine location ignored, only thruster location is used.
Engine orientation ignored, only thruster orientation is used.
Engine location ignored, only thruster location is used.
Engine orientation ignored, only thruster orientation is used.
Engine location ignored, only thruster location is used.
Engine orientation ignored, only thruster orientation is used.
Engine location ignored, only thruster location is used.
Engine orientation ignored, only thruster orientation is used.
Engine location ignored, only thruster location is used.
Engine orientation ignored, only thruster orientation is used.
Engine location ignored, only thruster location is used.
Engine orientation ignored, only thruster orientation is used.
Engine location ignored, only thruster location is used.
Engine orientation ignored, only thruster orientation is used.
Engine location ignored, only thruster location is used.
Engine orientation ignored, only thruster orientation is used.
Engine location ignored, only thruster location is used.
Engine orientation ignored, only thruster orientation is used.
Engine location ignored, only thruster location is used.
Engine orientation ignored, only thruster orientation is used.
Engine location ignored, only thruster location is used.
Engine orientation ignored, only thruster orientation is used.
Engine location ignored, only thruster location is used.
Engine orientation ignored, only thruster orientation is used.
Engine location ignored, only thruster location is used.
Engine orientation ignored, only thruster orientation is used.
Engine location ignored, only thruster location is used.
Engine orientation ignored, only thruster orientation is used.
Engine location ignored, only thruster location is used.
Engine orientation ignored, only thruster orientation is used.
Engine location ignored, only thruster location is used.
Engine orientation ignored, only thruster orientation is used.
Engine location ignored, only thruster location is used.
Engine orientation ignored, only thruster orientation is used.
Engine location ignored, only thruster location is used.
Engine orientation ignored, only thruster orientation is used.
Engine location ignored, only thruster location is used.
Engine orientation ignored, only thruster orientation is used.
Engine location ignored, only thruster location is used.
Engine orientation ignored, only thruster orientation is used.
Engine location ignored, only thruster location is used.
Engine orientation ignored, only thruster orientation is used.
Engine location ignored, only thruster location is used.
Engine orientation ignored, only thruster orientation is used.
Engine location ignored, only thruster location is used.
Engine orientation ignored, only thruster orientation is used.
Engine location ignored, only thruster location is used.
Engine orientation ignored, only thruster orientation is used.
Engine location ignored, only thruster location is used.
Engine orientation ignored, only thruster orientation is used.
Engine location ignored, only thruster location is used.
Engine orientation ignored, only thruster orientation is used.
Engine location ignored, only thruster location is used.
Engine orientation ignored, only thruster orientation is used.
Engine location ignored, only thruster location is used.
Engine orientation ignored, only thruster orientation is used.
Engine location ignored, only thruster location is used.
Engine orientation ignored, only thruster orientation is used.
Engine location ignored, only thruster location is used.
Engine orientation ignored, only thruster orientation is used.
Engine location ignored, only thruster location is used.
Engine orientation ignored, only thruster orientation is used.
Engine location ignored, only thruster location is used.
Engine orientation ignored, only thruster orientation is used.
Engine location ignored, only thruster location is used.
Engine orientation ignored, only thruster orientation is used.
Engine location ignored, only thruster location is used.
Engine orientation ignored, only thruster orientation is used.
Engine location ignored, only thruster location is used.
Engine orientation ignored, only thruster orientation is used.
Engine location ignored, only thruster location is used.
Engine orientation ignored, only thruster orientation is used.
Engine location ignored, only thruster location is used.
Engine orientation ignored, only thruster orientation is used.
Engine location ignored, only thruster location is used.
Engine orientation ignored, only thruster orientation is used.
Engine location ignored, only thruster location is used.
Engine orientation ignored, only thruster orientation is used.
Engine location ignored, only thruster location is used.
Engine orientation ignored, only thruster orientation is used.
Engine location ignored, only thruster location is used.
Engine orientation ignored, only thruster orientation is used.
Engine location ignored, only thruster location is used.
Engine orientation ignored, only thruster orientation is used.
Engine location ignored, only thruster location is used.
Engine orientation ignored, only thruster orientation is used.
Engine location ignored, only thruster location is used.
Engine orientation ignored, only thruster orientation is used.
Engine location ignored, only thruster location is used.
Engine orientation ignored, only thruster orientation is used.
Engine location ignored, only thruster location is used.
Engine orientation ignored, only thruster orientation is used.
Engine location ignored, only thruster location is used.
Engine orientation ignored, only thruster orientation is used.
Engine location ignored, only thruster location is used.
Engine orientation ignored, only thruster orientation is used.
Engine location ignored, only thruster location is used.
Engine orientation ignored, only thruster orientation is used.
Engine location ignored, only thruster location is used.
Engine orientation ignored, only thruster orientation is used.
Engine location ignored, only thruster location is used.
Engine orientation ignored, only thruster orientation is used.
Engine location ignored, only thruster location is used.
Engine orientation ignored, only thruster orientation is used.
Engine location ignored, only thruster location is used.
Engine orientation ignored, only thruster orientation is used.
◆ B2_Extender_04/blue 상대개입 72회 중 챔프 패·무 2회
Engine location ignored, only thruster location is used.
Engine orientation ignored, only thruster orientation is used.
Engine location ignored, only thruster location is used.
Engine orientation ignored, only thruster orientation is used.
Engine location ignored, only thruster location is used.
Engine orientation ignored, only thruster orientation is used.
Engine location ignored, only thruster location is used.
Engine orientation ignored, only thruster orientation is used.
Engine location ignored, only thruster location is used.
Engine orientation ignored, only thruster orientation is used.
Engine location ignored, only thruster location is used.
Engine orientation ignored, only thruster orientation is used.
Engine location ignored, only thruster location is used.
Engine orientation ignored, only thruster orientation is used.
Engine location ignored, only thruster location is used.
Engine orientation ignored, only thruster orientation is used.
⚠ 취약점 C2_OneCircleRad_03/blue 상대개입 t0=8 extend → 챔프 Δ-5.6 health_zero@155s
Engine location ignored, only thruster location is used.
Engine orientation ignored, only thruster orientation is used.
Engine location ignored, only thruster location is used.
Engine orientation ignored, only thruster orientation is used.
Engine location ignored, only thruster location is used.
Engine orientation ignored, only thruster orientation is used.
Engine location ignored, only thruster location is used.
Engine orientation ignored, only thruster orientation is used.
Engine location ignored, only thruster location is used.
Engine orientation ignored, only thruster orientation is used.
Engine location ignored, only thruster location is used.
Engine orientation ignored, only thruster orientation is used.
Engine location ignored, only thruster location is used.
Engine orientation ignored, only thruster orientation is used.
Engine location ignored, only thruster location is used.
Engine orientation ignored, only thruster orientation is used.
Engine location ignored, only thruster location is used.
Engine orientation ignored, only thruster orientation is used.
Engine location ignored, only thruster location is used.
Engine orientation ignored, only thruster orientation is used.
Engine location ignored, only thruster location is used.
Engine orientation ignored, only thruster orientation is used.
Engine location ignored, only thruster location is used.
Engine orientation ignored, only thruster orientation is used.
⚠ 취약점 C2_OneCircleRad_03/blue 상대개입 t0=12 climb → 챔프 Δ-17.4 health_zero@58s
Engine location ignored, only thruster location is used.
Engine orientation ignored, only thruster orientation is used.
Engine location ignored, only thruster location is used.
Engine orientation ignored, only thruster orientation is used.
Engine location ignored, only thruster location is used.
Engine orientation ignored, only thruster orientation is used.
Engine location ignored, only thruster location is used.
Engine orientation ignored, only thruster orientation is used.
⚠ 취약점 C2_OneCircleRad_03/blue 상대개입 t0=12 break → 챔프 Δ-50.1 health_zero@104s
Engine location ignored, only thruster location is used.
Engine orientation ignored, only thruster orientation is used.
Engine location ignored, only thruster location is used.
Engine orientation ignored, only thruster orientation is used.
⚠ 취약점 C2_OneCircleRad_03/blue 상대개입 t0=12 extend → 챔프 Δ-30.5 health_zero@37s
Engine location ignored, only thruster location is used.
Engine orientation ignored, only thruster orientation is used.
Engine location ignored, only thruster location is used.
Engine orientation ignored, only thruster orientation is used.
Engine location ignored, only thruster location is used.
Engine orientation ignored, only thruster orientation is used.
Engine location ignored, only thruster location is used.
Engine orientation ignored, only thruster orientation is used.
⚠ 취약점 C2_OneCircleRad_03/blue 상대개입 t0=12 lag → 챔프 Δ-47.5 health_zero@139s
Engine location ignored, only thruster location is used.
Engine orientation ignored, only thruster orientation is used.
Engine location ignored, only thruster location is used.
Engine orientation ignored, only thruster orientation is used.
Engine location ignored, only thruster location is used.
Engine orientation ignored, only thruster orientation is used.
Engine location ignored, only thruster location is used.
Engine orientation ignored, only thruster orientation is used.
⚠ 취약점 C2_OneCircleRad_03/blue 상대개입 t0=12 level → 챔프 Δ-36.4 health_zero@122s
Engine location ignored, only thruster location is used.
Engine orientation ignored, only thruster orientation is used.
Engine location ignored, only thruster location is used.
Engine orientation ignored, only thruster orientation is used.
⚠ 취약점 C2_OneCircleRad_03/blue 상대개입 t0=12 gun_pure → 챔프 Δ-45.3 health_zero@120s
Engine location ignored, only thruster location is used.
Engine orientation ignored, only thruster orientation is used.
Engine location ignored, only thruster location is used.
Engine orientation ignored, only thruster orientation is used.
Engine location ignored, only thruster location is used.
Engine orientation ignored, only thruster orientation is used.
Engine location ignored, only thruster location is used.
Engine orientation ignored, only thruster orientation is used.
Engine location ignored, only thruster location is used.
Engine orientation ignored, only thruster orientation is used.
Engine location ignored, only thruster location is used.
Engine orientation ignored, only thruster orientation is used.
⚠ 취약점 C2_OneCircleRad_03/blue 상대개입 t0=16 break → 챔프 Δ-12.3 health_zero@122s
Engine location ignored, only thruster location is used.
Engine orientation ignored, only thruster orientation is used.
Engine location ignored, only thruster location is used.
Engine orientation ignored, only thruster orientation is used.
Engine location ignored, only thruster location is used.
Engine orientation ignored, only thruster orientation is used.
Engine location ignored, only thruster location is used.
Engine orientation ignored, only thruster orientation is used.
⚠ 취약점 C2_OneCircleRad_03/blue 상대개입 t0=16 gun → 챔프 Δ-29.0 health_zero@37s
Engine location ignored, only thruster location is used.
Engine orientation ignored, only thruster orientation is used.
Engine location ignored, only thruster location is used.
Engine orientation ignored, only thruster orientation is used.
Engine location ignored, only thruster location is used.
Engine orientation ignored, only thruster orientation is used.
Engine location ignored, only thruster location is used.
Engine orientation ignored, only thruster orientation is used.
Engine location ignored, only thruster location is used.
Engine orientation ignored, only thruster orientation is used.
Engine location ignored, only thruster location is used.
Engine orientation ignored, only thruster orientation is used.
⚠ 취약점 C2_OneCircleRad_03/blue 상대개입 t0=16 level → 챔프 Δ-33.0 health_zero@58s
Engine location ignored, only thruster location is used.
Engine orientation ignored, only thruster orientation is used.
Engine location ignored, only thruster location is used.
Engine orientation ignored, only thruster orientation is used.
⚠ 취약점 C2_OneCircleRad_03/blue 상대개입 t0=16 gun_pure → 챔프 Δ-33.4 health_zero@38s
Engine location ignored, only thruster location is used.
Engine orientation ignored, only thruster orientation is used.
Engine location ignored, only thruster location is used.
Engine orientation ignored, only thruster orientation is used.
Engine location ignored, only thruster location is used.
Engine orientation ignored, only thruster orientation is used.
Engine location ignored, only thruster location is used.
Engine orientation ignored, only thruster orientation is used.
Engine location ignored, only thruster location is used.
Engine orientation ignored, only thruster orientation is used.
Engine location ignored, only thruster location is used.
Engine orientation ignored, only thruster orientation is used.
Engine location ignored, only thruster location is used.
Engine orientation ignored, only thruster orientation is used.
Engine location ignored, only thruster location is used.
Engine orientation ignored, only thruster orientation is used.
Engine location ignored, only thruster location is used.
Engine orientation ignored, only thruster orientation is used.
Engine location ignored, only thruster location is used.
Engine orientation ignored, only thruster orientation is used.
⚠ 취약점 C2_OneCircleRad_03/blue 상대개입 t0=20 gun → 챔프 Δ-54.2 health_zero@124s
Engine location ignored, only thruster location is used.
Engine orientation ignored, only thruster orientation is used.
Engine location ignored, only thruster location is used.
Engine orientation ignored, only thruster orientation is used.
Engine location ignored, only thruster location is used.
Engine orientation ignored, only thruster orientation is used.
Engine location ignored, only thruster location is used.
Engine orientation ignored, only thruster orientation is used.
Engine location ignored, only thruster location is used.
Engine orientation ignored, only thruster orientation is used.
Engine location ignored, only thruster location is used.
Engine orientation ignored, only thruster orientation is used.
⚠ 취약점 C2_OneCircleRad_03/blue 상대개입 t0=20 level → 챔프 Δ-7.2 health_zero@97s
Engine location ignored, only thruster location is used.
Engine orientation ignored, only thruster orientation is used.
Engine location ignored, only thruster location is used.
Engine orientation ignored, only thruster orientation is used.
Engine location ignored, only thruster location is used.
Engine orientation ignored, only thruster orientation is used.
Engine location ignored, only thruster location is used.
Engine orientation ignored, only thruster orientation is used.
Engine location ignored, only thruster location is used.
Engine orientation ignored, only thruster orientation is used.
Engine location ignored, only thruster location is used.
Engine orientation ignored, only thruster orientation is used.
Engine location ignored, only thruster location is used.
Engine orientation ignored, only thruster orientation is used.
Engine location ignored, only thruster location is used.
Engine orientation ignored, only thruster orientation is used.
Engine location ignored, only thruster location is used.
Engine orientation ignored, only thruster orientation is used.
Engine location ignored, only thruster location is used.
Engine orientation ignored, only thruster orientation is used.
Engine location ignored, only thruster location is used.
Engine orientation ignored, only thruster orientation is used.
Engine location ignored, only thruster location is used.
Engine orientation ignored, only thruster orientation is used.
⚠ 취약점 C2_OneCircleRad_03/blue 상대개입 t0=24 gun → 챔프 Δ-3.9 health_zero@56s
Engine location ignored, only thruster location is used.
Engine orientation ignored, only thruster orientation is used.
Engine location ignored, only thruster location is used.
Engine orientation ignored, only thruster orientation is used.
Engine location ignored, only thruster location is used.
Engine orientation ignored, only thruster orientation is used.
Engine location ignored, only thruster location is used.
Engine orientation ignored, only thruster orientation is used.
Engine location ignored, only thruster location is used.
Engine orientation ignored, only thruster orientation is used.
Engine location ignored, only thruster location is used.
Engine orientation ignored, only thruster orientation is used.
Engine location ignored, only thruster location is used.
Engine orientation ignored, only thruster orientation is used.
Engine location ignored, only thruster location is used.
Engine orientation ignored, only thruster orientation is used.
⚠ 취약점 C2_OneCircleRad_03/blue 상대개입 t0=24 gun_pure → 챔프 Δ-6.1 health_zero@56s
Engine location ignored, only thruster location is used.
Engine orientation ignored, only thruster orientation is used.
Engine location ignored, only thruster location is used.
Engine orientation ignored, only thruster orientation is used.
Engine location ignored, only thruster location is used.
Engine orientation ignored, only thruster orientation is used.
Engine location ignored, only thruster location is used.
Engine orientation ignored, only thruster orientation is used.
Engine location ignored, only thruster location is used.
Engine orientation ignored, only thruster orientation is used.
Engine location ignored, only thruster location is used.
Engine orientation ignored, only thruster orientation is used.
Engine location ignored, only thruster location is used.
Engine orientation ignored, only thruster orientation is used.
Engine location ignored, only thruster location is used.
Engine orientation ignored, only thruster orientation is used.
Engine location ignored, only thruster location is used.
Engine orientation ignored, only thruster orientation is used.
Engine location ignored, only thruster location is used.
Engine orientation ignored, only thruster orientation is used.
Engine location ignored, only thruster location is used.
Engine orientation ignored, only thruster orientation is used.
Engine location ignored, only thruster location is used.
Engine orientation ignored, only thruster orientation is used.
Engine location ignored, only thruster location is used.
Engine orientation ignored, only thruster orientation is used.
Engine location ignored, only thruster location is used.
Engine orientation ignored, only thruster orientation is used.
Engine location ignored, only thruster location is used.
Engine orientation ignored, only thruster orientation is used.
Engine location ignored, only thruster location is used.
Engine orientation ignored, only thruster orientation is used.
Engine location ignored, only thruster location is used.
Engine orientation ignored, only thruster orientation is used.
Engine location ignored, only thruster location is used.
Engine orientation ignored, only thruster orientation is used.
Engine location ignored, only thruster location is used.
Engine orientation ignored, only thruster orientation is used.
Engine location ignored, only thruster location is used.
Engine orientation ignored, only thruster orientation is used.
Engine location ignored, only thruster location is used.
Engine orientation ignored, only thruster orientation is used.
Engine location ignored, only thruster location is used.
Engine orientation ignored, only thruster orientation is used.
Engine location ignored, only thruster location is used.
Engine orientation ignored, only thruster orientation is used.
Engine location ignored, only thruster location is used.
Engine orientation ignored, only thruster orientation is used.
Engine location ignored, only thruster location is used.
Engine orientation ignored, only thruster orientation is used.
Engine location ignored, only thruster location is used.
Engine orientation ignored, only thruster orientation is used.
Engine location ignored, only thruster location is used.
Engine orientation ignored, only thruster orientation is used.
Engine location ignored, only thruster location is used.
Engine orientation ignored, only thruster orientation is used.
Engine location ignored, only thruster location is used.
Engine orientation ignored, only thruster orientation is used.
Engine location ignored, only thruster location is used.
Engine orientation ignored, only thruster orientation is used.
Engine location ignored, only thruster location is used.
Engine orientation ignored, only thruster orientation is used.
Engine location ignored, only thruster location is used.
Engine orientation ignored, only thruster orientation is used.
Engine location ignored, only thruster location is used.
Engine orientation ignored, only thruster orientation is used.
Engine location ignored, only thruster location is used.
Engine orientation ignored, only thruster orientation is used.
Engine location ignored, only thruster location is used.
Engine orientation ignored, only thruster orientation is used.
Engine location ignored, only thruster location is used.
Engine orientation ignored, only thruster orientation is used.
Engine location ignored, only thruster location is used.
Engine orientation ignored, only thruster orientation is used.
Engine location ignored, only thruster location is used.
Engine orientation ignored, only thruster orientation is used.
Engine location ignored, only thruster location is used.
Engine orientation ignored, only thruster orientation is used.
Engine location ignored, only thruster location is used.
Engine orientation ignored, only thruster orientation is used.
Engine location ignored, only thruster location is used.
Engine orientation ignored, only thruster orientation is used.
Engine location ignored, only thruster location is used.
Engine orientation ignored, only thruster orientation is used.
Engine location ignored, only thruster location is used.
Engine orientation ignored, only thruster orientation is used.
Engine location ignored, only thruster location is used.
Engine orientation ignored, only thruster orientation is used.
Engine location ignored, only thruster location is used.
Engine orientation ignored, only thruster orientation is used.
Engine location ignored, only thruster location is used.
Engine orientation ignored, only thruster orientation is used.
Engine location ignored, only thruster location is used.
Engine orientation ignored, only thruster orientation is used.
Engine location ignored, only thruster location is used.
Engine orientation ignored, only thruster orientation is used.
Engine location ignored, only thruster location is used.
Engine orientation ignored, only thruster orientation is used.
Engine location ignored, only thruster location is used.
Engine orientation ignored, only thruster orientation is used.
Engine location ignored, only thruster location is used.
Engine orientation ignored, only thruster orientation is used.
Engine location ignored, only thruster location is used.
Engine orientation ignored, only thruster orientation is used.
Engine location ignored, only thruster location is used.
Engine orientation ignored, only thruster orientation is used.
Engine location ignored, only thruster location is used.
Engine orientation ignored, only thruster orientation is used.
◆ C2_OneCircleRad_03/blue 상대개입 72회 중 챔프 패·무 15회
Engine location ignored, only thruster location is used.
Engine orientation ignored, only thruster orientation is used.
Engine location ignored, only thruster location is used.
Engine orientation ignored, only thruster orientation is used.
Engine location ignored, only thruster location is used.
Engine orientation ignored, only thruster orientation is used.
Engine location ignored, only thruster location is used.
Engine orientation ignored, only thruster orientation is used.
Engine location ignored, only thruster location is used.
Engine orientation ignored, only thruster orientation is used.
Engine location ignored, only thruster location is used.
Engine orientation ignored, only thruster orientation is used.
Engine location ignored, only thruster location is used.
Engine orientation ignored, only thruster orientation is used.
Engine location ignored, only thruster location is used.
Engine orientation ignored, only thruster orientation is used.
Engine location ignored, only thruster location is used.
Engine orientation ignored, only thruster orientation is used.
Engine location ignored, only thruster location is used.
Engine orientation ignored, only thruster orientation is used.
Engine location ignored, only thruster location is used.
Engine orientation ignored, only thruster orientation is used.
Engine location ignored, only thruster location is used.
Engine orientation ignored, only thruster orientation is used.
Engine location ignored, only thruster location is used.
Engine orientation ignored, only thruster orientation is used.
Engine location ignored, only thruster location is used.
Engine orientation ignored, only thruster orientation is used.
Engine location ignored, only thruster location is used.
Engine orientation ignored, only thruster orientation is used.
Engine location ignored, only thruster location is used.
Engine orientation ignored, only thruster orientation is used.
Engine location ignored, only thruster location is used.
Engine orientation ignored, only thruster orientation is used.
Engine location ignored, only thruster location is used.
Engine orientation ignored, only thruster orientation is used.
Engine location ignored, only thruster location is used.
Engine orientation ignored, only thruster orientation is used.
Engine location ignored, only thruster location is used.
Engine orientation ignored, only thruster orientation is used.
Engine location ignored, only thruster location is used.
Engine orientation ignored, only thruster orientation is used.
Engine location ignored, only thruster location is used.
Engine orientation ignored, only thruster orientation is used.
Engine location ignored, only thruster location is used.
Engine orientation ignored, only thruster orientation is used.
Engine location ignored, only thruster location is used.
Engine orientation ignored, only thruster orientation is used.
Engine location ignored, only thruster location is used.
Engine orientation ignored, only thruster orientation is used.
Engine location ignored, only thruster location is used.
Engine orientation ignored, only thruster orientation is used.
⚠ 취약점 D1_Reactive_06/blue 상대개입 t0=12 extend → 챔프 Δ-50.4 health_zero@266s
Engine location ignored, only thruster location is used.
Engine orientation ignored, only thruster orientation is used.
Engine location ignored, only thruster location is used.
Engine orientation ignored, only thruster orientation is used.
Engine location ignored, only thruster location is used.
Engine orientation ignored, only thruster orientation is used.
Engine location ignored, only thruster location is used.
Engine orientation ignored, only thruster orientation is used.
Engine location ignored, only thruster location is used.
Engine orientation ignored, only thruster orientation is used.
Engine location ignored, only thruster location is used.
Engine orientation ignored, only thruster orientation is used.
Engine location ignored, only thruster location is used.
Engine orientation ignored, only thruster orientation is used.
Engine location ignored, only thruster location is used.
Engine orientation ignored, only thruster orientation is used.
Engine location ignored, only thruster location is used.
Engine orientation ignored, only thruster orientation is used.
Engine location ignored, only thruster location is used.
Engine orientation ignored, only thruster orientation is used.
Engine location ignored, only thruster location is used.
Engine orientation ignored, only thruster orientation is used.
Engine location ignored, only thruster location is used.
Engine orientation ignored, only thruster orientation is used.
Engine location ignored, only thruster location is used.
Engine orientation ignored, only thruster orientation is used.
Engine location ignored, only thruster location is used.
Engine orientation ignored, only thruster orientation is used.
Engine location ignored, only thruster location is used.
Engine orientation ignored, only thruster orientation is used.
Engine location ignored, only thruster location is used.
Engine orientation ignored, only thruster orientation is used.
⚠ 취약점 D1_Reactive_06/blue 상대개입 t0=16 break → 챔프 Δ-12.4 health_zero@46s
Engine location ignored, only thruster location is used.
Engine orientation ignored, only thruster orientation is used.
Engine location ignored, only thruster location is used.
Engine orientation ignored, only thruster orientation is used.
⚠ 취약점 D1_Reactive_06/blue 상대개입 t0=16 extend → 챔프 Δ-50.9 health_zero@105s
Engine location ignored, only thruster location is used.
Engine orientation ignored, only thruster orientation is used.
Engine location ignored, only thruster location is used.
Engine orientation ignored, only thruster orientation is used.
⚠ 취약점 D1_Reactive_06/blue 상대개입 t0=16 gun → 챔프 Δ-48.9 health_zero@180s
Engine location ignored, only thruster location is used.
Engine orientation ignored, only thruster orientation is used.
Engine location ignored, only thruster location is used.
Engine orientation ignored, only thruster orientation is used.
Engine location ignored, only thruster location is used.
Engine orientation ignored, only thruster orientation is used.
Engine location ignored, only thruster location is used.
Engine orientation ignored, only thruster orientation is used.
Engine location ignored, only thruster location is used.
Engine orientation ignored, only thruster orientation is used.
Engine location ignored, only thruster location is used.
Engine orientation ignored, only thruster orientation is used.
Engine location ignored, only thruster location is used.
Engine orientation ignored, only thruster orientation is used.
Engine location ignored, only thruster location is used.
Engine orientation ignored, only thruster orientation is used.
Engine location ignored, only thruster location is used.
Engine orientation ignored, only thruster orientation is used.
Engine location ignored, only thruster location is used.
Engine orientation ignored, only thruster orientation is used.
Engine location ignored, only thruster location is used.
Engine orientation ignored, only thruster orientation is used.
Engine location ignored, only thruster location is used.
Engine orientation ignored, only thruster orientation is used.
Engine location ignored, only thruster location is used.
Engine orientation ignored, only thruster orientation is used.
Engine location ignored, only thruster location is used.
Engine orientation ignored, only thruster orientation is used.
Engine location ignored, only thruster location is used.
Engine orientation ignored, only thruster orientation is used.
Engine location ignored, only thruster location is used.
Engine orientation ignored, only thruster orientation is used.
Engine location ignored, only thruster location is used.
Engine orientation ignored, only thruster orientation is used.
Engine location ignored, only thruster location is used.
Engine orientation ignored, only thruster orientation is used.
⚠ 취약점 D1_Reactive_06/blue 상대개입 t0=20 gun → 챔프 Δ-27.8 health_zero@208s
Engine location ignored, only thruster location is used.
Engine orientation ignored, only thruster orientation is used.
Engine location ignored, only thruster location is used.
Engine orientation ignored, only thruster orientation is used.
Engine location ignored, only thruster location is used.
Engine orientation ignored, only thruster orientation is used.
Engine location ignored, only thruster location is used.
Engine orientation ignored, only thruster orientation is used.
Engine location ignored, only thruster location is used.
Engine orientation ignored, only thruster orientation is used.
Engine location ignored, only thruster location is used.
Engine orientation ignored, only thruster orientation is used.
⚠ 취약점 D1_Reactive_06/blue 상대개입 t0=20 level → 챔프 Δ-40.5 health_zero@61s
Engine location ignored, only thruster location is used.
Engine orientation ignored, only thruster orientation is used.
Engine location ignored, only thruster location is used.
Engine orientation ignored, only thruster orientation is used.
Engine location ignored, only thruster location is used.
Engine orientation ignored, only thruster orientation is used.
Engine location ignored, only thruster location is used.
Engine orientation ignored, only thruster orientation is used.
Engine location ignored, only thruster location is used.
Engine orientation ignored, only thruster orientation is used.
Engine location ignored, only thruster location is used.
Engine orientation ignored, only thruster orientation is used.
Engine location ignored, only thruster location is used.
Engine orientation ignored, only thruster orientation is used.
Engine location ignored, only thruster location is used.
Engine orientation ignored, only thruster orientation is used.
Engine location ignored, only thruster location is used.
Engine orientation ignored, only thruster orientation is used.
Engine location ignored, only thruster location is used.
Engine orientation ignored, only thruster orientation is used.
Engine location ignored, only thruster location is used.
Engine orientation ignored, only thruster orientation is used.
Engine location ignored, only thruster location is used.
Engine orientation ignored, only thruster orientation is used.
Engine location ignored, only thruster location is used.
Engine orientation ignored, only thruster orientation is used.
Engine location ignored, only thruster location is used.
Engine orientation ignored, only thruster orientation is used.
Engine location ignored, only thruster location is used.
Engine orientation ignored, only thruster orientation is used.
Engine location ignored, only thruster location is used.
Engine orientation ignored, only thruster orientation is used.
Engine location ignored, only thruster location is used.
Engine orientation ignored, only thruster orientation is used.
Engine location ignored, only thruster location is used.
Engine orientation ignored, only thruster orientation is used.
Engine location ignored, only thruster location is used.
Engine orientation ignored, only thruster orientation is used.
Engine location ignored, only thruster location is used.
Engine orientation ignored, only thruster orientation is used.
Engine location ignored, only thruster location is used.
Engine orientation ignored, only thruster orientation is used.
Engine location ignored, only thruster location is used.
Engine orientation ignored, only thruster orientation is used.
Engine location ignored, only thruster location is used.
Engine orientation ignored, only thruster orientation is used.
Engine location ignored, only thruster location is used.
Engine orientation ignored, only thruster orientation is used.
Engine location ignored, only thruster location is used.
Engine orientation ignored, only thruster orientation is used.
Engine location ignored, only thruster location is used.
Engine orientation ignored, only thruster orientation is used.
Engine location ignored, only thruster location is used.
Engine orientation ignored, only thruster orientation is used.
Engine location ignored, only thruster location is used.
Engine orientation ignored, only thruster orientation is used.
Engine location ignored, only thruster location is used.
Engine orientation ignored, only thruster orientation is used.
Engine location ignored, only thruster location is used.
Engine orientation ignored, only thruster orientation is used.
Engine location ignored, only thruster location is used.
Engine orientation ignored, only thruster orientation is used.
Engine location ignored, only thruster location is used.
Engine orientation ignored, only thruster orientation is used.
Engine location ignored, only thruster location is used.
Engine orientation ignored, only thruster orientation is used.
Engine location ignored, only thruster location is used.
Engine orientation ignored, only thruster orientation is used.
Engine location ignored, only thruster location is used.
Engine orientation ignored, only thruster orientation is used.
Engine location ignored, only thruster location is used.
Engine orientation ignored, only thruster orientation is used.
Engine location ignored, only thruster location is used.
Engine orientation ignored, only thruster orientation is used.
Engine location ignored, only thruster location is used.
Engine orientation ignored, only thruster orientation is used.
Engine location ignored, only thruster location is used.
Engine orientation ignored, only thruster orientation is used.
Engine location ignored, only thruster location is used.
Engine orientation ignored, only thruster orientation is used.
Engine location ignored, only thruster location is used.
Engine orientation ignored, only thruster orientation is used.
Engine location ignored, only thruster location is used.
Engine orientation ignored, only thruster orientation is used.
Engine location ignored, only thruster location is used.
Engine orientation ignored, only thruster orientation is used.
Engine location ignored, only thruster location is used.
Engine orientation ignored, only thruster orientation is used.
Engine location ignored, only thruster location is used.
Engine orientation ignored, only thruster orientation is used.
Engine location ignored, only thruster location is used.
Engine orientation ignored, only thruster orientation is used.
Engine location ignored, only thruster location is used.
Engine orientation ignored, only thruster orientation is used.
Engine location ignored, only thruster location is used.
Engine orientation ignored, only thruster orientation is used.
Engine location ignored, only thruster location is used.
Engine orientation ignored, only thruster orientation is used.
Engine location ignored, only thruster location is used.
Engine orientation ignored, only thruster orientation is used.
Engine location ignored, only thruster location is used.
Engine orientation ignored, only thruster orientation is used.
Engine location ignored, only thruster location is used.
Engine orientation ignored, only thruster orientation is used.
Engine location ignored, only thruster location is used.
Engine orientation ignored, only thruster orientation is used.
Engine location ignored, only thruster location is used.
Engine orientation ignored, only thruster orientation is used.
Engine location ignored, only thruster location is used.
Engine orientation ignored, only thruster orientation is used.
Engine location ignored, only thruster location is used.
Engine orientation ignored, only thruster orientation is used.
Engine location ignored, only thruster location is used.
Engine orientation ignored, only thruster orientation is used.
Engine location ignored, only thruster location is used.
Engine orientation ignored, only thruster orientation is used.
Engine location ignored, only thruster location is used.
Engine orientation ignored, only thruster orientation is used.
Engine location ignored, only thruster location is used.
Engine orientation ignored, only thruster orientation is used.
Engine location ignored, only thruster location is used.
Engine orientation ignored, only thruster orientation is used.
Engine location ignored, only thruster location is used.
Engine orientation ignored, only thruster orientation is used.
Engine location ignored, only thruster location is used.
Engine orientation ignored, only thruster orientation is used.
Engine location ignored, only thruster location is used.
Engine orientation ignored, only thruster orientation is used.
Engine location ignored, only thruster location is used.
Engine orientation ignored, only thruster orientation is used.
Engine location ignored, only thruster location is used.
Engine orientation ignored, only thruster orientation is used.
Engine location ignored, only thruster location is used.
Engine orientation ignored, only thruster orientation is used.
Engine location ignored, only thruster location is used.
Engine orientation ignored, only thruster orientation is used.
Engine location ignored, only thruster location is used.
Engine orientation ignored, only thruster orientation is used.
Engine location ignored, only thruster location is used.
Engine orientation ignored, only thruster orientation is used.
Engine location ignored, only thruster location is used.
Engine orientation ignored, only thruster orientation is used.
Engine location ignored, only thruster location is used.
Engine orientation ignored, only thruster orientation is used.
Engine location ignored, only thruster location is used.
Engine orientation ignored, only thruster orientation is used.
Engine location ignored, only thruster location is used.
Engine orientation ignored, only thruster orientation is used.
◆ D1_Reactive_06/blue 상대개입 72회 중 챔프 패·무 6회
Engine location ignored, only thruster location is used.
Engine orientation ignored, only thruster orientation is used.
Engine location ignored, only thruster location is used.
Engine orientation ignored, only thruster orientation is used.
Engine location ignored, only thruster location is used.
Engine orientation ignored, only thruster orientation is used.
Engine location ignored, only thruster location is used.
Engine orientation ignored, only thruster orientation is used.
Engine location ignored, only thruster location is used.
Engine orientation ignored, only thruster orientation is used.
Engine location ignored, only thruster location is used.
Engine orientation ignored, only thruster orientation is used.
Engine location ignored, only thruster location is used.
Engine orientation ignored, only thruster orientation is used.
Engine location ignored, only thruster location is used.
Engine orientation ignored, only thruster orientation is used.
⚠ 취약점 D3_Scissors_01/blue 상대개입 t0=8 extend → 챔프 Δ-6.3 timeout@300s
Engine location ignored, only thruster location is used.
Engine orientation ignored, only thruster orientation is used.
Engine location ignored, only thruster location is used.
Engine orientation ignored, only thruster orientation is used.
Engine location ignored, only thruster location is used.
Engine orientation ignored, only thruster orientation is used.
Engine location ignored, only thruster location is used.
Engine orientation ignored, only thruster orientation is used.
Engine location ignored, only thruster location is used.
Engine orientation ignored, only thruster orientation is used.
Engine location ignored, only thruster location is used.
Engine orientation ignored, only thruster orientation is used.
Engine location ignored, only thruster location is used.
Engine orientation ignored, only thruster orientation is used.
Engine location ignored, only thruster location is used.
Engine orientation ignored, only thruster orientation is used.
⚠ 취약점 D3_Scissors_01/blue 상대개입 t0=8 level → 챔프 Δ-0.1 health_zero@287s
Engine location ignored, only thruster location is used.
Engine orientation ignored, only thruster orientation is used.
Engine location ignored, only thruster location is used.
Engine orientation ignored, only thruster orientation is used.
Engine location ignored, only thruster location is used.
Engine orientation ignored, only thruster orientation is used.
Engine location ignored, only thruster location is used.
Engine orientation ignored, only thruster orientation is used.
Engine location ignored, only thruster location is used.
Engine orientation ignored, only thruster orientation is used.
Engine location ignored, only thruster location is used.
Engine orientation ignored, only thruster orientation is used.
⚠ 취약점 D3_Scissors_01/blue 상대개입 t0=12 dive → 챔프 Δ+0.0 timeout@300s
Engine location ignored, only thruster location is used.
Engine orientation ignored, only thruster orientation is used.
Engine location ignored, only thruster location is used.
Engine orientation ignored, only thruster orientation is used.
Engine location ignored, only thruster location is used.
Engine orientation ignored, only thruster orientation is used.
Engine location ignored, only thruster location is used.
Engine orientation ignored, only thruster orientation is used.
Engine location ignored, only thruster location is used.
Engine orientation ignored, only thruster orientation is used.
Engine location ignored, only thruster location is used.
Engine orientation ignored, only thruster orientation is used.
⚠ 취약점 D3_Scissors_01/blue 상대개입 t0=12 gun → 챔프 Δ-39.7 health_zero@176s
Engine location ignored, only thruster location is used.
Engine orientation ignored, only thruster orientation is used.
Engine location ignored, only thruster location is used.
Engine orientation ignored, only thruster orientation is used.
Engine location ignored, only thruster location is used.
Engine orientation ignored, only thruster orientation is used.
Engine location ignored, only thruster location is used.
Engine orientation ignored, only thruster orientation is used.
Engine location ignored, only thruster location is used.
Engine orientation ignored, only thruster orientation is used.
Engine location ignored, only thruster location is used.
Engine orientation ignored, only thruster orientation is used.
Engine location ignored, only thruster location is used.
Engine orientation ignored, only thruster orientation is used.
Engine location ignored, only thruster location is used.
Engine orientation ignored, only thruster orientation is used.
⚠ 취약점 D3_Scissors_01/blue 상대개입 t0=12 gun_pure → 챔프 Δ-15.9 health_zero@254s
Engine location ignored, only thruster location is used.
Engine orientation ignored, only thruster orientation is used.
Engine location ignored, only thruster location is used.
Engine orientation ignored, only thruster orientation is used.
Engine location ignored, only thruster location is used.
Engine orientation ignored, only thruster orientation is used.
Engine location ignored, only thruster location is used.
Engine orientation ignored, only thruster orientation is used.
Engine location ignored, only thruster location is used.
Engine orientation ignored, only thruster orientation is used.
Engine location ignored, only thruster location is used.
Engine orientation ignored, only thruster orientation is used.
Engine location ignored, only thruster location is used.
Engine orientation ignored, only thruster orientation is used.
Engine location ignored, only thruster location is used.
Engine orientation ignored, only thruster orientation is used.
⚠ 취약점 D3_Scissors_01/blue 상대개입 t0=16 extend → 챔프 Δ-48.3 health_zero@189s
Engine location ignored, only thruster location is used.
Engine orientation ignored, only thruster orientation is used.
Engine location ignored, only thruster location is used.
Engine orientation ignored, only thruster orientation is used.
Engine location ignored, only thruster location is used.
Engine orientation ignored, only thruster orientation is used.
Engine location ignored, only thruster location is used.
Engine orientation ignored, only thruster orientation is used.
⚠ 취약점 D3_Scissors_01/blue 상대개입 t0=16 lag → 챔프 Δ-13.0 health_zero@279s
Engine location ignored, only thruster location is used.
Engine orientation ignored, only thruster orientation is used.
Engine location ignored, only thruster location is used.
Engine orientation ignored, only thruster orientation is used.
Engine location ignored, only thruster location is used.
Engine orientation ignored, only thruster orientation is used.
Engine location ignored, only thruster location is used.
Engine orientation ignored, only thruster orientation is used.
⚠ 취약점 D3_Scissors_01/blue 상대개입 t0=16 level → 챔프 Δ-40.4 timeout@300s
Engine location ignored, only thruster location is used.
Engine orientation ignored, only thruster orientation is used.
Engine location ignored, only thruster location is used.
Engine orientation ignored, only thruster orientation is used.
Engine location ignored, only thruster location is used.
Engine orientation ignored, only thruster orientation is used.
Engine location ignored, only thruster location is used.
Engine orientation ignored, only thruster orientation is used.
Engine location ignored, only thruster location is used.
Engine orientation ignored, only thruster orientation is used.
Engine location ignored, only thruster location is used.
Engine orientation ignored, only thruster orientation is used.
Engine location ignored, only thruster location is used.
Engine orientation ignored, only thruster orientation is used.
Engine location ignored, only thruster location is used.
Engine orientation ignored, only thruster orientation is used.
Engine location ignored, only thruster location is used.
Engine orientation ignored, only thruster orientation is used.
Engine location ignored, only thruster location is used.
Engine orientation ignored, only thruster orientation is used.
Engine location ignored, only thruster location is used.
Engine orientation ignored, only thruster orientation is used.
Engine location ignored, only thruster location is used.
Engine orientation ignored, only thruster orientation is used.
Engine location ignored, only thruster location is used.
Engine orientation ignored, only thruster orientation is used.
Engine location ignored, only thruster location is used.
Engine orientation ignored, only thruster orientation is used.
Engine location ignored, only thruster location is used.
Engine orientation ignored, only thruster orientation is used.
Engine location ignored, only thruster location is used.
Engine orientation ignored, only thruster orientation is used.
Engine location ignored, only thruster location is used.
Engine orientation ignored, only thruster orientation is used.
Engine location ignored, only thruster location is used.
Engine orientation ignored, only thruster orientation is used.
⚠ 취약점 D3_Scissors_01/blue 상대개입 t0=20 level → 챔프 Δ-32.6 health_zero@61s
Engine location ignored, only thruster location is used.
Engine orientation ignored, only thruster orientation is used.
Engine location ignored, only thruster location is used.
Engine orientation ignored, only thruster orientation is used.
Engine location ignored, only thruster location is used.
Engine orientation ignored, only thruster orientation is used.
Engine location ignored, only thruster location is used.
Engine orientation ignored, only thruster orientation is used.
Engine location ignored, only thruster location is used.
Engine orientation ignored, only thruster orientation is used.
Engine location ignored, only thruster location is used.
Engine orientation ignored, only thruster orientation is used.
Engine location ignored, only thruster location is used.
Engine orientation ignored, only thruster orientation is used.
Engine location ignored, only thruster location is used.
Engine orientation ignored, only thruster orientation is used.
Engine location ignored, only thruster location is used.
Engine orientation ignored, only thruster orientation is used.
Engine location ignored, only thruster location is used.
Engine orientation ignored, only thruster orientation is used.
Engine location ignored, only thruster location is used.
Engine orientation ignored, only thruster orientation is used.
Engine location ignored, only thruster location is used.
Engine orientation ignored, only thruster orientation is used.
Engine location ignored, only thruster location is used.
Engine orientation ignored, only thruster orientation is used.
Engine location ignored, only thruster location is used.
Engine orientation ignored, only thruster orientation is used.
Engine location ignored, only thruster location is used.
Engine orientation ignored, only thruster orientation is used.
Engine location ignored, only thruster location is used.
Engine orientation ignored, only thruster orientation is used.
Engine location ignored, only thruster location is used.
Engine orientation ignored, only thruster orientation is used.
Engine location ignored, only thruster location is used.
Engine orientation ignored, only thruster orientation is used.
Engine location ignored, only thruster location is used.
Engine orientation ignored, only thruster orientation is used.
Engine location ignored, only thruster location is used.
Engine orientation ignored, only thruster orientation is used.
Engine location ignored, only thruster location is used.
Engine orientation ignored, only thruster orientation is used.
Engine location ignored, only thruster location is used.
Engine orientation ignored, only thruster orientation is used.
Engine location ignored, only thruster location is used.
Engine orientation ignored, only thruster orientation is used.
Engine location ignored, only thruster location is used.
Engine orientation ignored, only thruster orientation is used.
Engine location ignored, only thruster location is used.
Engine orientation ignored, only thruster orientation is used.
Engine location ignored, only thruster location is used.
Engine orientation ignored, only thruster orientation is used.
Engine location ignored, only thruster location is used.
Engine orientation ignored, only thruster orientation is used.
Engine location ignored, only thruster location is used.
Engine orientation ignored, only thruster orientation is used.
Engine location ignored, only thruster location is used.
Engine orientation ignored, only thruster orientation is used.
Engine location ignored, only thruster location is used.
Engine orientation ignored, only thruster orientation is used.
Engine location ignored, only thruster location is used.
Engine orientation ignored, only thruster orientation is used.
Engine location ignored, only thruster location is used.
Engine orientation ignored, only thruster orientation is used.
Engine location ignored, only thruster location is used.
Engine orientation ignored, only thruster orientation is used.
Engine location ignored, only thruster location is used.
Engine orientation ignored, only thruster orientation is used.
Engine location ignored, only thruster location is used.
Engine orientation ignored, only thruster orientation is used.
Engine location ignored, only thruster location is used.
Engine orientation ignored, only thruster orientation is used.
Engine location ignored, only thruster location is used.
Engine orientation ignored, only thruster orientation is used.
Engine location ignored, only thruster location is used.
Engine orientation ignored, only thruster orientation is used.
Engine location ignored, only thruster location is used.
Engine orientation ignored, only thruster orientation is used.
Engine location ignored, only thruster location is used.
Engine orientation ignored, only thruster orientation is used.
Engine location ignored, only thruster location is used.
Engine orientation ignored, only thruster orientation is used.
Engine location ignored, only thruster location is used.
Engine orientation ignored, only thruster orientation is used.
Engine location ignored, only thruster location is used.
Engine orientation ignored, only thruster orientation is used.
Engine location ignored, only thruster location is used.
Engine orientation ignored, only thruster orientation is used.
Engine location ignored, only thruster location is used.
Engine orientation ignored, only thruster orientation is used.
Engine location ignored, only thruster location is used.
Engine orientation ignored, only thruster orientation is used.
Engine location ignored, only thruster location is used.
Engine orientation ignored, only thruster orientation is used.
Engine location ignored, only thruster location is used.
Engine orientation ignored, only thruster orientation is used.
Engine location ignored, only thruster location is used.
Engine orientation ignored, only thruster orientation is used.
Engine location ignored, only thruster location is used.
Engine orientation ignored, only thruster orientation is used.
Engine location ignored, only thruster location is used.
Engine orientation ignored, only thruster orientation is used.
Engine location ignored, only thruster location is used.
Engine orientation ignored, only thruster orientation is used.
Engine location ignored, only thruster location is used.
Engine orientation ignored, only thruster orientation is used.
Engine location ignored, only thruster location is used.
Engine orientation ignored, only thruster orientation is used.
Engine location ignored, only thruster location is used.
Engine orientation ignored, only thruster orientation is used.
Engine location ignored, only thruster location is used.
Engine orientation ignored, only thruster orientation is used.
Engine location ignored, only thruster location is used.
Engine orientation ignored, only thruster orientation is used.
Engine location ignored, only thruster location is used.
Engine orientation ignored, only thruster orientation is used.
Engine location ignored, only thruster location is used.
Engine orientation ignored, only thruster orientation is used.
Engine location ignored, only thruster location is used.
Engine orientation ignored, only thruster orientation is used.
Engine location ignored, only thruster location is used.
Engine orientation ignored, only thruster orientation is used.
Engine location ignored, only thruster location is used.
Engine orientation ignored, only thruster orientation is used.
Engine location ignored, only thruster location is used.
Engine orientation ignored, only thruster orientation is used.
Engine location ignored, only thruster location is used.
Engine orientation ignored, only thruster orientation is used.
Engine location ignored, only thruster location is used.
Engine orientation ignored, only thruster orientation is used.
Engine location ignored, only thruster location is used.
Engine orientation ignored, only thruster orientation is used.
Engine location ignored, only thruster location is used.
Engine orientation ignored, only thruster orientation is used.
Engine location ignored, only thruster location is used.
Engine orientation ignored, only thruster orientation is used.
Engine location ignored, only thruster location is used.
Engine orientation ignored, only thruster orientation is used.
Engine location ignored, only thruster location is used.
Engine orientation ignored, only thruster orientation is used.
Engine location ignored, only thruster location is used.
Engine orientation ignored, only thruster orientation is used.
Engine location ignored, only thruster location is used.
Engine orientation ignored, only thruster orientation is used.
Engine location ignored, only thruster location is used.
Engine orientation ignored, only thruster orientation is used.
Engine location ignored, only thruster location is used.
Engine orientation ignored, only thruster orientation is used.
◆ D3_Scissors_01/blue 상대개입 72회 중 챔프 패·무 9회
Engine location ignored, only thruster location is used.
Engine orientation ignored, only thruster orientation is used.
Engine location ignored, only thruster location is used.
Engine orientation ignored, only thruster orientation is used.
Engine location ignored, only thruster location is used.
Engine orientation ignored, only thruster orientation is used.
Engine location ignored, only thruster location is used.
Engine orientation ignored, only thruster orientation is used.
⚠ 취약점 E2_Passive_01/blue 상대개입 t0=8 dive → 챔프 Δ-34.5 health_zero@35s
Engine location ignored, only thruster location is used.
Engine orientation ignored, only thruster orientation is used.
Engine location ignored, only thruster location is used.
Engine orientation ignored, only thruster orientation is used.
Engine location ignored, only thruster location is used.
Engine orientation ignored, only thruster orientation is used.
Engine location ignored, only thruster location is used.
Engine orientation ignored, only thruster orientation is used.
Engine location ignored, only thruster location is used.
Engine orientation ignored, only thruster orientation is used.
Engine location ignored, only thruster location is used.
Engine orientation ignored, only thruster orientation is used.
Engine location ignored, only thruster location is used.
Engine orientation ignored, only thruster orientation is used.
Engine location ignored, only thruster location is used.
Engine orientation ignored, only thruster orientation is used.
Engine location ignored, only thruster location is used.
Engine orientation ignored, only thruster orientation is used.
Engine location ignored, only thruster location is used.
Engine orientation ignored, only thruster orientation is used.
Engine location ignored, only thruster location is used.
Engine orientation ignored, only thruster orientation is used.
Engine location ignored, only thruster location is used.
Engine orientation ignored, only thruster orientation is used.
Engine location ignored, only thruster location is used.
Engine orientation ignored, only thruster orientation is used.
Engine location ignored, only thruster location is used.
Engine orientation ignored, only thruster orientation is used.
Engine location ignored, only thruster location is used.
Engine orientation ignored, only thruster orientation is used.
Engine location ignored, only thruster location is used.
Engine orientation ignored, only thruster orientation is used.
Engine location ignored, only thruster location is used.
Engine orientation ignored, only thruster orientation is used.
Engine location ignored, only thruster location is used.
Engine orientation ignored, only thruster orientation is used.
Engine location ignored, only thruster location is used.
Engine orientation ignored, only thruster orientation is used.
Engine location ignored, only thruster location is used.
Engine orientation ignored, only thruster orientation is used.
⚠ 취약점 E2_Passive_01/blue 상대개입 t0=12 break → 챔프 Δ-28.8 health_zero@40s
Engine location ignored, only thruster location is used.
Engine orientation ignored, only thruster orientation is used.
Engine location ignored, only thruster location is used.
Engine orientation ignored, only thruster orientation is used.
Engine location ignored, only thruster location is used.
Engine orientation ignored, only thruster orientation is used.
Engine location ignored, only thruster location is used.
Engine orientation ignored, only thruster orientation is used.
Engine location ignored, only thruster location is used.
Engine orientation ignored, only thruster orientation is used.
Engine location ignored, only thruster location is used.
Engine orientation ignored, only thruster orientation is used.
⚠ 취약점 E2_Passive_01/blue 상대개입 t0=12 lag → 챔프 Δ-7.4 health_zero@35s
Engine location ignored, only thruster location is used.
Engine orientation ignored, only thruster orientation is used.
Engine location ignored, only thruster location is used.
Engine orientation ignored, only thruster orientation is used.
Engine location ignored, only thruster location is used.
Engine orientation ignored, only thruster orientation is used.
Engine location ignored, only thruster location is used.
Engine orientation ignored, only thruster orientation is used.
⚠ 취약점 E2_Passive_01/blue 상대개입 t0=12 level → 챔프 Δ-32.4 health_zero@40s
Engine location ignored, only thruster location is used.
Engine orientation ignored, only thruster orientation is used.
Engine location ignored, only thruster location is used.
Engine orientation ignored, only thruster orientation is used.
Engine location ignored, only thruster location is used.
Engine orientation ignored, only thruster orientation is used.
Engine location ignored, only thruster location is used.
Engine orientation ignored, only thruster orientation is used.
Engine location ignored, only thruster location is used.
Engine orientation ignored, only thruster orientation is used.
Engine location ignored, only thruster location is used.
Engine orientation ignored, only thruster orientation is used.
Engine location ignored, only thruster location is used.
Engine orientation ignored, only thruster orientation is used.
Engine location ignored, only thruster location is used.
Engine orientation ignored, only thruster orientation is used.
Engine location ignored, only thruster location is used.
Engine orientation ignored, only thruster orientation is used.
Engine location ignored, only thruster location is used.
Engine orientation ignored, only thruster orientation is used.
Engine location ignored, only thruster location is used.
Engine orientation ignored, only thruster orientation is used.
Engine location ignored, only thruster location is used.
Engine orientation ignored, only thruster orientation is used.
⚠ 취약점 E2_Passive_01/blue 상대개입 t0=16 gun → 챔프 Δ-18.4 health_zero@36s
Engine location ignored, only thruster location is used.
Engine orientation ignored, only thruster orientation is used.
Engine location ignored, only thruster location is used.
Engine orientation ignored, only thruster orientation is used.
⚠ 취약점 E2_Passive_01/blue 상대개입 t0=16 lag → 챔프 Δ-7.7 health_zero@34s
Engine location ignored, only thruster location is used.
Engine orientation ignored, only thruster orientation is used.
Engine location ignored, only thruster location is used.
Engine orientation ignored, only thruster orientation is used.
Engine location ignored, only thruster location is used.
Engine orientation ignored, only thruster orientation is used.
Engine location ignored, only thruster location is used.
Engine orientation ignored, only thruster orientation is used.
Engine location ignored, only thruster location is used.
Engine orientation ignored, only thruster orientation is used.
Engine location ignored, only thruster location is used.
Engine orientation ignored, only thruster orientation is used.
⚠ 취약점 E2_Passive_01/blue 상대개입 t0=16 gun_pure → 챔프 Δ-22.1 health_zero@37s
Engine location ignored, only thruster location is used.
Engine orientation ignored, only thruster orientation is used.
Engine location ignored, only thruster location is used.
Engine orientation ignored, only thruster orientation is used.
⚠ 취약점 E2_Passive_01/blue 상대개입 t0=20 climb → 챔프 Δ-9.4 health_zero@37s
Engine location ignored, only thruster location is used.
Engine orientation ignored, only thruster orientation is used.
Engine location ignored, only thruster location is used.
Engine orientation ignored, only thruster orientation is used.
⚠ 취약점 E2_Passive_01/blue 상대개입 t0=20 dive → 챔프 Δ-10.4 health_zero@32s
Engine location ignored, only thruster location is used.
Engine orientation ignored, only thruster orientation is used.
Engine location ignored, only thruster location is used.
Engine orientation ignored, only thruster orientation is used.
Engine location ignored, only thruster location is used.
Engine orientation ignored, only thruster orientation is used.
Engine location ignored, only thruster location is used.
Engine orientation ignored, only thruster orientation is used.
Engine location ignored, only thruster location is used.
Engine orientation ignored, only thruster orientation is used.
Engine location ignored, only thruster location is used.
Engine orientation ignored, only thruster orientation is used.
⚠ 취약점 E2_Passive_01/blue 상대개입 t0=20 gun → 챔프 Δ-9.9 health_zero@40s
Engine location ignored, only thruster location is used.
Engine orientation ignored, only thruster orientation is used.
Engine location ignored, only thruster location is used.
Engine orientation ignored, only thruster orientation is used.
Engine location ignored, only thruster location is used.
Engine orientation ignored, only thruster orientation is used.
Engine location ignored, only thruster location is used.
Engine orientation ignored, only thruster orientation is used.
⚠ 취약점 E2_Passive_01/blue 상대개입 t0=20 two_circle → 챔프 Δ-4.2 health_zero@43s
Engine location ignored, only thruster location is used.
Engine orientation ignored, only thruster orientation is used.
Engine location ignored, only thruster location is used.
Engine orientation ignored, only thruster orientation is used.
⚠ 취약점 E2_Passive_01/blue 상대개입 t0=20 level → 챔프 Δ-6.2 health_zero@39s
Engine location ignored, only thruster location is used.
Engine orientation ignored, only thruster orientation is used.
Engine location ignored, only thruster location is used.
Engine orientation ignored, only thruster orientation is used.
Engine location ignored, only thruster location is used.
Engine orientation ignored, only thruster orientation is used.
Engine location ignored, only thruster location is used.
Engine orientation ignored, only thruster orientation is used.
Engine location ignored, only thruster location is used.
Engine orientation ignored, only thruster orientation is used.
Engine location ignored, only thruster location is used.
Engine orientation ignored, only thruster orientation is used.
⚠ 취약점 E2_Passive_01/blue 상대개입 t0=24 dive → 챔프 Δ-1.4 health_zero@36s
Engine location ignored, only thruster location is used.
Engine orientation ignored, only thruster orientation is used.
Engine location ignored, only thruster location is used.
Engine orientation ignored, only thruster orientation is used.
Engine location ignored, only thruster location is used.
Engine orientation ignored, only thruster orientation is used.
Engine location ignored, only thruster location is used.
Engine orientation ignored, only thruster orientation is used.
Engine location ignored, only thruster location is used.
Engine orientation ignored, only thruster orientation is used.
Engine location ignored, only thruster location is used.
Engine orientation ignored, only thruster orientation is used.
Engine location ignored, only thruster location is used.
Engine orientation ignored, only thruster orientation is used.
Engine location ignored, only thruster location is used.
Engine orientation ignored, only thruster orientation is used.
Engine location ignored, only thruster location is used.
Engine orientation ignored, only thruster orientation is used.
Engine location ignored, only thruster location is used.
Engine orientation ignored, only thruster orientation is used.
Engine location ignored, only thruster location is used.
Engine orientation ignored, only thruster orientation is used.
Engine location ignored, only thruster location is used.
Engine orientation ignored, only thruster orientation is used.
Engine location ignored, only thruster location is used.
Engine orientation ignored, only thruster orientation is used.
Engine location ignored, only thruster location is used.
Engine orientation ignored, only thruster orientation is used.
Engine location ignored, only thruster location is used.
Engine orientation ignored, only thruster orientation is used.
Engine location ignored, only thruster location is used.
Engine orientation ignored, only thruster orientation is used.
Engine location ignored, only thruster location is used.
Engine orientation ignored, only thruster orientation is used.
Engine location ignored, only thruster location is used.
Engine orientation ignored, only thruster orientation is used.
Engine location ignored, only thruster location is used.
Engine orientation ignored, only thruster orientation is used.
Engine location ignored, only thruster location is used.
Engine orientation ignored, only thruster orientation is used.
Engine location ignored, only thruster location is used.
Engine orientation ignored, only thruster orientation is used.
Engine location ignored, only thruster location is used.
Engine orientation ignored, only thruster orientation is used.
Engine location ignored, only thruster location is used.
Engine orientation ignored, only thruster orientation is used.
Engine location ignored, only thruster location is used.
Engine orientation ignored, only thruster orientation is used.
Engine location ignored, only thruster location is used.
Engine orientation ignored, only thruster orientation is used.
Engine location ignored, only thruster location is used.
Engine orientation ignored, only thruster orientation is used.
Engine location ignored, only thruster location is used.
Engine orientation ignored, only thruster orientation is used.
Engine location ignored, only thruster location is used.
Engine orientation ignored, only thruster orientation is used.
Engine location ignored, only thruster location is used.
Engine orientation ignored, only thruster orientation is used.
Engine location ignored, only thruster location is used.
Engine orientation ignored, only thruster orientation is used.
Engine location ignored, only thruster location is used.
Engine orientation ignored, only thruster orientation is used.
Engine location ignored, only thruster location is used.
Engine orientation ignored, only thruster orientation is used.
Engine location ignored, only thruster location is used.
Engine orientation ignored, only thruster orientation is used.
Engine location ignored, only thruster location is used.
Engine orientation ignored, only thruster orientation is used.
Engine location ignored, only thruster location is used.
Engine orientation ignored, only thruster orientation is used.
Engine location ignored, only thruster location is used.
Engine orientation ignored, only thruster orientation is used.
Engine location ignored, only thruster location is used.
Engine orientation ignored, only thruster orientation is used.
Engine location ignored, only thruster location is used.
Engine orientation ignored, only thruster orientation is used.
Engine location ignored, only thruster location is used.
Engine orientation ignored, only thruster orientation is used.
Engine location ignored, only thruster location is used.
Engine orientation ignored, only thruster orientation is used.
Engine location ignored, only thruster location is used.
Engine orientation ignored, only thruster orientation is used.
Engine location ignored, only thruster location is used.
Engine orientation ignored, only thruster orientation is used.
Engine location ignored, only thruster location is used.
Engine orientation ignored, only thruster orientation is used.
Engine location ignored, only thruster location is used.
Engine orientation ignored, only thruster orientation is used.
Engine location ignored, only thruster location is used.
Engine orientation ignored, only thruster orientation is used.
Engine location ignored, only thruster location is used.
Engine orientation ignored, only thruster orientation is used.
Engine location ignored, only thruster location is used.
Engine orientation ignored, only thruster orientation is used.
Engine location ignored, only thruster location is used.
Engine orientation ignored, only thruster orientation is used.
Engine location ignored, only thruster location is used.
Engine orientation ignored, only thruster orientation is used.
Engine location ignored, only thruster location is used.
Engine orientation ignored, only thruster orientation is used.
Engine location ignored, only thruster location is used.
Engine orientation ignored, only thruster orientation is used.
Engine location ignored, only thruster location is used.
Engine orientation ignored, only thruster orientation is used.
Engine location ignored, only thruster location is used.
Engine orientation ignored, only thruster orientation is used.
Engine location ignored, only thruster location is used.
Engine orientation ignored, only thruster orientation is used.
Engine location ignored, only thruster location is used.
Engine orientation ignored, only thruster orientation is used.
Engine location ignored, only thruster location is used.
Engine orientation ignored, only thruster orientation is used.
Engine location ignored, only thruster location is used.
Engine orientation ignored, only thruster orientation is used.
Engine location ignored, only thruster location is used.
Engine orientation ignored, only thruster orientation is used.
Engine location ignored, only thruster location is used.
Engine orientation ignored, only thruster orientation is used.
Engine location ignored, only thruster location is used.
Engine orientation ignored, only thruster orientation is used.
Engine location ignored, only thruster location is used.
Engine orientation ignored, only thruster orientation is used.
Engine location ignored, only thruster location is used.
Engine orientation ignored, only thruster orientation is used.
Engine location ignored, only thruster location is used.
Engine orientation ignored, only thruster orientation is used.
Engine location ignored, only thruster location is used.
Engine orientation ignored, only thruster orientation is used.
Engine location ignored, only thruster location is used.
Engine orientation ignored, only thruster orientation is used.
Engine location ignored, only thruster location is used.
Engine orientation ignored, only thruster orientation is used.
Engine location ignored, only thruster location is used.
Engine orientation ignored, only thruster orientation is used.
Engine location ignored, only thruster location is used.
Engine orientation ignored, only thruster orientation is used.
◆ E2_Passive_01/blue 상대개입 72회 중 챔프 패·무 13회
저장: C:\Users\USER\Desktop\AI-pilot\core2\port_measure\loop25_red\red_finalv3_0of4.csv
