

     JSBSim Flight Dynamics Model v1.3.0 [GitHub build 1742/commit 01ea7816288dce9e9f6a1a6dc048014bc65d699e] Apr  9 2026 10:02:36
            [JSBSim-ML v2.0]

JSBSim startup beginning ...

Engine location ignored, only thruster location is used.
Engine orientation ignored, only thruster orientation is used.
Engine location ignored, only thruster location is used.
Engine orientation ignored, only thruster orientation is used.
Engine location ignored, only thruster location is used.
Engine orientation ignored, only thruster orientation is used.
Engine location ignored, only thruster location is used.
Engine orientation ignored, only thruster orientation is used.
Engine location ignored, only thruster location is used.
Engine orientation ignored, only thruster orientation is used.
Engine location ignored, only thruster location is used.
Engine orientation ignored, only thruster orientation is used.
Engine location ignored, only thruster location is used.
Engine orientation ignored, only thruster orientation is used.
Engine location ignored, only thruster location is used.
Engine orientation ignored, only thruster orientation is used.
⚠ 취약점 anchor_aggressive/red 상대개입 t0=8 extend → 챔프 Δ+0.0 health_zero@91s
Engine location ignored, only thruster location is used.
Engine orientation ignored, only thruster orientation is used.
Engine location ignored, only thruster location is used.
Engine orientation ignored, only thruster orientation is used.
Engine location ignored, only thruster location is used.
Engine orientation ignored, only thruster orientation is used.
Engine location ignored, only thruster location is used.
Engine orientation ignored, only thruster orientation is used.
Engine location ignored, only thruster location is used.
Engine orientation ignored, only thruster orientation is used.
Engine location ignored, only thruster location is used.
Engine orientation ignored, only thruster orientation is used.
Engine location ignored, only thruster location is used.
Engine orientation ignored, only thruster orientation is used.
Engine location ignored, only thruster location is used.
Engine orientation ignored, only thruster orientation is used.
Engine location ignored, only thruster location is used.
Engine orientation ignored, only thruster orientation is used.
Engine location ignored, only thruster location is used.
Engine orientation ignored, only thruster orientation is used.
Engine location ignored, only thruster location is used.
Engine orientation ignored, only thruster orientation is used.
Engine location ignored, only thruster location is used.
Engine orientation ignored, only thruster orientation is used.
Engine location ignored, only thruster location is used.
Engine orientation ignored, only thruster orientation is used.
Engine location ignored, only thruster location is used.
Engine orientation ignored, only thruster orientation is used.
Engine location ignored, only thruster location is used.
Engine orientation ignored, only thruster orientation is used.
Engine location ignored, only thruster location is used.
Engine orientation ignored, only thruster orientation is used.
Engine location ignored, only thruster location is used.
Engine orientation ignored, only thruster orientation is used.
Engine location ignored, only thruster location is used.
Engine orientation ignored, only thruster orientation is used.
Engine location ignored, only thruster location is used.
Engine orientation ignored, only thruster orientation is used.
Engine location ignored, only thruster location is used.
Engine orientation ignored, only thruster orientation is used.
Engine location ignored, only thruster location is used.
Engine orientation ignored, only thruster orientation is used.
Engine location ignored, only thruster location is used.
Engine orientation ignored, only thruster orientation is used.
Engine location ignored, only thruster location is used.
Engine orientation ignored, only thruster orientation is used.
Engine location ignored, only thruster location is used.
Engine orientation ignored, only thruster orientation is used.
Engine location ignored, only thruster location is used.
Engine orientation ignored, only thruster orientation is used.
Engine location ignored, only thruster location is used.
Engine orientation ignored, only thruster orientation is used.
Engine location ignored, only thruster location is used.
Engine orientation ignored, only thruster orientation is used.
Engine location ignored, only thruster location is used.
Engine orientation ignored, only thruster orientation is used.
Engine location ignored, only thruster location is used.
Engine orientation ignored, only thruster orientation is used.
Engine location ignored, only thruster location is used.
Engine orientation ignored, only thruster orientation is used.
Engine location ignored, only thruster location is used.
Engine orientation ignored, only thruster orientation is used.
Engine location ignored, only thruster location is used.
Engine orientation ignored, only thruster orientation is used.
Engine location ignored, only thruster location is used.
Engine orientation ignored, only thruster orientation is used.
Engine location ignored, only thruster location is used.
Engine orientation ignored, only thruster orientation is used.
Engine location ignored, only thruster location is used.
Engine orientation ignored, only thruster orientation is used.
Engine location ignored, only thruster location is used.
Engine orientation ignored, only thruster orientation is used.
Engine location ignored, only thruster location is used.
Engine orientation ignored, only thruster orientation is used.
Engine location ignored, only thruster location is used.
Engine orientation ignored, only thruster orientation is used.
⚠ 취약점 anchor_aggressive/red 상대개입 t0=16 gun → 챔프 Δ-3.9 health_zero@37s
Engine location ignored, only thruster location is used.
Engine orientation ignored, only thruster orientation is used.
Engine location ignored, only thruster location is used.
Engine orientation ignored, only thruster orientation is used.
⚠ 취약점 anchor_aggressive/red 상대개입 t0=16 lag → 챔프 Δ-0.4 health_zero@34s
Engine location ignored, only thruster location is used.
Engine orientation ignored, only thruster orientation is used.
Engine location ignored, only thruster location is used.
Engine orientation ignored, only thruster orientation is used.
Engine location ignored, only thruster location is used.
Engine orientation ignored, only thruster orientation is used.
Engine location ignored, only thruster location is used.
Engine orientation ignored, only thruster orientation is used.
Engine location ignored, only thruster location is used.
Engine orientation ignored, only thruster orientation is used.
Engine location ignored, only thruster location is used.
Engine orientation ignored, only thruster orientation is used.
⚠ 취약점 anchor_aggressive/red 상대개입 t0=16 gun_pure → 챔프 Δ-4.1 health_zero@38s
Engine location ignored, only thruster location is used.
Engine orientation ignored, only thruster orientation is used.
Engine location ignored, only thruster location is used.
Engine orientation ignored, only thruster orientation is used.
Engine location ignored, only thruster location is used.
Engine orientation ignored, only thruster orientation is used.
Engine location ignored, only thruster location is used.
Engine orientation ignored, only thruster orientation is used.
Engine location ignored, only thruster location is used.
Engine orientation ignored, only thruster orientation is used.
Engine location ignored, only thruster location is used.
Engine orientation ignored, only thruster orientation is used.
Engine location ignored, only thruster location is used.
Engine orientation ignored, only thruster orientation is used.
Engine location ignored, only thruster location is used.
Engine orientation ignored, only thruster orientation is used.
Engine location ignored, only thruster location is used.
Engine orientation ignored, only thruster orientation is used.
Engine location ignored, only thruster location is used.
Engine orientation ignored, only thruster orientation is used.
Engine location ignored, only thruster location is used.
Engine orientation ignored, only thruster orientation is used.
Engine location ignored, only thruster location is used.
Engine orientation ignored, only thruster orientation is used.
Engine location ignored, only thruster location is used.
Engine orientation ignored, only thruster orientation is used.
Engine location ignored, only thruster location is used.
Engine orientation ignored, only thruster orientation is used.
Engine location ignored, only thruster location is used.
Engine orientation ignored, only thruster orientation is used.
Engine location ignored, only thruster location is used.
Engine orientation ignored, only thruster orientation is used.
Engine location ignored, only thruster location is used.
Engine orientation ignored, only thruster orientation is used.
Engine location ignored, only thruster location is used.
Engine orientation ignored, only thruster orientation is used.
Engine location ignored, only thruster location is used.
Engine orientation ignored, only thruster orientation is used.
Engine location ignored, only thruster location is used.
Engine orientation ignored, only thruster orientation is used.
Engine location ignored, only thruster location is used.
Engine orientation ignored, only thruster orientation is used.
Engine location ignored, only thruster location is used.
Engine orientation ignored, only thruster orientation is used.
Engine location ignored, only thruster location is used.
Engine orientation ignored, only thruster orientation is used.
Engine location ignored, only thruster location is used.
Engine orientation ignored, only thruster orientation is used.
Engine location ignored, only thruster location is used.
Engine orientation ignored, only thruster orientation is used.
Engine location ignored, only thruster location is used.
Engine orientation ignored, only thruster orientation is used.
Engine location ignored, only thruster location is used.
Engine orientation ignored, only thruster orientation is used.
Engine location ignored, only thruster location is used.
Engine orientation ignored, only thruster orientation is used.
Engine location ignored, only thruster location is used.
Engine orientation ignored, only thruster orientation is used.
Engine location ignored, only thruster location is used.
Engine orientation ignored, only thruster orientation is used.
Engine location ignored, only thruster location is used.
Engine orientation ignored, only thruster orientation is used.
Engine location ignored, only thruster location is used.
Engine orientation ignored, only thruster orientation is used.
Engine location ignored, only thruster location is used.
Engine orientation ignored, only thruster orientation is used.
Engine location ignored, only thruster location is used.
Engine orientation ignored, only thruster orientation is used.
Engine location ignored, only thruster location is used.
Engine orientation ignored, only thruster orientation is used.
Engine location ignored, only thruster location is used.
Engine orientation ignored, only thruster orientation is used.
Engine location ignored, only thruster location is used.
Engine orientation ignored, only thruster orientation is used.
Engine location ignored, only thruster location is used.
Engine orientation ignored, only thruster orientation is used.
Engine location ignored, only thruster location is used.
Engine orientation ignored, only thruster orientation is used.
Engine location ignored, only thruster location is used.
Engine orientation ignored, only thruster orientation is used.
Engine location ignored, only thruster location is used.
Engine orientation ignored, only thruster orientation is used.
Engine location ignored, only thruster location is used.
Engine orientation ignored, only thruster orientation is used.
Engine location ignored, only thruster location is used.
Engine orientation ignored, only thruster orientation is used.
Engine location ignored, only thruster location is used.
Engine orientation ignored, only thruster orientation is used.
Engine location ignored, only thruster location is used.
Engine orientation ignored, only thruster orientation is used.
Engine location ignored, only thruster location is used.
Engine orientation ignored, only thruster orientation is used.
Engine location ignored, only thruster location is used.
Engine orientation ignored, only thruster orientation is used.
Engine location ignored, only thruster location is used.
Engine orientation ignored, only thruster orientation is used.
Engine location ignored, only thruster location is used.
Engine orientation ignored, only thruster orientation is used.
Engine location ignored, only thruster location is used.
Engine orientation ignored, only thruster orientation is used.
Engine location ignored, only thruster location is used.
Engine orientation ignored, only thruster orientation is used.
Engine location ignored, only thruster location is used.
Engine orientation ignored, only thruster orientation is used.
Engine location ignored, only thruster location is used.
Engine orientation ignored, only thruster orientation is used.
Engine location ignored, only thruster location is used.
Engine orientation ignored, only thruster orientation is used.
Engine location ignored, only thruster location is used.
Engine orientation ignored, only thruster orientation is used.
Engine location ignored, only thruster location is used.
Engine orientation ignored, only thruster orientation is used.
Engine location ignored, only thruster location is used.
Engine orientation ignored, only thruster orientation is used.
Engine location ignored, only thruster location is used.
Engine orientation ignored, only thruster orientation is used.
Engine location ignored, only thruster location is used.
Engine orientation ignored, only thruster orientation is used.
Engine location ignored, only thruster location is used.
Engine orientation ignored, only thruster orientation is used.
Engine location ignored, only thruster location is used.
Engine orientation ignored, only thruster orientation is used.
Engine location ignored, only thruster location is used.
Engine orientation ignored, only thruster orientation is used.
Engine location ignored, only thruster location is used.
Engine orientation ignored, only thruster orientation is used.
Engine location ignored, only thruster location is used.
Engine orientation ignored, only thruster orientation is used.
Engine location ignored, only thruster location is used.
Engine orientation ignored, only thruster orientation is used.
Engine location ignored, only thruster location is used.
Engine orientation ignored, only thruster orientation is used.
Engine location ignored, only thruster location is used.
Engine orientation ignored, only thruster orientation is used.
Engine location ignored, only thruster location is used.
Engine orientation ignored, only thruster orientation is used.
Engine location ignored, only thruster location is used.
Engine orientation ignored, only thruster orientation is used.
Engine location ignored, only thruster location is used.
Engine orientation ignored, only thruster orientation is used.
Engine location ignored, only thruster location is used.
Engine orientation ignored, only thruster orientation is used.
Engine location ignored, only thruster location is used.
Engine orientation ignored, only thruster orientation is used.
Engine location ignored, only thruster location is used.
Engine orientation ignored, only thruster orientation is used.
Engine location ignored, only thruster location is used.
Engine orientation ignored, only thruster orientation is used.
Engine location ignored, only thruster location is used.
Engine orientation ignored, only thruster orientation is used.
Engine location ignored, only thruster location is used.
Engine orientation ignored, only thruster orientation is used.
Engine location ignored, only thruster location is used.
Engine orientation ignored, only thruster orientation is used.
Engine location ignored, only thruster location is used.
Engine orientation ignored, only thruster orientation is used.
Engine location ignored, only thruster location is used.
Engine orientation ignored, only thruster orientation is used.
Engine location ignored, only thruster location is used.
Engine orientation ignored, only thruster orientation is used.
Engine location ignored, only thruster location is used.
Engine orientation ignored, only thruster orientation is used.
Engine location ignored, only thruster location is used.
Engine orientation ignored, only thruster orientation is used.
Engine location ignored, only thruster location is used.
Engine orientation ignored, only thruster orientation is used.
Engine location ignored, only thruster location is used.
Engine orientation ignored, only thruster orientation is used.
Engine location ignored, only thruster location is used.
Engine orientation ignored, only thruster orientation is used.
Engine location ignored, only thruster location is used.
Engine orientation ignored, only thruster orientation is used.
Engine location ignored, only thruster location is used.
Engine orientation ignored, only thruster orientation is used.
Engine location ignored, only thruster location is used.
Engine orientation ignored, only thruster orientation is used.
Engine location ignored, only thruster location is used.
Engine orientation ignored, only thruster orientation is used.
Engine location ignored, only thruster location is used.
Engine orientation ignored, only thruster orientation is used.
◆ anchor_aggressive/red 상대개입 72회 중 챔프 패·무 4회
Engine location ignored, only thruster location is used.
Engine orientation ignored, only thruster orientation is used.
Engine location ignored, only thruster location is used.
Engine orientation ignored, only thruster orientation is used.
Engine location ignored, only thruster location is used.
Engine orientation ignored, only thruster orientation is used.
Engine location ignored, only thruster location is used.
Engine orientation ignored, only thruster orientation is used.
⚠ 취약점 anchor_ace/red 상대개입 t0=8 dive → 챔프 Δ-6.2 health_zero@35s
Engine location ignored, only thruster location is used.
Engine orientation ignored, only thruster orientation is used.
Engine location ignored, only thruster location is used.
Engine orientation ignored, only thruster orientation is used.
Engine location ignored, only thruster location is used.
Engine orientation ignored, only thruster orientation is used.
Engine location ignored, only thruster location is used.
Engine orientation ignored, only thruster orientation is used.
Engine location ignored, only thruster location is used.
Engine orientation ignored, only thruster orientation is used.
Engine location ignored, only thruster location is used.
Engine orientation ignored, only thruster orientation is used.
Engine location ignored, only thruster location is used.
Engine orientation ignored, only thruster orientation is used.
Engine location ignored, only thruster location is used.
Engine orientation ignored, only thruster orientation is used.
Engine location ignored, only thruster location is used.
Engine orientation ignored, only thruster orientation is used.
Engine location ignored, only thruster location is used.
Engine orientation ignored, only thruster orientation is used.
Engine location ignored, only thruster location is used.
Engine orientation ignored, only thruster orientation is used.
Engine location ignored, only thruster location is used.
Engine orientation ignored, only thruster orientation is used.
⚠ 취약점 anchor_ace/red 상대개입 t0=8 level → 챔프 Δ-40.9 health_zero@258s
Engine location ignored, only thruster location is used.
Engine orientation ignored, only thruster orientation is used.
Engine location ignored, only thruster location is used.
Engine orientation ignored, only thruster orientation is used.
Engine location ignored, only thruster location is used.
Engine orientation ignored, only thruster orientation is used.
Engine location ignored, only thruster location is used.
Engine orientation ignored, only thruster orientation is used.
Engine location ignored, only thruster location is used.
Engine orientation ignored, only thruster orientation is used.
Engine location ignored, only thruster location is used.
Engine orientation ignored, only thruster orientation is used.
⚠ 취약점 anchor_ace/red 상대개입 t0=12 dive → 챔프 Δ+0.0 timeout@300s
Engine location ignored, only thruster location is used.
Engine orientation ignored, only thruster orientation is used.
Engine location ignored, only thruster location is used.
Engine orientation ignored, only thruster orientation is used.
⚠ 취약점 anchor_ace/red 상대개입 t0=12 break → 챔프 Δ-28.0 health_zero@35s
Engine location ignored, only thruster location is used.
Engine orientation ignored, only thruster orientation is used.
Engine location ignored, only thruster location is used.
Engine orientation ignored, only thruster orientation is used.
⚠ 취약점 anchor_ace/red 상대개입 t0=12 extend → 챔프 Δ-25.9 health_zero@124s
Engine location ignored, only thruster location is used.
Engine orientation ignored, only thruster orientation is used.
Engine location ignored, only thruster location is used.
Engine orientation ignored, only thruster orientation is used.
Engine location ignored, only thruster location is used.
Engine orientation ignored, only thruster orientation is used.
Engine location ignored, only thruster location is used.
Engine orientation ignored, only thruster orientation is used.
Engine location ignored, only thruster location is used.
Engine orientation ignored, only thruster orientation is used.
Engine location ignored, only thruster location is used.
Engine orientation ignored, only thruster orientation is used.
Engine location ignored, only thruster location is used.
Engine orientation ignored, only thruster orientation is used.
Engine location ignored, only thruster location is used.
Engine orientation ignored, only thruster orientation is used.
⚠ 취약점 anchor_ace/red 상대개입 t0=12 level → 챔프 Δ-18.6 health_zero@240s
Engine location ignored, only thruster location is used.
Engine orientation ignored, only thruster orientation is used.
Engine location ignored, only thruster location is used.
Engine orientation ignored, only thruster orientation is used.
Engine location ignored, only thruster location is used.
Engine orientation ignored, only thruster orientation is used.
Engine location ignored, only thruster location is used.
Engine orientation ignored, only thruster orientation is used.
Engine location ignored, only thruster location is used.
Engine orientation ignored, only thruster orientation is used.
Engine location ignored, only thruster location is used.
Engine orientation ignored, only thruster orientation is used.
Engine location ignored, only thruster location is used.
Engine orientation ignored, only thruster orientation is used.
Engine location ignored, only thruster location is used.
Engine orientation ignored, only thruster orientation is used.
Engine location ignored, only thruster location is used.
Engine orientation ignored, only thruster orientation is used.
Engine location ignored, only thruster location is used.
Engine orientation ignored, only thruster orientation is used.
Engine location ignored, only thruster location is used.
Engine orientation ignored, only thruster orientation is used.
Engine location ignored, only thruster location is used.
Engine orientation ignored, only thruster orientation is used.
⚠ 취약점 anchor_ace/red 상대개입 t0=16 gun → 챔프 Δ-35.5 health_zero@193s
Engine location ignored, only thruster location is used.
Engine orientation ignored, only thruster orientation is used.
Engine location ignored, only thruster location is used.
Engine orientation ignored, only thruster orientation is used.
Engine location ignored, only thruster location is used.
Engine orientation ignored, only thruster orientation is used.
Engine location ignored, only thruster location is used.
Engine orientation ignored, only thruster orientation is used.
Engine location ignored, only thruster location is used.
Engine orientation ignored, only thruster orientation is used.
Engine location ignored, only thruster location is used.
Engine orientation ignored, only thruster orientation is used.
Engine location ignored, only thruster location is used.
Engine orientation ignored, only thruster orientation is used.
Engine location ignored, only thruster location is used.
Engine orientation ignored, only thruster orientation is used.
Engine location ignored, only thruster location is used.
Engine orientation ignored, only thruster orientation is used.
Engine location ignored, only thruster location is used.
Engine orientation ignored, only thruster orientation is used.
Engine location ignored, only thruster location is used.
Engine orientation ignored, only thruster orientation is used.
Engine location ignored, only thruster location is used.
Engine orientation ignored, only thruster orientation is used.
Engine location ignored, only thruster location is used.
Engine orientation ignored, only thruster orientation is used.
Engine location ignored, only thruster location is used.
Engine orientation ignored, only thruster orientation is used.
Engine location ignored, only thruster location is used.
Engine orientation ignored, only thruster orientation is used.
Engine location ignored, only thruster location is used.
Engine orientation ignored, only thruster orientation is used.
Engine location ignored, only thruster location is used.
Engine orientation ignored, only thruster orientation is used.
Engine location ignored, only thruster location is used.
Engine orientation ignored, only thruster orientation is used.
⚠ 취약점 anchor_ace/red 상대개입 t0=20 gun → 챔프 Δ-26.9 timeout@300s
Engine location ignored, only thruster location is used.
Engine orientation ignored, only thruster orientation is used.
Engine location ignored, only thruster location is used.
Engine orientation ignored, only thruster orientation is used.
Engine location ignored, only thruster location is used.
Engine orientation ignored, only thruster orientation is used.
Engine location ignored, only thruster location is used.
Engine orientation ignored, only thruster orientation is used.
Engine location ignored, only thruster location is used.
Engine orientation ignored, only thruster orientation is used.
Engine location ignored, only thruster location is used.
Engine orientation ignored, only thruster orientation is used.
⚠ 취약점 anchor_ace/red 상대개입 t0=20 level → 챔프 Δ-44.1 health_zero@61s
Engine location ignored, only thruster location is used.
Engine orientation ignored, only thruster orientation is used.
Engine location ignored, only thruster location is used.
Engine orientation ignored, only thruster orientation is used.
⚠ 취약점 anchor_ace/red 상대개입 t0=20 gun_pure → 챔프 Δ-36.5 health_zero@125s
Engine location ignored, only thruster location is used.
Engine orientation ignored, only thruster orientation is used.
Engine location ignored, only thruster location is used.
Engine orientation ignored, only thruster orientation is used.
⚠ 취약점 anchor_ace/red 상대개입 t0=24 climb → 챔프 Δ-28.2 health_zero@37s
Engine location ignored, only thruster location is used.
Engine orientation ignored, only thruster orientation is used.
Engine location ignored, only thruster location is used.
Engine orientation ignored, only thruster orientation is used.
Engine location ignored, only thruster location is used.
Engine orientation ignored, only thruster orientation is used.
Engine location ignored, only thruster location is used.
Engine orientation ignored, only thruster orientation is used.
Engine location ignored, only thruster location is used.
Engine orientation ignored, only thruster orientation is used.
Engine location ignored, only thruster location is used.
Engine orientation ignored, only thruster orientation is used.
Engine location ignored, only thruster location is used.
Engine orientation ignored, only thruster orientation is used.
Engine location ignored, only thruster location is used.
Engine orientation ignored, only thruster orientation is used.
⚠ 취약점 anchor_ace/red 상대개입 t0=24 gun → 챔프 Δ-19.8 health_zero@38s
Engine location ignored, only thruster location is used.
Engine orientation ignored, only thruster orientation is used.
Engine location ignored, only thruster location is used.
Engine orientation ignored, only thruster orientation is used.
Engine location ignored, only thruster location is used.
Engine orientation ignored, only thruster orientation is used.
Engine location ignored, only thruster location is used.
Engine orientation ignored, only thruster orientation is used.
Engine location ignored, only thruster location is used.
Engine orientation ignored, only thruster orientation is used.
Engine location ignored, only thruster location is used.
Engine orientation ignored, only thruster orientation is used.
Engine location ignored, only thruster location is used.
Engine orientation ignored, only thruster orientation is used.
Engine location ignored, only thruster location is used.
Engine orientation ignored, only thruster orientation is used.
⚠ 취약점 anchor_ace/red 상대개입 t0=24 gun_pure → 챔프 Δ-19.8 health_zero@38s
Engine location ignored, only thruster location is used.
Engine orientation ignored, only thruster orientation is used.
Engine location ignored, only thruster location is used.
Engine orientation ignored, only thruster orientation is used.
Engine location ignored, only thruster location is used.
Engine orientation ignored, only thruster orientation is used.
Engine location ignored, only thruster location is used.
Engine orientation ignored, only thruster orientation is used.
Engine location ignored, only thruster location is used.
Engine orientation ignored, only thruster orientation is used.
Engine location ignored, only thruster location is used.
Engine orientation ignored, only thruster orientation is used.
Engine location ignored, only thruster location is used.
Engine orientation ignored, only thruster orientation is used.
Engine location ignored, only thruster location is used.
Engine orientation ignored, only thruster orientation is used.
Engine location ignored, only thruster location is used.
Engine orientation ignored, only thruster orientation is used.
Engine location ignored, only thruster location is used.
Engine orientation ignored, only thruster orientation is used.
Engine location ignored, only thruster location is used.
Engine orientation ignored, only thruster orientation is used.
Engine location ignored, only thruster location is used.
Engine orientation ignored, only thruster orientation is used.
Engine location ignored, only thruster location is used.
Engine orientation ignored, only thruster orientation is used.
Engine location ignored, only thruster location is used.
Engine orientation ignored, only thruster orientation is used.
Engine location ignored, only thruster location is used.
Engine orientation ignored, only thruster orientation is used.
Engine location ignored, only thruster location is used.
Engine orientation ignored, only thruster orientation is used.
⚠ 취약점 anchor_ace/red 상대개입 t0=30 level → 챔프 Δ-55.8 health_zero@37s
Engine location ignored, only thruster location is used.
Engine orientation ignored, only thruster orientation is used.
Engine location ignored, only thruster location is used.
Engine orientation ignored, only thruster orientation is used.
Engine location ignored, only thruster location is used.
Engine orientation ignored, only thruster orientation is used.
Engine location ignored, only thruster location is used.
Engine orientation ignored, only thruster orientation is used.
Engine location ignored, only thruster location is used.
Engine orientation ignored, only thruster orientation is used.
Engine location ignored, only thruster location is used.
Engine orientation ignored, only thruster orientation is used.
Engine location ignored, only thruster location is used.
Engine orientation ignored, only thruster orientation is used.
Engine location ignored, only thruster location is used.
Engine orientation ignored, only thruster orientation is used.
Engine location ignored, only thruster location is used.
Engine orientation ignored, only thruster orientation is used.
Engine location ignored, only thruster location is used.
Engine orientation ignored, only thruster orientation is used.
Engine location ignored, only thruster location is used.
Engine orientation ignored, only thruster orientation is used.
Engine location ignored, only thruster location is used.
Engine orientation ignored, only thruster orientation is used.
Engine location ignored, only thruster location is used.
Engine orientation ignored, only thruster orientation is used.
Engine location ignored, only thruster location is used.
Engine orientation ignored, only thruster orientation is used.
Engine location ignored, only thruster location is used.
Engine orientation ignored, only thruster orientation is used.
Engine location ignored, only thruster location is used.
Engine orientation ignored, only thruster orientation is used.
Engine location ignored, only thruster location is used.
Engine orientation ignored, only thruster orientation is used.
Engine location ignored, only thruster location is used.
Engine orientation ignored, only thruster orientation is used.
Engine location ignored, only thruster location is used.
Engine orientation ignored, only thruster orientation is used.
Engine location ignored, only thruster location is used.
Engine orientation ignored, only thruster orientation is used.
Engine location ignored, only thruster location is used.
Engine orientation ignored, only thruster orientation is used.
Engine location ignored, only thruster location is used.
Engine orientation ignored, only thruster orientation is used.
Engine location ignored, only thruster location is used.
Engine orientation ignored, only thruster orientation is used.
Engine location ignored, only thruster location is used.
Engine orientation ignored, only thruster orientation is used.
Engine location ignored, only thruster location is used.
Engine orientation ignored, only thruster orientation is used.
Engine location ignored, only thruster location is used.
Engine orientation ignored, only thruster orientation is used.
Engine location ignored, only thruster location is used.
Engine orientation ignored, only thruster orientation is used.
Engine location ignored, only thruster location is used.
Engine orientation ignored, only thruster orientation is used.
Engine location ignored, only thruster location is used.
Engine orientation ignored, only thruster orientation is used.
Engine location ignored, only thruster location is used.
Engine orientation ignored, only thruster orientation is used.
Engine location ignored, only thruster location is used.
Engine orientation ignored, only thruster orientation is used.
Engine location ignored, only thruster location is used.
Engine orientation ignored, only thruster orientation is used.
Engine location ignored, only thruster location is used.
Engine orientation ignored, only thruster orientation is used.
Engine location ignored, only thruster location is used.
Engine orientation ignored, only thruster orientation is used.
Engine location ignored, only thruster location is used.
Engine orientation ignored, only thruster orientation is used.
Engine location ignored, only thruster location is used.
Engine orientation ignored, only thruster orientation is used.
Engine location ignored, only thruster location is used.
Engine orientation ignored, only thruster orientation is used.
Engine location ignored, only thruster location is used.
Engine orientation ignored, only thruster orientation is used.
◆ anchor_ace/red 상대개입 72회 중 챔프 패·무 14회
Engine location ignored, only thruster location is used.
Engine orientation ignored, only thruster orientation is used.
Engine location ignored, only thruster location is used.
Engine orientation ignored, only thruster orientation is used.
Engine location ignored, only thruster location is used.
Engine orientation ignored, only thruster orientation is used.
Engine location ignored, only thruster location is used.
Engine orientation ignored, only thruster orientation is used.
Engine location ignored, only thruster location is used.
Engine orientation ignored, only thruster orientation is used.
Engine location ignored, only thruster location is used.
Engine orientation ignored, only thruster orientation is used.
Engine location ignored, only thruster location is used.
Engine orientation ignored, only thruster orientation is used.
Engine location ignored, only thruster location is used.
Engine orientation ignored, only thruster orientation is used.
Engine location ignored, only thruster location is used.
Engine orientation ignored, only thruster orientation is used.
Engine location ignored, only thruster location is used.
Engine orientation ignored, only thruster orientation is used.
Engine location ignored, only thruster location is used.
Engine orientation ignored, only thruster orientation is used.
Engine location ignored, only thruster location is used.
Engine orientation ignored, only thruster orientation is used.
Engine location ignored, only thruster location is used.
Engine orientation ignored, only thruster orientation is used.
Engine location ignored, only thruster location is used.
Engine orientation ignored, only thruster orientation is used.
Engine location ignored, only thruster location is used.
Engine orientation ignored, only thruster orientation is used.
Engine location ignored, only thruster location is used.
Engine orientation ignored, only thruster orientation is used.
Engine location ignored, only thruster location is used.
Engine orientation ignored, only thruster orientation is used.
Engine location ignored, only thruster location is used.
Engine orientation ignored, only thruster orientation is used.
Engine location ignored, only thruster location is used.
Engine orientation ignored, only thruster orientation is used.
Engine location ignored, only thruster location is used.
Engine orientation ignored, only thruster orientation is used.
⚠ 취약점 A2_GunTracker_06/red 상대개입 t0=12 climb → 챔프 Δ-12.5 health_zero@138s
Engine location ignored, only thruster location is used.
Engine orientation ignored, only thruster orientation is used.
Engine location ignored, only thruster location is used.
Engine orientation ignored, only thruster orientation is used.
Engine location ignored, only thruster location is used.
Engine orientation ignored, only thruster orientation is used.
Engine location ignored, only thruster location is used.
Engine orientation ignored, only thruster orientation is used.
⚠ 취약점 A2_GunTracker_06/red 상대개입 t0=12 break → 챔프 Δ-2.2 health_zero@51s
Engine location ignored, only thruster location is used.
Engine orientation ignored, only thruster orientation is used.
Engine location ignored, only thruster location is used.
Engine orientation ignored, only thruster orientation is used.
Engine location ignored, only thruster location is used.
Engine orientation ignored, only thruster orientation is used.
Engine location ignored, only thruster location is used.
Engine orientation ignored, only thruster orientation is used.
Engine location ignored, only thruster location is used.
Engine orientation ignored, only thruster orientation is used.
Engine location ignored, only thruster location is used.
Engine orientation ignored, only thruster orientation is used.
Engine location ignored, only thruster location is used.
Engine orientation ignored, only thruster orientation is used.
Engine location ignored, only thruster location is used.
Engine orientation ignored, only thruster orientation is used.
⚠ 취약점 A2_GunTracker_06/red 상대개입 t0=12 two_circle → 챔프 Δ-2.2 health_zero@51s
Engine location ignored, only thruster location is used.
Engine orientation ignored, only thruster orientation is used.
Engine location ignored, only thruster location is used.
Engine orientation ignored, only thruster orientation is used.
Engine location ignored, only thruster location is used.
Engine orientation ignored, only thruster orientation is used.
Engine location ignored, only thruster location is used.
Engine orientation ignored, only thruster orientation is used.
Engine location ignored, only thruster location is used.
Engine orientation ignored, only thruster orientation is used.
Engine location ignored, only thruster location is used.
Engine orientation ignored, only thruster orientation is used.
Engine location ignored, only thruster location is used.
Engine orientation ignored, only thruster orientation is used.
Engine location ignored, only thruster location is used.
Engine orientation ignored, only thruster orientation is used.
Engine location ignored, only thruster location is used.
Engine orientation ignored, only thruster orientation is used.
Engine location ignored, only thruster location is used.
Engine orientation ignored, only thruster orientation is used.
Engine location ignored, only thruster location is used.
Engine orientation ignored, only thruster orientation is used.
Engine location ignored, only thruster location is used.
Engine orientation ignored, only thruster orientation is used.
Engine location ignored, only thruster location is used.
Engine orientation ignored, only thruster orientation is used.
Engine location ignored, only thruster location is used.
Engine orientation ignored, only thruster orientation is used.
Engine location ignored, only thruster location is used.
Engine orientation ignored, only thruster orientation is used.
Engine location ignored, only thruster location is used.
Engine orientation ignored, only thruster orientation is used.
Engine location ignored, only thruster location is used.
Engine orientation ignored, only thruster orientation is used.
Engine location ignored, only thruster location is used.
Engine orientation ignored, only thruster orientation is used.
Engine location ignored, only thruster location is used.
Engine orientation ignored, only thruster orientation is used.
Engine location ignored, only thruster location is used.
Engine orientation ignored, only thruster orientation is used.
Engine location ignored, only thruster location is used.
Engine orientation ignored, only thruster orientation is used.
Engine location ignored, only thruster location is used.
Engine orientation ignored, only thruster orientation is used.
Engine location ignored, only thruster location is used.
Engine orientation ignored, only thruster orientation is used.
Engine location ignored, only thruster location is used.
Engine orientation ignored, only thruster orientation is used.
Engine location ignored, only thruster location is used.
Engine orientation ignored, only thruster orientation is used.
Engine location ignored, only thruster location is used.
Engine orientation ignored, only thruster orientation is used.
Engine location ignored, only thruster location is used.
Engine orientation ignored, only thruster orientation is used.
Engine location ignored, only thruster location is used.
Engine orientation ignored, only thruster orientation is used.
Engine location ignored, only thruster location is used.
Engine orientation ignored, only thruster orientation is used.
Engine location ignored, only thruster location is used.
Engine orientation ignored, only thruster orientation is used.
Engine location ignored, only thruster location is used.
Engine orientation ignored, only thruster orientation is used.
Engine location ignored, only thruster location is used.
Engine orientation ignored, only thruster orientation is used.
Engine location ignored, only thruster location is used.
Engine orientation ignored, only thruster orientation is used.
Engine location ignored, only thruster location is used.
Engine orientation ignored, only thruster orientation is used.
Engine location ignored, only thruster location is used.
Engine orientation ignored, only thruster orientation is used.
Engine location ignored, only thruster location is used.
Engine orientation ignored, only thruster orientation is used.
Engine location ignored, only thruster location is used.
Engine orientation ignored, only thruster orientation is used.
Engine location ignored, only thruster location is used.
Engine orientation ignored, only thruster orientation is used.
Engine location ignored, only thruster location is used.
Engine orientation ignored, only thruster orientation is used.
Engine location ignored, only thruster location is used.
Engine orientation ignored, only thruster orientation is used.
Engine location ignored, only thruster location is used.
Engine orientation ignored, only thruster orientation is used.
Engine location ignored, only thruster location is used.
Engine orientation ignored, only thruster orientation is used.
Engine location ignored, only thruster location is used.
Engine orientation ignored, only thruster orientation is used.
Engine location ignored, only thruster location is used.
Engine orientation ignored, only thruster orientation is used.
Engine location ignored, only thruster location is used.
Engine orientation ignored, only thruster orientation is used.
Engine location ignored, only thruster location is used.
Engine orientation ignored, only thruster orientation is used.
Engine location ignored, only thruster location is used.
Engine orientation ignored, only thruster orientation is used.
Engine location ignored, only thruster location is used.
Engine orientation ignored, only thruster orientation is used.
Engine location ignored, only thruster location is used.
Engine orientation ignored, only thruster orientation is used.
Engine location ignored, only thruster location is used.
Engine orientation ignored, only thruster orientation is used.
Engine location ignored, only thruster location is used.
Engine orientation ignored, only thruster orientation is used.
Engine location ignored, only thruster location is used.
Engine orientation ignored, only thruster orientation is used.
Engine location ignored, only thruster location is used.
Engine orientation ignored, only thruster orientation is used.
Engine location ignored, only thruster location is used.
Engine orientation ignored, only thruster orientation is used.
⚠ 취약점 A2_GunTracker_06/red 상대개입 t0=24 two_circle → 챔프 Δ+61.8 stall@84s
Engine location ignored, only thruster location is used.
Engine orientation ignored, only thruster orientation is used.
Engine location ignored, only thruster location is used.
Engine orientation ignored, only thruster orientation is used.
Engine location ignored, only thruster location is used.
Engine orientation ignored, only thruster orientation is used.
Engine location ignored, only thruster location is used.
Engine orientation ignored, only thruster orientation is used.
Engine location ignored, only thruster location is used.
Engine orientation ignored, only thruster orientation is used.
Engine location ignored, only thruster location is used.
Engine orientation ignored, only thruster orientation is used.
Engine location ignored, only thruster location is used.
Engine orientation ignored, only thruster orientation is used.
Engine location ignored, only thruster location is used.
Engine orientation ignored, only thruster orientation is used.
Engine location ignored, only thruster location is used.
Engine orientation ignored, only thruster orientation is used.
Engine location ignored, only thruster location is used.
Engine orientation ignored, only thruster orientation is used.
Engine location ignored, only thruster location is used.
Engine orientation ignored, only thruster orientation is used.
Engine location ignored, only thruster location is used.
Engine orientation ignored, only thruster orientation is used.
Engine location ignored, only thruster location is used.
Engine orientation ignored, only thruster orientation is used.
Engine location ignored, only thruster location is used.
Engine orientation ignored, only thruster orientation is used.
Engine location ignored, only thruster location is used.
Engine orientation ignored, only thruster orientation is used.
Engine location ignored, only thruster location is used.
Engine orientation ignored, only thruster orientation is used.
Engine location ignored, only thruster location is used.
Engine orientation ignored, only thruster orientation is used.
Engine location ignored, only thruster location is used.
Engine orientation ignored, only thruster orientation is used.
Engine location ignored, only thruster location is used.
Engine orientation ignored, only thruster orientation is used.
Engine location ignored, only thruster location is used.
Engine orientation ignored, only thruster orientation is used.
Engine location ignored, only thruster location is used.
Engine orientation ignored, only thruster orientation is used.
Engine location ignored, only thruster location is used.
Engine orientation ignored, only thruster orientation is used.
Engine location ignored, only thruster location is used.
Engine orientation ignored, only thruster orientation is used.
Engine location ignored, only thruster location is used.
Engine orientation ignored, only thruster orientation is used.
Engine location ignored, only thruster location is used.
Engine orientation ignored, only thruster orientation is used.
Engine location ignored, only thruster location is used.
Engine orientation ignored, only thruster orientation is used.
Engine location ignored, only thruster location is used.
Engine orientation ignored, only thruster orientation is used.
Engine location ignored, only thruster location is used.
Engine orientation ignored, only thruster orientation is used.
Engine location ignored, only thruster location is used.
Engine orientation ignored, only thruster orientation is used.
Engine location ignored, only thruster location is used.
Engine orientation ignored, only thruster orientation is used.
Engine location ignored, only thruster location is used.
Engine orientation ignored, only thruster orientation is used.
Engine location ignored, only thruster location is used.
Engine orientation ignored, only thruster orientation is used.
Engine location ignored, only thruster location is used.
Engine orientation ignored, only thruster orientation is used.
Engine location ignored, only thruster location is used.
Engine orientation ignored, only thruster orientation is used.
Engine location ignored, only thruster location is used.
Engine orientation ignored, only thruster orientation is used.
Engine location ignored, only thruster location is used.
Engine orientation ignored, only thruster orientation is used.
Engine location ignored, only thruster location is used.
Engine orientation ignored, only thruster orientation is used.
Engine location ignored, only thruster location is used.
Engine orientation ignored, only thruster orientation is used.
Engine location ignored, only thruster location is used.
Engine orientation ignored, only thruster orientation is used.
Engine location ignored, only thruster location is used.
Engine orientation ignored, only thruster orientation is used.
Engine location ignored, only thruster location is used.
Engine orientation ignored, only thruster orientation is used.
Engine location ignored, only thruster location is used.
Engine orientation ignored, only thruster orientation is used.
Engine location ignored, only thruster location is used.
Engine orientation ignored, only thruster orientation is used.
Engine location ignored, only thruster location is used.
Engine orientation ignored, only thruster orientation is used.
Engine location ignored, only thruster location is used.
Engine orientation ignored, only thruster orientation is used.
Engine location ignored, only thruster location is used.
Engine orientation ignored, only thruster orientation is used.
Engine location ignored, only thruster location is used.
Engine orientation ignored, only thruster orientation is used.
Engine location ignored, only thruster location is used.
Engine orientation ignored, only thruster orientation is used.
Engine location ignored, only thruster location is used.
Engine orientation ignored, only thruster orientation is used.
Engine location ignored, only thruster location is used.
Engine orientation ignored, only thruster orientation is used.
Engine location ignored, only thruster location is used.
Engine orientation ignored, only thruster orientation is used.
Engine location ignored, only thruster location is used.
Engine orientation ignored, only thruster orientation is used.
Engine location ignored, only thruster location is used.
Engine orientation ignored, only thruster orientation is used.
Engine location ignored, only thruster location is used.
Engine orientation ignored, only thruster orientation is used.
Engine location ignored, only thruster location is used.
Engine orientation ignored, only thruster orientation is used.
Engine location ignored, only thruster location is used.
Engine orientation ignored, only thruster orientation is used.
Engine location ignored, only thruster location is used.
Engine orientation ignored, only thruster orientation is used.
Engine location ignored, only thruster location is used.
Engine orientation ignored, only thruster orientation is used.
◆ A2_GunTracker_06/red 상대개입 72회 중 챔프 패·무 4회
Engine location ignored, only thruster location is used.
Engine orientation ignored, only thruster orientation is used.
Engine location ignored, only thruster location is used.
Engine orientation ignored, only thruster orientation is used.
Engine location ignored, only thruster location is used.
Engine orientation ignored, only thruster orientation is used.
Engine location ignored, only thruster location is used.
Engine orientation ignored, only thruster orientation is used.
Engine location ignored, only thruster location is used.
Engine orientation ignored, only thruster orientation is used.
Engine location ignored, only thruster location is used.
Engine orientation ignored, only thruster orientation is used.
Engine location ignored, only thruster location is used.
Engine orientation ignored, only thruster orientation is used.
Engine location ignored, only thruster location is used.
Engine orientation ignored, only thruster orientation is used.
Engine location ignored, only thruster location is used.
Engine orientation ignored, only thruster orientation is used.
Engine location ignored, only thruster location is used.
Engine orientation ignored, only thruster orientation is used.
Engine location ignored, only thruster location is used.
Engine orientation ignored, only thruster orientation is used.
Engine location ignored, only thruster location is used.
Engine orientation ignored, only thruster orientation is used.
Engine location ignored, only thruster location is used.
Engine orientation ignored, only thruster orientation is used.
Engine location ignored, only thruster location is used.
Engine orientation ignored, only thruster orientation is used.
Engine location ignored, only thruster location is used.
Engine orientation ignored, only thruster orientation is used.
Engine location ignored, only thruster location is used.
Engine orientation ignored, only thruster orientation is used.
Engine location ignored, only thruster location is used.
Engine orientation ignored, only thruster orientation is used.
Engine location ignored, only thruster location is used.
Engine orientation ignored, only thruster orientation is used.
Engine location ignored, only thruster location is used.
Engine orientation ignored, only thruster orientation is used.
Engine location ignored, only thruster location is used.
Engine orientation ignored, only thruster orientation is used.
⚠ 취약점 B1_EnergyFighter_06/red 상대개입 t0=12 climb → 챔프 Δ-8.2 health_zero@63s
Engine location ignored, only thruster location is used.
Engine orientation ignored, only thruster orientation is used.
Engine location ignored, only thruster location is used.
Engine orientation ignored, only thruster orientation is used.
⚠ 취약점 B1_EnergyFighter_06/red 상대개입 t0=12 dive → 챔프 Δ+0.0 timeout@300s
Engine location ignored, only thruster location is used.
Engine orientation ignored, only thruster orientation is used.
Engine location ignored, only thruster location is used.
Engine orientation ignored, only thruster orientation is used.
⚠ 취약점 B1_EnergyFighter_06/red 상대개입 t0=12 break → 챔프 Δ-47.7 health_zero@80s
Engine location ignored, only thruster location is used.
Engine orientation ignored, only thruster orientation is used.
Engine location ignored, only thruster location is used.
Engine orientation ignored, only thruster orientation is used.
Engine location ignored, only thruster location is used.
Engine orientation ignored, only thruster orientation is used.
Engine location ignored, only thruster location is used.
Engine orientation ignored, only thruster orientation is used.
⚠ 취약점 B1_EnergyFighter_06/red 상대개입 t0=12 gun → 챔프 Δ-26.5 health_zero@63s
Engine location ignored, only thruster location is used.
Engine orientation ignored, only thruster orientation is used.
Engine location ignored, only thruster location is used.
Engine orientation ignored, only thruster orientation is used.
Engine location ignored, only thruster location is used.
Engine orientation ignored, only thruster orientation is used.
Engine location ignored, only thruster location is used.
Engine orientation ignored, only thruster orientation is used.
⚠ 취약점 B1_EnergyFighter_06/red 상대개입 t0=12 two_circle → 챔프 Δ-61.3 health_zero@57s
Engine location ignored, only thruster location is used.
Engine orientation ignored, only thruster orientation is used.
Engine location ignored, only thruster location is used.
Engine orientation ignored, only thruster orientation is used.
⚠ 취약점 B1_EnergyFighter_06/red 상대개입 t0=12 level → 챔프 Δ-33.3 timeout@300s
Engine location ignored, only thruster location is used.
Engine orientation ignored, only thruster orientation is used.
Engine location ignored, only thruster location is used.
Engine orientation ignored, only thruster orientation is used.
⚠ 취약점 B1_EnergyFighter_06/red 상대개입 t0=12 gun_pure → 챔프 Δ-27.4 health_zero@63s
Engine location ignored, only thruster location is used.
Engine orientation ignored, only thruster orientation is used.
Engine location ignored, only thruster location is used.
Engine orientation ignored, only thruster orientation is used.
Engine location ignored, only thruster location is used.
Engine orientation ignored, only thruster orientation is used.
Engine location ignored, only thruster location is used.
Engine orientation ignored, only thruster orientation is used.
Engine location ignored, only thruster location is used.
Engine orientation ignored, only thruster orientation is used.
Engine location ignored, only thruster location is used.
Engine orientation ignored, only thruster orientation is used.
⚠ 취약점 B1_EnergyFighter_06/red 상대개입 t0=16 break → 챔프 Δ-4.6 health_zero@63s
Engine location ignored, only thruster location is used.
Engine orientation ignored, only thruster orientation is used.
Engine location ignored, only thruster location is used.
Engine orientation ignored, only thruster orientation is used.
Engine location ignored, only thruster location is used.
Engine orientation ignored, only thruster orientation is used.
Engine location ignored, only thruster location is used.
Engine orientation ignored, only thruster orientation is used.
⚠ 취약점 B1_EnergyFighter_06/red 상대개입 t0=16 gun → 챔프 Δ-24.6 health_zero@37s
Engine location ignored, only thruster location is used.
Engine orientation ignored, only thruster orientation is used.
Engine location ignored, only thruster location is used.
Engine orientation ignored, only thruster orientation is used.
Engine location ignored, only thruster location is used.
Engine orientation ignored, only thruster orientation is used.
Engine location ignored, only thruster location is used.
Engine orientation ignored, only thruster orientation is used.
⚠ 취약점 B1_EnergyFighter_06/red 상대개입 t0=16 two_circle → 챔프 Δ-39.2 health_zero@40s
Engine location ignored, only thruster location is used.
Engine orientation ignored, only thruster orientation is used.
Engine location ignored, only thruster location is used.
Engine orientation ignored, only thruster orientation is used.
⚠ 취약점 B1_EnergyFighter_06/red 상대개입 t0=16 level → 챔프 Δ-9.2 health_zero@35s
Engine location ignored, only thruster location is used.
Engine orientation ignored, only thruster orientation is used.
Engine location ignored, only thruster location is used.
Engine orientation ignored, only thruster orientation is used.
⚠ 취약점 B1_EnergyFighter_06/red 상대개입 t0=16 gun_pure → 챔프 Δ+20.3 stall@205s
Engine location ignored, only thruster location is used.
Engine orientation ignored, only thruster orientation is used.
Engine location ignored, only thruster location is used.
Engine orientation ignored, only thruster orientation is used.
Engine location ignored, only thruster location is used.
Engine orientation ignored, only thruster orientation is used.
Engine location ignored, only thruster location is used.
Engine orientation ignored, only thruster orientation is used.
Engine location ignored, only thruster location is used.
Engine orientation ignored, only thruster orientation is used.
Engine location ignored, only thruster location is used.
Engine orientation ignored, only thruster orientation is used.
Engine location ignored, only thruster location is used.
Engine orientation ignored, only thruster orientation is used.
Engine location ignored, only thruster location is used.
Engine orientation ignored, only thruster orientation is used.
Engine location ignored, only thruster location is used.
Engine orientation ignored, only thruster orientation is used.
Engine location ignored, only thruster location is used.
Engine orientation ignored, only thruster orientation is used.
⚠ 취약점 B1_EnergyFighter_06/red 상대개입 t0=20 gun → 챔프 Δ-57.0 health_zero@41s
Engine location ignored, only thruster location is used.
Engine orientation ignored, only thruster orientation is used.
Engine location ignored, only thruster location is used.
Engine orientation ignored, only thruster orientation is used.
⚠ 취약점 B1_EnergyFighter_06/red 상대개입 t0=20 lag → 챔프 Δ-15.6 health_zero@77s
Engine location ignored, only thruster location is used.
Engine orientation ignored, only thruster orientation is used.
Engine location ignored, only thruster location is used.
Engine orientation ignored, only thruster orientation is used.
Engine location ignored, only thruster location is used.
Engine orientation ignored, only thruster orientation is used.
Engine location ignored, only thruster location is used.
Engine orientation ignored, only thruster orientation is used.
⚠ 취약점 B1_EnergyFighter_06/red 상대개입 t0=20 level → 챔프 Δ-41.9 health_zero@62s
Engine location ignored, only thruster location is used.
Engine orientation ignored, only thruster orientation is used.
Engine location ignored, only thruster location is used.
Engine orientation ignored, only thruster orientation is used.
⚠ 취약점 B1_EnergyFighter_06/red 상대개입 t0=20 gun_pure → 챔프 Δ-57.2 health_zero@110s
Engine location ignored, only thruster location is used.
Engine orientation ignored, only thruster orientation is used.
Engine location ignored, only thruster location is used.
Engine orientation ignored, only thruster orientation is used.
Engine location ignored, only thruster location is used.
Engine orientation ignored, only thruster orientation is used.
Engine location ignored, only thruster location is used.
Engine orientation ignored, only thruster orientation is used.
Engine location ignored, only thruster location is used.
Engine orientation ignored, only thruster orientation is used.
Engine location ignored, only thruster location is used.
Engine orientation ignored, only thruster orientation is used.
Engine location ignored, only thruster location is used.
Engine orientation ignored, only thruster orientation is used.
Engine location ignored, only thruster location is used.
Engine orientation ignored, only thruster orientation is used.
Engine location ignored, only thruster location is used.
Engine orientation ignored, only thruster orientation is used.
Engine location ignored, only thruster location is used.
Engine orientation ignored, only thruster orientation is used.
Engine location ignored, only thruster location is used.
Engine orientation ignored, only thruster orientation is used.
Engine location ignored, only thruster location is used.
Engine orientation ignored, only thruster orientation is used.
Engine location ignored, only thruster location is used.
Engine orientation ignored, only thruster orientation is used.
Engine location ignored, only thruster location is used.
Engine orientation ignored, only thruster orientation is used.
Engine location ignored, only thruster location is used.
Engine orientation ignored, only thruster orientation is used.
Engine location ignored, only thruster location is used.
Engine orientation ignored, only thruster orientation is used.
Engine location ignored, only thruster location is used.
Engine orientation ignored, only thruster orientation is used.
Engine location ignored, only thruster location is used.
Engine orientation ignored, only thruster orientation is used.
Engine location ignored, only thruster location is used.
Engine orientation ignored, only thruster orientation is used.
Engine location ignored, only thruster location is used.
Engine orientation ignored, only thruster orientation is used.
Engine location ignored, only thruster location is used.
Engine orientation ignored, only thruster orientation is used.
Engine location ignored, only thruster location is used.
Engine orientation ignored, only thruster orientation is used.
Engine location ignored, only thruster location is used.
Engine orientation ignored, only thruster orientation is used.
Engine location ignored, only thruster location is used.
Engine orientation ignored, only thruster orientation is used.
Engine location ignored, only thruster location is used.
Engine orientation ignored, only thruster orientation is used.
Engine location ignored, only thruster location is used.
Engine orientation ignored, only thruster orientation is used.
Engine location ignored, only thruster location is used.
Engine orientation ignored, only thruster orientation is used.
Engine location ignored, only thruster location is used.
Engine orientation ignored, only thruster orientation is used.
Engine location ignored, only thruster location is used.
Engine orientation ignored, only thruster orientation is used.
Engine location ignored, only thruster location is used.
Engine orientation ignored, only thruster orientation is used.
Engine location ignored, only thruster location is used.
Engine orientation ignored, only thruster orientation is used.
Engine location ignored, only thruster location is used.
Engine orientation ignored, only thruster orientation is used.
Engine location ignored, only thruster location is used.
Engine orientation ignored, only thruster orientation is used.
Engine location ignored, only thruster location is used.
Engine orientation ignored, only thruster orientation is used.
Engine location ignored, only thruster location is used.
Engine orientation ignored, only thruster orientation is used.
Engine location ignored, only thruster location is used.
Engine orientation ignored, only thruster orientation is used.
Engine location ignored, only thruster location is used.
Engine orientation ignored, only thruster orientation is used.
Engine location ignored, only thruster location is used.
Engine orientation ignored, only thruster orientation is used.
Engine location ignored, only thruster location is used.
Engine orientation ignored, only thruster orientation is used.
Engine location ignored, only thruster location is used.
Engine orientation ignored, only thruster orientation is used.
Engine location ignored, only thruster location is used.
Engine orientation ignored, only thruster orientation is used.
Engine location ignored, only thruster location is used.
Engine orientation ignored, only thruster orientation is used.
Engine location ignored, only thruster location is used.
Engine orientation ignored, only thruster orientation is used.
Engine location ignored, only thruster location is used.
Engine orientation ignored, only thruster orientation is used.
Engine location ignored, only thruster location is used.
Engine orientation ignored, only thruster orientation is used.
Engine location ignored, only thruster location is used.
Engine orientation ignored, only thruster orientation is used.
Engine location ignored, only thruster location is used.
Engine orientation ignored, only thruster orientation is used.
Engine location ignored, only thruster location is used.
Engine orientation ignored, only thruster orientation is used.
Engine location ignored, only thruster location is used.
Engine orientation ignored, only thruster orientation is used.
Engine location ignored, only thruster location is used.
Engine orientation ignored, only thruster orientation is used.
Engine location ignored, only thruster location is used.
Engine orientation ignored, only thruster orientation is used.
Engine location ignored, only thruster location is used.
Engine orientation ignored, only thruster orientation is used.
Engine location ignored, only thruster location is used.
Engine orientation ignored, only thruster orientation is used.
Engine location ignored, only thruster location is used.
Engine orientation ignored, only thruster orientation is used.
Engine location ignored, only thruster location is used.
Engine orientation ignored, only thruster orientation is used.
Engine location ignored, only thruster location is used.
Engine orientation ignored, only thruster orientation is used.
Engine location ignored, only thruster location is used.
Engine orientation ignored, only thruster orientation is used.
Engine location ignored, only thruster location is used.
Engine orientation ignored, only thruster orientation is used.
Engine location ignored, only thruster location is used.
Engine orientation ignored, only thruster orientation is used.
Engine location ignored, only thruster location is used.
Engine orientation ignored, only thruster orientation is used.
Engine location ignored, only thruster location is used.
Engine orientation ignored, only thruster orientation is used.
Engine location ignored, only thruster location is used.
Engine orientation ignored, only thruster orientation is used.
Engine location ignored, only thruster location is used.
Engine orientation ignored, only thruster orientation is used.
Engine location ignored, only thruster location is used.
Engine orientation ignored, only thruster orientation is used.
Engine location ignored, only thruster location is used.
Engine orientation ignored, only thruster orientation is used.
Engine location ignored, only thruster location is used.
Engine orientation ignored, only thruster orientation is used.
Engine location ignored, only thruster location is used.
Engine orientation ignored, only thruster orientation is used.
Engine location ignored, only thruster location is used.
Engine orientation ignored, only thruster orientation is used.
Engine location ignored, only thruster location is used.
Engine orientation ignored, only thruster orientation is used.
Engine location ignored, only thruster location is used.
Engine orientation ignored, only thruster orientation is used.
Engine location ignored, only thruster location is used.
Engine orientation ignored, only thruster orientation is used.
Engine location ignored, only thruster location is used.
Engine orientation ignored, only thruster orientation is used.
◆ B1_EnergyFighter_06/red 상대개입 72회 중 챔프 패·무 16회
Engine location ignored, only thruster location is used.
Engine orientation ignored, only thruster orientation is used.
Engine location ignored, only thruster location is used.
Engine orientation ignored, only thruster orientation is used.
Engine location ignored, only thruster location is used.
Engine orientation ignored, only thruster orientation is used.
Engine location ignored, only thruster location is used.
Engine orientation ignored, only thruster orientation is used.
⚠ 취약점 C1_TwoCircleRate_03/red 상대개입 t0=8 dive → 챔프 Δ-9.9 health_zero@59s
Engine location ignored, only thruster location is used.
Engine orientation ignored, only thruster orientation is used.
Engine location ignored, only thruster location is used.
Engine orientation ignored, only thruster orientation is used.
Engine location ignored, only thruster location is used.
Engine orientation ignored, only thruster orientation is used.
Engine location ignored, only thruster location is used.
Engine orientation ignored, only thruster orientation is used.
Engine location ignored, only thruster location is used.
Engine orientation ignored, only thruster orientation is used.
Engine location ignored, only thruster location is used.
Engine orientation ignored, only thruster orientation is used.
Engine location ignored, only thruster location is used.
Engine orientation ignored, only thruster orientation is used.
Engine location ignored, only thruster location is used.
Engine orientation ignored, only thruster orientation is used.
Engine location ignored, only thruster location is used.
Engine orientation ignored, only thruster orientation is used.
Engine location ignored, only thruster location is used.
Engine orientation ignored, only thruster orientation is used.
Engine location ignored, only thruster location is used.
Engine orientation ignored, only thruster orientation is used.
Engine location ignored, only thruster location is used.
Engine orientation ignored, only thruster orientation is used.
Engine location ignored, only thruster location is used.
Engine orientation ignored, only thruster orientation is used.
Engine location ignored, only thruster location is used.
Engine orientation ignored, only thruster orientation is used.
Engine location ignored, only thruster location is used.
Engine orientation ignored, only thruster orientation is used.
Engine location ignored, only thruster location is used.
Engine orientation ignored, only thruster orientation is used.
⚠ 취약점 C1_TwoCircleRate_03/red 상대개입 t0=12 climb → 챔프 Δ-18.3 health_zero@58s
Engine location ignored, only thruster location is used.
Engine orientation ignored, only thruster orientation is used.
Engine location ignored, only thruster location is used.
Engine orientation ignored, only thruster orientation is used.
Engine location ignored, only thruster location is used.
Engine orientation ignored, only thruster orientation is used.
Engine location ignored, only thruster location is used.
Engine orientation ignored, only thruster orientation is used.
⚠ 취약점 C1_TwoCircleRate_03/red 상대개입 t0=12 break → 챔프 Δ-50.3 health_zero@39s
Engine location ignored, only thruster location is used.
Engine orientation ignored, only thruster orientation is used.
Engine location ignored, only thruster location is used.
Engine orientation ignored, only thruster orientation is used.
⚠ 취약점 C1_TwoCircleRate_03/red 상대개입 t0=12 extend → 챔프 Δ-16.7 health_zero@146s
Engine location ignored, only thruster location is used.
Engine orientation ignored, only thruster orientation is used.
Engine location ignored, only thruster location is used.
Engine orientation ignored, only thruster orientation is used.
Engine location ignored, only thruster location is used.
Engine orientation ignored, only thruster orientation is used.
Engine location ignored, only thruster location is used.
Engine orientation ignored, only thruster orientation is used.
⚠ 취약점 C1_TwoCircleRate_03/red 상대개입 t0=12 lag → 챔프 Δ-46.4 health_zero@161s
Engine location ignored, only thruster location is used.
Engine orientation ignored, only thruster orientation is used.
Engine location ignored, only thruster location is used.
Engine orientation ignored, only thruster orientation is used.
Engine location ignored, only thruster location is used.
Engine orientation ignored, only thruster orientation is used.
Engine location ignored, only thruster location is used.
Engine orientation ignored, only thruster orientation is used.
⚠ 취약점 C1_TwoCircleRate_03/red 상대개입 t0=12 level → 챔프 Δ-25.3 health_zero@126s
Engine location ignored, only thruster location is used.
Engine orientation ignored, only thruster orientation is used.
Engine location ignored, only thruster location is used.
Engine orientation ignored, only thruster orientation is used.
⚠ 취약점 C1_TwoCircleRate_03/red 상대개입 t0=12 gun_pure → 챔프 Δ-45.5 health_zero@108s
Engine location ignored, only thruster location is used.
Engine orientation ignored, only thruster orientation is used.
Engine location ignored, only thruster location is used.
Engine orientation ignored, only thruster orientation is used.
Engine location ignored, only thruster location is used.
Engine orientation ignored, only thruster orientation is used.
Engine location ignored, only thruster location is used.
Engine orientation ignored, only thruster orientation is used.
Engine location ignored, only thruster location is used.
Engine orientation ignored, only thruster orientation is used.
Engine location ignored, only thruster location is used.
Engine orientation ignored, only thruster orientation is used.
Engine location ignored, only thruster location is used.
Engine orientation ignored, only thruster orientation is used.
Engine location ignored, only thruster location is used.
Engine orientation ignored, only thruster orientation is used.
Engine location ignored, only thruster location is used.
Engine orientation ignored, only thruster orientation is used.
Engine location ignored, only thruster location is used.
Engine orientation ignored, only thruster orientation is used.
Engine location ignored, only thruster location is used.
Engine orientation ignored, only thruster orientation is used.
Engine location ignored, only thruster location is used.
Engine orientation ignored, only thruster orientation is used.
Engine location ignored, only thruster location is used.
Engine orientation ignored, only thruster orientation is used.
Engine location ignored, only thruster location is used.
Engine orientation ignored, only thruster orientation is used.
Engine location ignored, only thruster location is used.
Engine orientation ignored, only thruster orientation is used.
Engine location ignored, only thruster location is used.
Engine orientation ignored, only thruster orientation is used.
⚠ 취약점 C1_TwoCircleRate_03/red 상대개입 t0=16 level → 챔프 Δ-27.0 health_zero@58s
Engine location ignored, only thruster location is used.
Engine orientation ignored, only thruster orientation is used.
Engine location ignored, only thruster location is used.
Engine orientation ignored, only thruster orientation is used.
⚠ 취약점 C1_TwoCircleRate_03/red 상대개입 t0=16 gun_pure → 챔프 Δ-43.6 health_zero@232s
Engine location ignored, only thruster location is used.
Engine orientation ignored, only thruster orientation is used.
Engine location ignored, only thruster location is used.
Engine orientation ignored, only thruster orientation is used.
Engine location ignored, only thruster location is used.
Engine orientation ignored, only thruster orientation is used.
Engine location ignored, only thruster location is used.
Engine orientation ignored, only thruster orientation is used.
Engine location ignored, only thruster location is used.
Engine orientation ignored, only thruster orientation is used.
Engine location ignored, only thruster location is used.
Engine orientation ignored, only thruster orientation is used.
Engine location ignored, only thruster location is used.
Engine orientation ignored, only thruster orientation is used.
Engine location ignored, only thruster location is used.
Engine orientation ignored, only thruster orientation is used.
Engine location ignored, only thruster location is used.
Engine orientation ignored, only thruster orientation is used.
Engine location ignored, only thruster location is used.
Engine orientation ignored, only thruster orientation is used.
⚠ 취약점 C1_TwoCircleRate_03/red 상대개입 t0=20 gun → 챔프 Δ-57.0 health_zero@86s
Engine location ignored, only thruster location is used.
Engine orientation ignored, only thruster orientation is used.
Engine location ignored, only thruster location is used.
Engine orientation ignored, only thruster orientation is used.
Engine location ignored, only thruster location is used.
Engine orientation ignored, only thruster orientation is used.
Engine location ignored, only thruster location is used.
Engine orientation ignored, only thruster orientation is used.
Engine location ignored, only thruster location is used.
Engine orientation ignored, only thruster orientation is used.
Engine location ignored, only thruster location is used.
Engine orientation ignored, only thruster orientation is used.
⚠ 취약점 C1_TwoCircleRate_03/red 상대개입 t0=20 level → 챔프 Δ-50.4 health_zero@62s
Engine location ignored, only thruster location is used.
Engine orientation ignored, only thruster orientation is used.
Engine location ignored, only thruster location is used.
Engine orientation ignored, only thruster orientation is used.
Engine location ignored, only thruster location is used.
Engine orientation ignored, only thruster orientation is used.
Engine location ignored, only thruster location is used.
Engine orientation ignored, only thruster orientation is used.
Engine location ignored, only thruster location is used.
Engine orientation ignored, only thruster orientation is used.
Engine location ignored, only thruster location is used.
Engine orientation ignored, only thruster orientation is used.
Engine location ignored, only thruster location is used.
Engine orientation ignored, only thruster orientation is used.
Engine location ignored, only thruster location is used.
Engine orientation ignored, only thruster orientation is used.
Engine location ignored, only thruster location is used.
Engine orientation ignored, only thruster orientation is used.
Engine location ignored, only thruster location is used.
Engine orientation ignored, only thruster orientation is used.
Engine location ignored, only thruster location is used.
Engine orientation ignored, only thruster orientation is used.
Engine location ignored, only thruster location is used.
Engine orientation ignored, only thruster orientation is used.
Engine location ignored, only thruster location is used.
Engine orientation ignored, only thruster orientation is used.
Engine location ignored, only thruster location is used.
Engine orientation ignored, only thruster orientation is used.
Engine location ignored, only thruster location is used.
Engine orientation ignored, only thruster orientation is used.
Engine location ignored, only thruster location is used.
Engine orientation ignored, only thruster orientation is used.
Engine location ignored, only thruster location is used.
Engine orientation ignored, only thruster orientation is used.
Engine location ignored, only thruster location is used.
Engine orientation ignored, only thruster orientation is used.
Engine location ignored, only thruster location is used.
Engine orientation ignored, only thruster orientation is used.
Engine location ignored, only thruster location is used.
Engine orientation ignored, only thruster orientation is used.
Engine location ignored, only thruster location is used.
Engine orientation ignored, only thruster orientation is used.
Engine location ignored, only thruster location is used.
Engine orientation ignored, only thruster orientation is used.
Engine location ignored, only thruster location is used.
Engine orientation ignored, only thruster orientation is used.
Engine location ignored, only thruster location is used.
Engine orientation ignored, only thruster orientation is used.
Engine location ignored, only thruster location is used.
Engine orientation ignored, only thruster orientation is used.
Engine location ignored, only thruster location is used.
Engine orientation ignored, only thruster orientation is used.
Engine location ignored, only thruster location is used.
Engine orientation ignored, only thruster orientation is used.
Engine location ignored, only thruster location is used.
Engine orientation ignored, only thruster orientation is used.
Engine location ignored, only thruster location is used.
Engine orientation ignored, only thruster orientation is used.
Engine location ignored, only thruster location is used.
Engine orientation ignored, only thruster orientation is used.
Engine location ignored, only thruster location is used.
Engine orientation ignored, only thruster orientation is used.
Engine location ignored, only thruster location is used.
Engine orientation ignored, only thruster orientation is used.
Engine location ignored, only thruster location is used.
Engine orientation ignored, only thruster orientation is used.
Engine location ignored, only thruster location is used.
Engine orientation ignored, only thruster orientation is used.
Engine location ignored, only thruster location is used.
Engine orientation ignored, only thruster orientation is used.
Engine location ignored, only thruster location is used.
Engine orientation ignored, only thruster orientation is used.
⚠ 취약점 C1_TwoCircleRate_03/red 상대개입 t0=30 level → 챔프 Δ-2.1 health_zero@57s
Engine location ignored, only thruster location is used.
Engine orientation ignored, only thruster orientation is used.
Engine location ignored, only thruster location is used.
Engine orientation ignored, only thruster orientation is used.
Engine location ignored, only thruster location is used.
Engine orientation ignored, only thruster orientation is used.
Engine location ignored, only thruster location is used.
Engine orientation ignored, only thruster orientation is used.
Engine location ignored, only thruster location is used.
Engine orientation ignored, only thruster orientation is used.
Engine location ignored, only thruster location is used.
Engine orientation ignored, only thruster orientation is used.
Engine location ignored, only thruster location is used.
Engine orientation ignored, only thruster orientation is used.
Engine location ignored, only thruster location is used.
Engine orientation ignored, only thruster orientation is used.
Engine location ignored, only thruster location is used.
Engine orientation ignored, only thruster orientation is used.
Engine location ignored, only thruster location is used.
Engine orientation ignored, only thruster orientation is used.
Engine location ignored, only thruster location is used.
Engine orientation ignored, only thruster orientation is used.
Engine location ignored, only thruster location is used.
Engine orientation ignored, only thruster orientation is used.
Engine location ignored, only thruster location is used.
Engine orientation ignored, only thruster orientation is used.
Engine location ignored, only thruster location is used.
Engine orientation ignored, only thruster orientation is used.
Engine location ignored, only thruster location is used.
Engine orientation ignored, only thruster orientation is used.
Engine location ignored, only thruster location is used.
Engine orientation ignored, only thruster orientation is used.
Engine location ignored, only thruster location is used.
Engine orientation ignored, only thruster orientation is used.
Engine location ignored, only thruster location is used.
Engine orientation ignored, only thruster orientation is used.
Engine location ignored, only thruster location is used.
Engine orientation ignored, only thruster orientation is used.
Engine location ignored, only thruster location is used.
Engine orientation ignored, only thruster orientation is used.
Engine location ignored, only thruster location is used.
Engine orientation ignored, only thruster orientation is used.
Engine location ignored, only thruster location is used.
Engine orientation ignored, only thruster orientation is used.
Engine location ignored, only thruster location is used.
Engine orientation ignored, only thruster orientation is used.
Engine location ignored, only thruster location is used.
Engine orientation ignored, only thruster orientation is used.
Engine location ignored, only thruster location is used.
Engine orientation ignored, only thruster orientation is used.
Engine location ignored, only thruster location is used.
Engine orientation ignored, only thruster orientation is used.
Engine location ignored, only thruster location is used.
Engine orientation ignored, only thruster orientation is used.
Engine location ignored, only thruster location is used.
Engine orientation ignored, only thruster orientation is used.
Engine location ignored, only thruster location is used.
Engine orientation ignored, only thruster orientation is used.
Engine location ignored, only thruster location is used.
Engine orientation ignored, only thruster orientation is used.
Engine location ignored, only thruster location is used.
Engine orientation ignored, only thruster orientation is used.
Engine location ignored, only thruster location is used.
Engine orientation ignored, only thruster orientation is used.
Engine location ignored, only thruster location is used.
Engine orientation ignored, only thruster orientation is used.
Engine location ignored, only thruster location is used.
Engine orientation ignored, only thruster orientation is used.
Engine location ignored, only thruster location is used.
Engine orientation ignored, only thruster orientation is used.
Engine location ignored, only thruster location is used.
Engine orientation ignored, only thruster orientation is used.
Engine location ignored, only thruster location is used.
Engine orientation ignored, only thruster orientation is used.
Engine location ignored, only thruster location is used.
Engine orientation ignored, only thruster orientation is used.
◆ C1_TwoCircleRate_03/red 상대개입 72회 중 챔프 패·무 12회
Engine location ignored, only thruster location is used.
Engine orientation ignored, only thruster orientation is used.
Engine location ignored, only thruster location is used.
Engine orientation ignored, only thruster orientation is used.
Engine location ignored, only thruster location is used.
Engine orientation ignored, only thruster orientation is used.
Engine location ignored, only thruster location is used.
Engine orientation ignored, only thruster orientation is used.
Engine location ignored, only thruster location is used.
Engine orientation ignored, only thruster orientation is used.
Engine location ignored, only thruster location is used.
Engine orientation ignored, only thruster orientation is used.
Engine location ignored, only thruster location is used.
Engine orientation ignored, only thruster orientation is used.
Engine location ignored, only thruster location is used.
Engine orientation ignored, only thruster orientation is used.
Engine location ignored, only thruster location is used.
Engine orientation ignored, only thruster orientation is used.
Engine location ignored, only thruster location is used.
Engine orientation ignored, only thruster orientation is used.
Engine location ignored, only thruster location is used.
Engine orientation ignored, only thruster orientation is used.
Engine location ignored, only thruster location is used.
Engine orientation ignored, only thruster orientation is used.
Engine location ignored, only thruster location is used.
Engine orientation ignored, only thruster orientation is used.
Engine location ignored, only thruster location is used.
Engine orientation ignored, only thruster orientation is used.
Engine location ignored, only thruster location is used.
Engine orientation ignored, only thruster orientation is used.
Engine location ignored, only thruster location is used.
Engine orientation ignored, only thruster orientation is used.
Engine location ignored, only thruster location is used.
Engine orientation ignored, only thruster orientation is used.
Engine location ignored, only thruster location is used.
Engine orientation ignored, only thruster orientation is used.
Engine location ignored, only thruster location is used.
Engine orientation ignored, only thruster orientation is used.
Engine location ignored, only thruster location is used.
Engine orientation ignored, only thruster orientation is used.
⚠ 취약점 C3_Lufbery_04/red 상대개입 t0=12 climb → 챔프 Δ-8.2 health_zero@63s
Engine location ignored, only thruster location is used.
Engine orientation ignored, only thruster orientation is used.
Engine location ignored, only thruster location is used.
Engine orientation ignored, only thruster orientation is used.
⚠ 취약점 C3_Lufbery_04/red 상대개입 t0=12 dive → 챔프 Δ+0.0 timeout@300s
Engine location ignored, only thruster location is used.
Engine orientation ignored, only thruster orientation is used.
Engine location ignored, only thruster location is used.
Engine orientation ignored, only thruster orientation is used.
⚠ 취약점 C3_Lufbery_04/red 상대개입 t0=12 break → 챔프 Δ-47.7 health_zero@80s
Engine location ignored, only thruster location is used.
Engine orientation ignored, only thruster orientation is used.
Engine location ignored, only thruster location is used.
Engine orientation ignored, only thruster orientation is used.
Engine location ignored, only thruster location is used.
Engine orientation ignored, only thruster orientation is used.
Engine location ignored, only thruster location is used.
Engine orientation ignored, only thruster orientation is used.
⚠ 취약점 C3_Lufbery_04/red 상대개입 t0=12 gun → 챔프 Δ-26.5 health_zero@63s
Engine location ignored, only thruster location is used.
Engine orientation ignored, only thruster orientation is used.
Engine location ignored, only thruster location is used.
Engine orientation ignored, only thruster orientation is used.
Engine location ignored, only thruster location is used.
Engine orientation ignored, only thruster orientation is used.
Engine location ignored, only thruster location is used.
Engine orientation ignored, only thruster orientation is used.
⚠ 취약점 C3_Lufbery_04/red 상대개입 t0=12 two_circle → 챔프 Δ-61.3 health_zero@57s
Engine location ignored, only thruster location is used.
Engine orientation ignored, only thruster orientation is used.
Engine location ignored, only thruster location is used.
Engine orientation ignored, only thruster orientation is used.
⚠ 취약점 C3_Lufbery_04/red 상대개입 t0=12 level → 챔프 Δ-33.3 timeout@300s
Engine location ignored, only thruster location is used.
Engine orientation ignored, only thruster orientation is used.
Engine location ignored, only thruster location is used.
Engine orientation ignored, only thruster orientation is used.
⚠ 취약점 C3_Lufbery_04/red 상대개입 t0=12 gun_pure → 챔프 Δ-27.4 health_zero@63s
Engine location ignored, only thruster location is used.
Engine orientation ignored, only thruster orientation is used.
Engine location ignored, only thruster location is used.
Engine orientation ignored, only thruster orientation is used.
Engine location ignored, only thruster location is used.
Engine orientation ignored, only thruster orientation is used.
Engine location ignored, only thruster location is used.
Engine orientation ignored, only thruster orientation is used.
Engine location ignored, only thruster location is used.
Engine orientation ignored, only thruster orientation is used.
Engine location ignored, only thruster location is used.
Engine orientation ignored, only thruster orientation is used.
⚠ 취약점 C3_Lufbery_04/red 상대개입 t0=16 break → 챔프 Δ-4.6 health_zero@63s
Engine location ignored, only thruster location is used.
Engine orientation ignored, only thruster orientation is used.
Engine location ignored, only thruster location is used.
Engine orientation ignored, only thruster orientation is used.
⚠ 취약점 C3_Lufbery_04/red 상대개입 t0=16 extend → 챔프 Δ-7.8 timeout@300s
Engine location ignored, only thruster location is used.
Engine orientation ignored, only thruster orientation is used.
Engine location ignored, only thruster location is used.
Engine orientation ignored, only thruster orientation is used.
⚠ 취약점 C3_Lufbery_04/red 상대개입 t0=16 gun → 챔프 Δ-24.6 health_zero@37s
Engine location ignored, only thruster location is used.
Engine orientation ignored, only thruster orientation is used.
Engine location ignored, only thruster location is used.
Engine orientation ignored, only thruster orientation is used.
Engine location ignored, only thruster location is used.
Engine orientation ignored, only thruster orientation is used.
Engine location ignored, only thruster location is used.
Engine orientation ignored, only thruster orientation is used.
⚠ 취약점 C3_Lufbery_04/red 상대개입 t0=16 two_circle → 챔프 Δ-39.2 health_zero@40s
Engine location ignored, only thruster location is used.
Engine orientation ignored, only thruster orientation is used.
Engine location ignored, only thruster location is used.
Engine orientation ignored, only thruster orientation is used.
⚠ 취약점 C3_Lufbery_04/red 상대개입 t0=16 level → 챔프 Δ-9.2 health_zero@35s
Engine location ignored, only thruster location is used.
Engine orientation ignored, only thruster orientation is used.
Engine location ignored, only thruster location is used.
Engine orientation ignored, only thruster orientation is used.
⚠ 취약점 C3_Lufbery_04/red 상대개입 t0=16 gun_pure → 챔프 Δ+20.3 stall@205s
Engine location ignored, only thruster location is used.
Engine orientation ignored, only thruster orientation is used.
Engine location ignored, only thruster location is used.
Engine orientation ignored, only thruster orientation is used.
Engine location ignored, only thruster location is used.
Engine orientation ignored, only thruster orientation is used.
Engine location ignored, only thruster location is used.
Engine orientation ignored, only thruster orientation is used.
Engine location ignored, only thruster location is used.
Engine orientation ignored, only thruster orientation is used.
Engine location ignored, only thruster location is used.
Engine orientation ignored, only thruster orientation is used.
Engine location ignored, only thruster location is used.
Engine orientation ignored, only thruster orientation is used.
Engine location ignored, only thruster location is used.
Engine orientation ignored, only thruster orientation is used.
Engine location ignored, only thruster location is used.
Engine orientation ignored, only thruster orientation is used.
Engine location ignored, only thruster location is used.
Engine orientation ignored, only thruster orientation is used.
⚠ 취약점 C3_Lufbery_04/red 상대개입 t0=20 gun → 챔프 Δ-57.0 health_zero@60s
Engine location ignored, only thruster location is used.
Engine orientation ignored, only thruster orientation is used.
Engine location ignored, only thruster location is used.
Engine orientation ignored, only thruster orientation is used.
⚠ 취약점 C3_Lufbery_04/red 상대개입 t0=20 lag → 챔프 Δ-15.6 health_zero@77s
Engine location ignored, only thruster location is used.
Engine orientation ignored, only thruster orientation is used.
Engine location ignored, only thruster location is used.
Engine orientation ignored, only thruster orientation is used.
Engine location ignored, only thruster location is used.
Engine orientation ignored, only thruster orientation is used.
Engine location ignored, only thruster location is used.
Engine orientation ignored, only thruster orientation is used.
⚠ 취약점 C3_Lufbery_04/red 상대개입 t0=20 level → 챔프 Δ-40.8 health_zero@62s
Engine location ignored, only thruster location is used.
Engine orientation ignored, only thruster orientation is used.
Engine location ignored, only thruster location is used.
Engine orientation ignored, only thruster orientation is used.
⚠ 취약점 C3_Lufbery_04/red 상대개입 t0=20 gun_pure → 챔프 Δ-57.2 health_zero@110s
Engine location ignored, only thruster location is used.
Engine orientation ignored, only thruster orientation is used.
Engine location ignored, only thruster location is used.
Engine orientation ignored, only thruster orientation is used.
Engine location ignored, only thruster location is used.
Engine orientation ignored, only thruster orientation is used.
Engine location ignored, only thruster location is used.
Engine orientation ignored, only thruster orientation is used.
Engine location ignored, only thruster location is used.
Engine orientation ignored, only thruster orientation is used.
Engine location ignored, only thruster location is used.
Engine orientation ignored, only thruster orientation is used.
Engine location ignored, only thruster location is used.
Engine orientation ignored, only thruster orientation is used.
Engine location ignored, only thruster location is used.
Engine orientation ignored, only thruster orientation is used.
Engine location ignored, only thruster location is used.
Engine orientation ignored, only thruster orientation is used.
Engine location ignored, only thruster location is used.
Engine orientation ignored, only thruster orientation is used.
Engine location ignored, only thruster location is used.
Engine orientation ignored, only thruster orientation is used.
Engine location ignored, only thruster location is used.
Engine orientation ignored, only thruster orientation is used.
Engine location ignored, only thruster location is used.
Engine orientation ignored, only thruster orientation is used.
Engine location ignored, only thruster location is used.
Engine orientation ignored, only thruster orientation is used.
Engine location ignored, only thruster location is used.
Engine orientation ignored, only thruster orientation is used.
Engine location ignored, only thruster location is used.
Engine orientation ignored, only thruster orientation is used.
Engine location ignored, only thruster location is used.
Engine orientation ignored, only thruster orientation is used.
Engine location ignored, only thruster location is used.
Engine orientation ignored, only thruster orientation is used.
Engine location ignored, only thruster location is used.
Engine orientation ignored, only thruster orientation is used.
Engine location ignored, only thruster location is used.
Engine orientation ignored, only thruster orientation is used.
Engine location ignored, only thruster location is used.
Engine orientation ignored, only thruster orientation is used.
Engine location ignored, only thruster location is used.
Engine orientation ignored, only thruster orientation is used.
Engine location ignored, only thruster location is used.
Engine orientation ignored, only thruster orientation is used.
Engine location ignored, only thruster location is used.
Engine orientation ignored, only thruster orientation is used.
Engine location ignored, only thruster location is used.
Engine orientation ignored, only thruster orientation is used.
Engine location ignored, only thruster location is used.
Engine orientation ignored, only thruster orientation is used.
Engine location ignored, only thruster location is used.
Engine orientation ignored, only thruster orientation is used.
Engine location ignored, only thruster location is used.
Engine orientation ignored, only thruster orientation is used.
Engine location ignored, only thruster location is used.
Engine orientation ignored, only thruster orientation is used.
Engine location ignored, only thruster location is used.
Engine orientation ignored, only thruster orientation is used.
Engine location ignored, only thruster location is used.
Engine orientation ignored, only thruster orientation is used.
Engine location ignored, only thruster location is used.
Engine orientation ignored, only thruster orientation is used.
Engine location ignored, only thruster location is used.
Engine orientation ignored, only thruster orientation is used.
Engine location ignored, only thruster location is used.
Engine orientation ignored, only thruster orientation is used.
Engine location ignored, only thruster location is used.
Engine orientation ignored, only thruster orientation is used.
Engine location ignored, only thruster location is used.
Engine orientation ignored, only thruster orientation is used.
Engine location ignored, only thruster location is used.
Engine orientation ignored, only thruster orientation is used.
Engine location ignored, only thruster location is used.
Engine orientation ignored, only thruster orientation is used.
Engine location ignored, only thruster location is used.
Engine orientation ignored, only thruster orientation is used.
Engine location ignored, only thruster location is used.
Engine orientation ignored, only thruster orientation is used.
Engine location ignored, only thruster location is used.
Engine orientation ignored, only thruster orientation is used.
Engine location ignored, only thruster location is used.
Engine orientation ignored, only thruster orientation is used.
Engine location ignored, only thruster location is used.
Engine orientation ignored, only thruster orientation is used.
Engine location ignored, only thruster location is used.
Engine orientation ignored, only thruster orientation is used.
Engine location ignored, only thruster location is used.
Engine orientation ignored, only thruster orientation is used.
Engine location ignored, only thruster location is used.
Engine orientation ignored, only thruster orientation is used.
Engine location ignored, only thruster location is used.
Engine orientation ignored, only thruster orientation is used.
Engine location ignored, only thruster location is used.
Engine orientation ignored, only thruster orientation is used.
Engine location ignored, only thruster location is used.
Engine orientation ignored, only thruster orientation is used.
Engine location ignored, only thruster location is used.
Engine orientation ignored, only thruster orientation is used.
Engine location ignored, only thruster location is used.
Engine orientation ignored, only thruster orientation is used.
Engine location ignored, only thruster location is used.
Engine orientation ignored, only thruster orientation is used.
Engine location ignored, only thruster location is used.
Engine orientation ignored, only thruster orientation is used.
Engine location ignored, only thruster location is used.
Engine orientation ignored, only thruster orientation is used.
Engine location ignored, only thruster location is used.
Engine orientation ignored, only thruster orientation is used.
Engine location ignored, only thruster location is used.
Engine orientation ignored, only thruster orientation is used.
Engine location ignored, only thruster location is used.
Engine orientation ignored, only thruster orientation is used.
Engine location ignored, only thruster location is used.
Engine orientation ignored, only thruster orientation is used.
Engine location ignored, only thruster location is used.
Engine orientation ignored, only thruster orientation is used.
Engine location ignored, only thruster location is used.
Engine orientation ignored, only thruster orientation is used.
Engine location ignored, only thruster location is used.
Engine orientation ignored, only thruster orientation is used.
Engine location ignored, only thruster location is used.
Engine orientation ignored, only thruster orientation is used.
Engine location ignored, only thruster location is used.
Engine orientation ignored, only thruster orientation is used.
Engine location ignored, only thruster location is used.
Engine orientation ignored, only thruster orientation is used.
Engine location ignored, only thruster location is used.
Engine orientation ignored, only thruster orientation is used.
Engine location ignored, only thruster location is used.
Engine orientation ignored, only thruster orientation is used.
Engine location ignored, only thruster location is used.
Engine orientation ignored, only thruster orientation is used.
Engine location ignored, only thruster location is used.
Engine orientation ignored, only thruster orientation is used.
Engine location ignored, only thruster location is used.
Engine orientation ignored, only thruster orientation is used.
Engine location ignored, only thruster location is used.
Engine orientation ignored, only thruster orientation is used.
Engine location ignored, only thruster location is used.
Engine orientation ignored, only thruster orientation is used.
Engine location ignored, only thruster location is used.
Engine orientation ignored, only thruster orientation is used.
◆ C3_Lufbery_04/red 상대개입 72회 중 챔프 패·무 17회
Engine location ignored, only thruster location is used.
Engine orientation ignored, only thruster orientation is used.
Engine location ignored, only thruster location is used.
Engine orientation ignored, only thruster orientation is used.
Engine location ignored, only thruster location is used.
Engine orientation ignored, only thruster orientation is used.
Engine location ignored, only thruster location is used.
Engine orientation ignored, only thruster orientation is used.
Engine location ignored, only thruster location is used.
Engine orientation ignored, only thruster orientation is used.
Engine location ignored, only thruster location is used.
Engine orientation ignored, only thruster orientation is used.
Engine location ignored, only thruster location is used.
Engine orientation ignored, only thruster orientation is used.
Engine location ignored, only thruster location is used.
Engine orientation ignored, only thruster orientation is used.
Engine location ignored, only thruster location is used.
Engine orientation ignored, only thruster orientation is used.
Engine location ignored, only thruster location is used.
Engine orientation ignored, only thruster orientation is used.
Engine location ignored, only thruster location is used.
Engine orientation ignored, only thruster orientation is used.
Engine location ignored, only thruster location is used.
Engine orientation ignored, only thruster orientation is used.
Engine location ignored, only thruster location is used.
Engine orientation ignored, only thruster orientation is used.
Engine location ignored, only thruster location is used.
Engine orientation ignored, only thruster orientation is used.
Engine location ignored, only thruster location is used.
Engine orientation ignored, only thruster orientation is used.
Engine location ignored, only thruster location is used.
Engine orientation ignored, only thruster orientation is used.
Engine location ignored, only thruster location is used.
Engine orientation ignored, only thruster orientation is used.
Engine location ignored, only thruster location is used.
Engine orientation ignored, only thruster orientation is used.
Engine location ignored, only thruster location is used.
Engine orientation ignored, only thruster orientation is used.
Engine location ignored, only thruster location is used.
Engine orientation ignored, only thruster orientation is used.
Engine location ignored, only thruster location is used.
Engine orientation ignored, only thruster orientation is used.
Engine location ignored, only thruster location is used.
Engine orientation ignored, only thruster orientation is used.
Engine location ignored, only thruster location is used.
Engine orientation ignored, only thruster orientation is used.
Engine location ignored, only thruster location is used.
Engine orientation ignored, only thruster orientation is used.
Engine location ignored, only thruster location is used.
Engine orientation ignored, only thruster orientation is used.
Engine location ignored, only thruster location is used.
Engine orientation ignored, only thruster orientation is used.
Engine location ignored, only thruster location is used.
Engine orientation ignored, only thruster orientation is used.
Engine location ignored, only thruster location is used.
Engine orientation ignored, only thruster orientation is used.
Engine location ignored, only thruster location is used.
Engine orientation ignored, only thruster orientation is used.
Engine location ignored, only thruster location is used.
Engine orientation ignored, only thruster orientation is used.
Engine location ignored, only thruster location is used.
Engine orientation ignored, only thruster orientation is used.
Engine location ignored, only thruster location is used.
Engine orientation ignored, only thruster orientation is used.
Engine location ignored, only thruster location is used.
Engine orientation ignored, only thruster orientation is used.
Engine location ignored, only thruster location is used.
Engine orientation ignored, only thruster orientation is used.
Engine location ignored, only thruster location is used.
Engine orientation ignored, only thruster orientation is used.
Engine location ignored, only thruster location is used.
Engine orientation ignored, only thruster orientation is used.
Engine location ignored, only thruster location is used.
Engine orientation ignored, only thruster orientation is used.
Engine location ignored, only thruster location is used.
Engine orientation ignored, only thruster orientation is used.
Engine location ignored, only thruster location is used.
Engine orientation ignored, only thruster orientation is used.
Engine location ignored, only thruster location is used.
Engine orientation ignored, only thruster orientation is used.
Engine location ignored, only thruster location is used.
Engine orientation ignored, only thruster orientation is used.
Engine location ignored, only thruster location is used.
Engine orientation ignored, only thruster orientation is used.
Engine location ignored, only thruster location is used.
Engine orientation ignored, only thruster orientation is used.
Engine location ignored, only thruster location is used.
Engine orientation ignored, only thruster orientation is used.
Engine location ignored, only thruster location is used.
Engine orientation ignored, only thruster orientation is used.
Engine location ignored, only thruster location is used.
Engine orientation ignored, only thruster orientation is used.
Engine location ignored, only thruster location is used.
Engine orientation ignored, only thruster orientation is used.
Engine location ignored, only thruster location is used.
Engine orientation ignored, only thruster orientation is used.
Engine location ignored, only thruster location is used.
Engine orientation ignored, only thruster orientation is used.
Engine location ignored, only thruster location is used.
Engine orientation ignored, only thruster orientation is used.
Engine location ignored, only thruster location is used.
Engine orientation ignored, only thruster orientation is used.
Engine location ignored, only thruster location is used.
Engine orientation ignored, only thruster orientation is used.
Engine location ignored, only thruster location is used.
Engine orientation ignored, only thruster orientation is used.
Engine location ignored, only thruster location is used.
Engine orientation ignored, only thruster orientation is used.
Engine location ignored, only thruster location is used.
Engine orientation ignored, only thruster orientation is used.
Engine location ignored, only thruster location is used.
Engine orientation ignored, only thruster orientation is used.
Engine location ignored, only thruster location is used.
Engine orientation ignored, only thruster orientation is used.
Engine location ignored, only thruster location is used.
Engine orientation ignored, only thruster orientation is used.
⚠ 취약점 D2_LastDitch_03/red 상대개입 t0=20 dive → 챔프 Δ-14.3 health_zero@34s
Engine location ignored, only thruster location is used.
Engine orientation ignored, only thruster orientation is used.
Engine location ignored, only thruster location is used.
Engine orientation ignored, only thruster orientation is used.
⚠ 취약점 D2_LastDitch_03/red 상대개입 t0=20 break → 챔프 Δ-9.5 health_zero@108s
Engine location ignored, only thruster location is used.
Engine orientation ignored, only thruster orientation is used.
Engine location ignored, only thruster location is used.
Engine orientation ignored, only thruster orientation is used.
⚠ 취약점 D2_LastDitch_03/red 상대개입 t0=20 extend → 챔프 Δ-13.4 health_zero@44s
Engine location ignored, only thruster location is used.
Engine orientation ignored, only thruster orientation is used.
Engine location ignored, only thruster location is used.
Engine orientation ignored, only thruster orientation is used.
Engine location ignored, only thruster location is used.
Engine orientation ignored, only thruster orientation is used.
Engine location ignored, only thruster location is used.
Engine orientation ignored, only thruster orientation is used.
Engine location ignored, only thruster location is used.
Engine orientation ignored, only thruster orientation is used.
Engine location ignored, only thruster location is used.
Engine orientation ignored, only thruster orientation is used.
Engine location ignored, only thruster location is used.
Engine orientation ignored, only thruster orientation is used.
Engine location ignored, only thruster location is used.
Engine orientation ignored, only thruster orientation is used.
Engine location ignored, only thruster location is used.
Engine orientation ignored, only thruster orientation is used.
Engine location ignored, only thruster location is used.
Engine orientation ignored, only thruster orientation is used.
Engine location ignored, only thruster location is used.
Engine orientation ignored, only thruster orientation is used.
Engine location ignored, only thruster location is used.
Engine orientation ignored, only thruster orientation is used.
Engine location ignored, only thruster location is used.
Engine orientation ignored, only thruster orientation is used.
Engine location ignored, only thruster location is used.
Engine orientation ignored, only thruster orientation is used.
Engine location ignored, only thruster location is used.
Engine orientation ignored, only thruster orientation is used.
Engine location ignored, only thruster location is used.
Engine orientation ignored, only thruster orientation is used.
Engine location ignored, only thruster location is used.
Engine orientation ignored, only thruster orientation is used.
Engine location ignored, only thruster location is used.
Engine orientation ignored, only thruster orientation is used.
Engine location ignored, only thruster location is used.
Engine orientation ignored, only thruster orientation is used.
Engine location ignored, only thruster location is used.
Engine orientation ignored, only thruster orientation is used.
Engine location ignored, only thruster location is used.
Engine orientation ignored, only thruster orientation is used.
Engine location ignored, only thruster location is used.
Engine orientation ignored, only thruster orientation is used.
Engine location ignored, only thruster location is used.
Engine orientation ignored, only thruster orientation is used.
Engine location ignored, only thruster location is used.
Engine orientation ignored, only thruster orientation is used.
Engine location ignored, only thruster location is used.
Engine orientation ignored, only thruster orientation is used.
Engine location ignored, only thruster location is used.
Engine orientation ignored, only thruster orientation is used.
Engine location ignored, only thruster location is used.
Engine orientation ignored, only thruster orientation is used.
Engine location ignored, only thruster location is used.
Engine orientation ignored, only thruster orientation is used.
Engine location ignored, only thruster location is used.
Engine orientation ignored, only thruster orientation is used.
Engine location ignored, only thruster location is used.
Engine orientation ignored, only thruster orientation is used.
Engine location ignored, only thruster location is used.
Engine orientation ignored, only thruster orientation is used.
Engine location ignored, only thruster location is used.
Engine orientation ignored, only thruster orientation is used.
Engine location ignored, only thruster location is used.
Engine orientation ignored, only thruster orientation is used.
Engine location ignored, only thruster location is used.
Engine orientation ignored, only thruster orientation is used.
Engine location ignored, only thruster location is used.
Engine orientation ignored, only thruster orientation is used.
Engine location ignored, only thruster location is used.
Engine orientation ignored, only thruster orientation is used.
Engine location ignored, only thruster location is used.
Engine orientation ignored, only thruster orientation is used.
Engine location ignored, only thruster location is used.
Engine orientation ignored, only thruster orientation is used.
⚠ 취약점 D2_LastDitch_03/red 상대개입 t0=30 gun → 챔프 Δ-0.7 health_zero@176s
Engine location ignored, only thruster location is used.
Engine orientation ignored, only thruster orientation is used.
Engine location ignored, only thruster location is used.
Engine orientation ignored, only thruster orientation is used.
Engine location ignored, only thruster location is used.
Engine orientation ignored, only thruster orientation is used.
Engine location ignored, only thruster location is used.
Engine orientation ignored, only thruster orientation is used.
Engine location ignored, only thruster location is used.
Engine orientation ignored, only thruster orientation is used.
Engine location ignored, only thruster location is used.
Engine orientation ignored, only thruster orientation is used.
Engine location ignored, only thruster location is used.
Engine orientation ignored, only thruster orientation is used.
Engine location ignored, only thruster location is used.
Engine orientation ignored, only thruster orientation is used.
Engine location ignored, only thruster location is used.
Engine orientation ignored, only thruster orientation is used.
Engine location ignored, only thruster location is used.
Engine orientation ignored, only thruster orientation is used.
Engine location ignored, only thruster location is used.
Engine orientation ignored, only thruster orientation is used.
Engine location ignored, only thruster location is used.
Engine orientation ignored, only thruster orientation is used.
Engine location ignored, only thruster location is used.
Engine orientation ignored, only thruster orientation is used.
Engine location ignored, only thruster location is used.
Engine orientation ignored, only thruster orientation is used.
Engine location ignored, only thruster location is used.
Engine orientation ignored, only thruster orientation is used.
Engine location ignored, only thruster location is used.
Engine orientation ignored, only thruster orientation is used.
Engine location ignored, only thruster location is used.
Engine orientation ignored, only thruster orientation is used.
Engine location ignored, only thruster location is used.
Engine orientation ignored, only thruster orientation is used.
Engine location ignored, only thruster location is used.
Engine orientation ignored, only thruster orientation is used.
Engine location ignored, only thruster location is used.
Engine orientation ignored, only thruster orientation is used.
Engine location ignored, only thruster location is used.
Engine orientation ignored, only thruster orientation is used.
Engine location ignored, only thruster location is used.
Engine orientation ignored, only thruster orientation is used.
Engine location ignored, only thruster location is used.
Engine orientation ignored, only thruster orientation is used.
Engine location ignored, only thruster location is used.
Engine orientation ignored, only thruster orientation is used.
Engine location ignored, only thruster location is used.
Engine orientation ignored, only thruster orientation is used.
Engine location ignored, only thruster location is used.
Engine orientation ignored, only thruster orientation is used.
Engine location ignored, only thruster location is used.
Engine orientation ignored, only thruster orientation is used.
Engine location ignored, only thruster location is used.
Engine orientation ignored, only thruster orientation is used.
Engine location ignored, only thruster location is used.
Engine orientation ignored, only thruster orientation is used.
Engine location ignored, only thruster location is used.
Engine orientation ignored, only thruster orientation is used.
Engine location ignored, only thruster location is used.
Engine orientation ignored, only thruster orientation is used.
Engine location ignored, only thruster location is used.
Engine orientation ignored, only thruster orientation is used.
Engine location ignored, only thruster location is used.
Engine orientation ignored, only thruster orientation is used.
Engine location ignored, only thruster location is used.
Engine orientation ignored, only thruster orientation is used.
Engine location ignored, only thruster location is used.
Engine orientation ignored, only thruster orientation is used.
Engine location ignored, only thruster location is used.
Engine orientation ignored, only thruster orientation is used.
Engine location ignored, only thruster location is used.
Engine orientation ignored, only thruster orientation is used.
Engine location ignored, only thruster location is used.
Engine orientation ignored, only thruster orientation is used.
Engine location ignored, only thruster location is used.
Engine orientation ignored, only thruster orientation is used.
Engine location ignored, only thruster location is used.
Engine orientation ignored, only thruster orientation is used.
Engine location ignored, only thruster location is used.
Engine orientation ignored, only thruster orientation is used.
Engine location ignored, only thruster location is used.
Engine orientation ignored, only thruster orientation is used.
Engine location ignored, only thruster location is used.
Engine orientation ignored, only thruster orientation is used.
Engine location ignored, only thruster location is used.
Engine orientation ignored, only thruster orientation is used.
◆ D2_LastDitch_03/red 상대개입 72회 중 챔프 패·무 4회
Engine location ignored, only thruster location is used.
Engine orientation ignored, only thruster orientation is used.
Engine location ignored, only thruster location is used.
Engine orientation ignored, only thruster orientation is used.
Engine location ignored, only thruster location is used.
Engine orientation ignored, only thruster orientation is used.
Engine location ignored, only thruster location is used.
Engine orientation ignored, only thruster orientation is used.
⚠ 취약점 E1_AdaptiveAce_06/red 상대개입 t0=8 dive → 챔프 Δ-23.5 health_zero@35s
Engine location ignored, only thruster location is used.
Engine orientation ignored, only thruster orientation is used.
Engine location ignored, only thruster location is used.
Engine orientation ignored, only thruster orientation is used.
Engine location ignored, only thruster location is used.
Engine orientation ignored, only thruster orientation is used.
Engine location ignored, only thruster location is used.
Engine orientation ignored, only thruster orientation is used.
Engine location ignored, only thruster location is used.
Engine orientation ignored, only thruster orientation is used.
Engine location ignored, only thruster location is used.
Engine orientation ignored, only thruster orientation is used.
Engine location ignored, only thruster location is used.
Engine orientation ignored, only thruster orientation is used.
Engine location ignored, only thruster location is used.
Engine orientation ignored, only thruster orientation is used.
Engine location ignored, only thruster location is used.
Engine orientation ignored, only thruster orientation is used.
Engine location ignored, only thruster location is used.
Engine orientation ignored, only thruster orientation is used.
Engine location ignored, only thruster location is used.
Engine orientation ignored, only thruster orientation is used.
Engine location ignored, only thruster location is used.
Engine orientation ignored, only thruster orientation is used.
Engine location ignored, only thruster location is used.
Engine orientation ignored, only thruster orientation is used.
Engine location ignored, only thruster location is used.
Engine orientation ignored, only thruster orientation is used.
Engine location ignored, only thruster location is used.
Engine orientation ignored, only thruster orientation is used.
Engine location ignored, only thruster location is used.
Engine orientation ignored, only thruster orientation is used.
Engine location ignored, only thruster location is used.
Engine orientation ignored, only thruster orientation is used.
Engine location ignored, only thruster location is used.
Engine orientation ignored, only thruster orientation is used.
⚠ 취약점 E1_AdaptiveAce_06/red 상대개입 t0=12 dive → 챔프 Δ+0.0 timeout@300s
Engine location ignored, only thruster location is used.
Engine orientation ignored, only thruster orientation is used.
Engine location ignored, only thruster location is used.
Engine orientation ignored, only thruster orientation is used.
Engine location ignored, only thruster location is used.
Engine orientation ignored, only thruster orientation is used.
Engine location ignored, only thruster location is used.
Engine orientation ignored, only thruster orientation is used.
Engine location ignored, only thruster location is used.
Engine orientation ignored, only thruster orientation is used.
Engine location ignored, only thruster location is used.
Engine orientation ignored, only thruster orientation is used.
⚠ 취약점 E1_AdaptiveAce_06/red 상대개입 t0=12 gun → 챔프 Δ-43.9 health_zero@36s
Engine location ignored, only thruster location is used.
Engine orientation ignored, only thruster orientation is used.
Engine location ignored, only thruster location is used.
Engine orientation ignored, only thruster orientation is used.
Engine location ignored, only thruster location is used.
Engine orientation ignored, only thruster orientation is used.
Engine location ignored, only thruster location is used.
Engine orientation ignored, only thruster orientation is used.
Engine location ignored, only thruster location is used.
Engine orientation ignored, only thruster orientation is used.
Engine location ignored, only thruster location is used.
Engine orientation ignored, only thruster orientation is used.
Engine location ignored, only thruster location is used.
Engine orientation ignored, only thruster orientation is used.
Engine location ignored, only thruster location is used.
Engine orientation ignored, only thruster orientation is used.
⚠ 취약점 E1_AdaptiveAce_06/red 상대개입 t0=12 gun_pure → 챔프 Δ-44.0 health_zero@36s
Engine location ignored, only thruster location is used.
Engine orientation ignored, only thruster orientation is used.
Engine location ignored, only thruster location is used.
Engine orientation ignored, only thruster orientation is used.
Engine location ignored, only thruster location is used.
Engine orientation ignored, only thruster orientation is used.
Engine location ignored, only thruster location is used.
Engine orientation ignored, only thruster orientation is used.
Engine location ignored, only thruster location is used.
Engine orientation ignored, only thruster orientation is used.
Engine location ignored, only thruster location is used.
Engine orientation ignored, only thruster orientation is used.
Engine location ignored, only thruster location is used.
Engine orientation ignored, only thruster orientation is used.
Engine location ignored, only thruster location is used.
Engine orientation ignored, only thruster orientation is used.
Engine location ignored, only thruster location is used.
Engine orientation ignored, only thruster orientation is used.
Engine location ignored, only thruster location is used.
Engine orientation ignored, only thruster orientation is used.
Engine location ignored, only thruster location is used.
Engine orientation ignored, only thruster orientation is used.
Engine location ignored, only thruster location is used.
Engine orientation ignored, only thruster orientation is used.
Engine location ignored, only thruster location is used.
Engine orientation ignored, only thruster orientation is used.
Engine location ignored, only thruster location is used.
Engine orientation ignored, only thruster orientation is used.
Engine location ignored, only thruster location is used.
Engine orientation ignored, only thruster orientation is used.
Engine location ignored, only thruster location is used.
Engine orientation ignored, only thruster orientation is used.
⚠ 취약점 E1_AdaptiveAce_06/red 상대개입 t0=16 level → 챔프 Δ-10.9 health_zero@59s
Engine location ignored, only thruster location is used.
Engine orientation ignored, only thruster orientation is used.
Engine location ignored, only thruster location is used.
Engine orientation ignored, only thruster orientation is used.
⚠ 취약점 E1_AdaptiveAce_06/red 상대개입 t0=16 gun_pure → 챔프 Δ-33.5 health_zero@145s
Engine location ignored, only thruster location is used.
Engine orientation ignored, only thruster orientation is used.
Engine location ignored, only thruster location is used.
Engine orientation ignored, only thruster orientation is used.
Engine location ignored, only thruster location is used.
Engine orientation ignored, only thruster orientation is used.
Engine location ignored, only thruster location is used.
Engine orientation ignored, only thruster orientation is used.
Engine location ignored, only thruster location is used.
Engine orientation ignored, only thruster orientation is used.
Engine location ignored, only thruster location is used.
Engine orientation ignored, only thruster orientation is used.
Engine location ignored, only thruster location is used.
Engine orientation ignored, only thruster orientation is used.
Engine location ignored, only thruster location is used.
Engine orientation ignored, only thruster orientation is used.
Engine location ignored, only thruster location is used.
Engine orientation ignored, only thruster orientation is used.
Engine location ignored, only thruster location is used.
Engine orientation ignored, only thruster orientation is used.
Engine location ignored, only thruster location is used.
Engine orientation ignored, only thruster orientation is used.
Engine location ignored, only thruster location is used.
Engine orientation ignored, only thruster orientation is used.
Engine location ignored, only thruster location is used.
Engine orientation ignored, only thruster orientation is used.
Engine location ignored, only thruster location is used.
Engine orientation ignored, only thruster orientation is used.
Engine location ignored, only thruster location is used.
Engine orientation ignored, only thruster orientation is used.
Engine location ignored, only thruster location is used.
Engine orientation ignored, only thruster orientation is used.
Engine location ignored, only thruster location is used.
Engine orientation ignored, only thruster orientation is used.
Engine location ignored, only thruster location is used.
Engine orientation ignored, only thruster orientation is used.
⚠ 취약점 E1_AdaptiveAce_06/red 상대개입 t0=20 gun_pure → 챔프 Δ-32.6 health_zero@94s
Engine location ignored, only thruster location is used.
Engine orientation ignored, only thruster orientation is used.
Engine location ignored, only thruster location is used.
Engine orientation ignored, only thruster orientation is used.
⚠ 취약점 E1_AdaptiveAce_06/red 상대개입 t0=24 climb → 챔프 Δ-37.4 health_zero@42s
Engine location ignored, only thruster location is used.
Engine orientation ignored, only thruster orientation is used.
Engine location ignored, only thruster location is used.
Engine orientation ignored, only thruster orientation is used.
Engine location ignored, only thruster location is used.
Engine orientation ignored, only thruster orientation is used.
Engine location ignored, only thruster location is used.
Engine orientation ignored, only thruster orientation is used.
⚠ 취약점 E1_AdaptiveAce_06/red 상대개입 t0=24 break → 챔프 Δ-38.1 health_zero@227s
Engine location ignored, only thruster location is used.
Engine orientation ignored, only thruster orientation is used.
Engine location ignored, only thruster location is used.
Engine orientation ignored, only thruster orientation is used.
Engine location ignored, only thruster location is used.
Engine orientation ignored, only thruster orientation is used.
Engine location ignored, only thruster location is used.
Engine orientation ignored, only thruster orientation is used.
Engine location ignored, only thruster location is used.
Engine orientation ignored, only thruster orientation is used.
Engine location ignored, only thruster location is used.
Engine orientation ignored, only thruster orientation is used.
⚠ 취약점 E1_AdaptiveAce_06/red 상대개입 t0=24 lag → 챔프 Δ-28.8 health_zero@100s
Engine location ignored, only thruster location is used.
Engine orientation ignored, only thruster orientation is used.
Engine location ignored, only thruster location is used.
Engine orientation ignored, only thruster orientation is used.
⚠ 취약점 E1_AdaptiveAce_06/red 상대개입 t0=24 two_circle → 챔프 Δ-29.7 health_zero@97s
Engine location ignored, only thruster location is used.
Engine orientation ignored, only thruster orientation is used.
Engine location ignored, only thruster location is used.
Engine orientation ignored, only thruster orientation is used.
Engine location ignored, only thruster location is used.
Engine orientation ignored, only thruster orientation is used.
Engine location ignored, only thruster location is used.
Engine orientation ignored, only thruster orientation is used.
Engine location ignored, only thruster location is used.
Engine orientation ignored, only thruster orientation is used.
Engine location ignored, only thruster location is used.
Engine orientation ignored, only thruster orientation is used.
Engine location ignored, only thruster location is used.
Engine orientation ignored, only thruster orientation is used.
Engine location ignored, only thruster location is used.
Engine orientation ignored, only thruster orientation is used.
Engine location ignored, only thruster location is used.
Engine orientation ignored, only thruster orientation is used.
Engine location ignored, only thruster location is used.
Engine orientation ignored, only thruster orientation is used.
Engine location ignored, only thruster location is used.
Engine orientation ignored, only thruster orientation is used.
Engine location ignored, only thruster location is used.
Engine orientation ignored, only thruster orientation is used.
Engine location ignored, only thruster location is used.
Engine orientation ignored, only thruster orientation is used.
Engine location ignored, only thruster location is used.
Engine orientation ignored, only thruster orientation is used.
Engine location ignored, only thruster location is used.
Engine orientation ignored, only thruster orientation is used.
Engine location ignored, only thruster location is used.
Engine orientation ignored, only thruster orientation is used.
Engine location ignored, only thruster location is used.
Engine orientation ignored, only thruster orientation is used.
Engine location ignored, only thruster location is used.
Engine orientation ignored, only thruster orientation is used.
Engine location ignored, only thruster location is used.
Engine orientation ignored, only thruster orientation is used.
Engine location ignored, only thruster location is used.
Engine orientation ignored, only thruster orientation is used.
⚠ 취약점 E1_AdaptiveAce_06/red 상대개입 t0=30 level → 챔프 Δ-37.9 health_zero@105s
Engine location ignored, only thruster location is used.
Engine orientation ignored, only thruster orientation is used.
Engine location ignored, only thruster location is used.
Engine orientation ignored, only thruster orientation is used.
Engine location ignored, only thruster location is used.
Engine orientation ignored, only thruster orientation is used.
Engine location ignored, only thruster location is used.
Engine orientation ignored, only thruster orientation is used.
Engine location ignored, only thruster location is used.
Engine orientation ignored, only thruster orientation is used.
Engine location ignored, only thruster location is used.
Engine orientation ignored, only thruster orientation is used.
Engine location ignored, only thruster location is used.
Engine orientation ignored, only thruster orientation is used.
Engine location ignored, only thruster location is used.
Engine orientation ignored, only thruster orientation is used.
⚠ 취약점 E1_AdaptiveAce_06/red 상대개입 t0=60 break → 챔프 Δ-23.4 timeout@300s
Engine location ignored, only thruster location is used.
Engine orientation ignored, only thruster orientation is used.
Engine location ignored, only thruster location is used.
Engine orientation ignored, only thruster orientation is used.
⚠ 취약점 E1_AdaptiveAce_06/red 상대개입 t0=60 extend → 챔프 Δ-21.0 timeout@300s
Engine location ignored, only thruster location is used.
Engine orientation ignored, only thruster orientation is used.
Engine location ignored, only thruster location is used.
Engine orientation ignored, only thruster orientation is used.
⚠ 취약점 E1_AdaptiveAce_06/red 상대개입 t0=60 gun → 챔프 Δ-8.6 timeout@300s
Engine location ignored, only thruster location is used.
Engine orientation ignored, only thruster orientation is used.
Engine location ignored, only thruster location is used.
Engine orientation ignored, only thruster orientation is used.
Engine location ignored, only thruster location is used.
Engine orientation ignored, only thruster orientation is used.
Engine location ignored, only thruster location is used.
Engine orientation ignored, only thruster orientation is used.
Engine location ignored, only thruster location is used.
Engine orientation ignored, only thruster orientation is used.
Engine location ignored, only thruster location is used.
Engine orientation ignored, only thruster orientation is used.
Engine location ignored, only thruster location is used.
Engine orientation ignored, only thruster orientation is used.
Engine location ignored, only thruster location is used.
Engine orientation ignored, only thruster orientation is used.
⚠ 취약점 E1_AdaptiveAce_06/red 상대개입 t0=60 gun_pure → 챔프 Δ-8.6 timeout@300s
Engine location ignored, only thruster location is used.
Engine orientation ignored, only thruster orientation is used.
Engine location ignored, only thruster location is used.
Engine orientation ignored, only thruster orientation is used.
⚠ 취약점 E1_AdaptiveAce_06/red 상대개입 t0=120 climb → 챔프 Δ-37.3 health_zero@160s
Engine location ignored, only thruster location is used.
Engine orientation ignored, only thruster orientation is used.
Engine location ignored, only thruster location is used.
Engine orientation ignored, only thruster orientation is used.
Engine location ignored, only thruster location is used.
Engine orientation ignored, only thruster orientation is used.
Engine location ignored, only thruster location is used.
Engine orientation ignored, only thruster orientation is used.
⚠ 취약점 E1_AdaptiveAce_06/red 상대개입 t0=120 break → 챔프 Δ+0.0 health_zero@228s
Engine location ignored, only thruster location is used.
Engine orientation ignored, only thruster orientation is used.
Engine location ignored, only thruster location is used.
Engine orientation ignored, only thruster orientation is used.
Engine location ignored, only thruster location is used.
Engine orientation ignored, only thruster orientation is used.
Engine location ignored, only thruster location is used.
Engine orientation ignored, only thruster orientation is used.
⚠ 취약점 E1_AdaptiveAce_06/red 상대개입 t0=120 gun → 챔프 Δ-37.3 health_zero@132s
Engine location ignored, only thruster location is used.
Engine orientation ignored, only thruster orientation is used.
Engine location ignored, only thruster location is used.
Engine orientation ignored, only thruster orientation is used.
Engine location ignored, only thruster location is used.
Engine orientation ignored, only thruster orientation is used.
Engine location ignored, only thruster location is used.
Engine orientation ignored, only thruster orientation is used.
⚠ 취약점 E1_AdaptiveAce_06/red 상대개입 t0=120 two_circle → 챔프 Δ-18.8 health_zero@220s
Engine location ignored, only thruster location is used.
Engine orientation ignored, only thruster orientation is used.
Engine location ignored, only thruster location is used.
Engine orientation ignored, only thruster orientation is used.
Engine location ignored, only thruster location is used.
Engine orientation ignored, only thruster orientation is used.
Engine location ignored, only thruster location is used.
Engine orientation ignored, only thruster orientation is used.
⚠ 취약점 E1_AdaptiveAce_06/red 상대개입 t0=120 gun_pure → 챔프 Δ-37.3 health_zero@132s
◆ E1_AdaptiveAce_06/red 상대개입 72회 중 챔프 패·무 21회
저장: C:\Users\USER\Desktop\AI-pilot\core2\port_measure\loop25_red\red_finalv3_3of4.csv
